pdb	status
101m	nonantibody_chain
102l	nonantibody_chain
102m	nonantibody_chain
103l	nonantibody_chain
103m	nonantibody_chain
104l	nonantibody_chain
104m	nonantibody_chain
105m	nonantibody_chain
106m	nonantibody_chain
107l	nonantibody_chain
107m	nonantibody_chain
108l	nonantibody_chain
108m	nonantibody_chain
109l	nonantibody_chain
109m	nonantibody_chain
10gs	nonantibody_chain
110l	nonantibody_chain
110m	nonantibody_chain
111l	nonantibody_chain
111m	nonantibody_chain
112l	nonantibody_chain
112m	nonantibody_chain
113l	nonantibody_chain
114l	nonantibody_chain
115l	nonantibody_chain
118l	nonantibody_chain
119l	nonantibody_chain
11as	nonantibody_chain
11ba	nonantibody_chain
11bg	nonantibody_chain
11gs	nonantibody_chain
120l	nonantibody_chain
121p	nonantibody_chain
122l	nonantibody_chain
123l	nonantibody_chain
125l	nonantibody_chain
126l	nonantibody_chain
127l	nonantibody_chain
128l	nonantibody_chain
129l	nonantibody_chain
12as	nonantibody_chain
12ca	nonantibody_chain
12e8	cdr_similar
12gs	nonantibody_chain
130l	nonantibody_chain
131l	nonantibody_chain
132l	nonantibody_chain
133l	nonantibody_chain
134l	nonantibody_chain
137l	nonantibody_chain
138l	nonantibody_chain
139l	nonantibody_chain
13gs	nonantibody_chain
140l	nonantibody_chain
141l	nonantibody_chain
142l	nonantibody_chain
143l	nonantibody_chain
144l	nonantibody_chain
145l	nonantibody_chain
146l	nonantibody_chain
147l	nonantibody_chain
149l	nonantibody_chain
14gs	nonantibody_chain
150l	nonantibody_chain
151l	nonantibody_chain
152l	nonantibody_chain
155c	nonantibody_chain
155l	nonantibody_chain
156l	nonantibody_chain
157l	nonantibody_chain
158l	nonantibody_chain
159l	nonantibody_chain
15c8	cdr_similar
160l	nonantibody_chain
161l	nonantibody_chain
162l	nonantibody_chain
163l	nonantibody_chain
164l	nonantibody_chain
165l	nonantibody_chain
166l	nonantibody_chain
167l	nonantibody_chain
168l	nonantibody_chain
169l	nonantibody_chain
16gs	nonantibody_chain
170l	nonantibody_chain
171l	nonantibody_chain
172l	nonantibody_chain
173l	nonantibody_chain
174l	nonantibody_chain
175l	nonantibody_chain
176l	nonantibody_chain
177l	nonantibody_chain
178l	nonantibody_chain
17gs	nonantibody_chain
180l	nonantibody_chain
181l	nonantibody_chain
182l	nonantibody_chain
183l	nonantibody_chain
184l	nonantibody_chain
185l	nonantibody_chain
186l	nonantibody_chain
187l	nonantibody_chain
188l	nonantibody_chain
189l	nonantibody_chain
18gs	nonantibody_chain
190l	nonantibody_chain
191l	nonantibody_chain
192l	nonantibody_chain
193l	nonantibody_chain
194l	nonantibody_chain
195l	nonantibody_chain
196l	nonantibody_chain
197l	nonantibody_chain
198l	nonantibody_chain
199l	nonantibody_chain
19gs	nonantibody_chain
1a00	nonantibody_chain
1a01	nonantibody_chain
1a06	nonantibody_chain
1a0h	nonantibody_chain
1a0j	nonantibody_chain
1a0l	nonantibody_chain
1a0m	nonantibody_chain
1a0q	cdr_similar
1a0r	nonantibody_chain
1a0u	nonantibody_chain
1a0z	nonantibody_chain
1a14	cdr_similar
1a15	nonantibody_chain
1a19	nonantibody_chain
1a1m	nonantibody_chain
1a1n	nonantibody_chain
1a1o	nonantibody_chain
1a21	nonantibody_chain
1a23	nonantibody_chain
1a29	nonantibody_chain
1a2b	nonantibody_chain
1a2c	nonantibody_chain
1a2k	nonantibody_chain
1a2q	nonantibody_chain
1a2t	nonantibody_chain
1a2u	nonantibody_chain
1a2w	nonantibody_chain
1a2x	nonantibody_chain
1a2y	nonantibody_chain
1a30	nonantibody_chain
1a33	nonantibody_chain
1a37	nonantibody_chain
1a38	nonantibody_chain
1a3b	nonantibody_chain
1a3e	nonantibody_chain
1a3l	cdr_similar
1a3n	nonantibody_chain
1a3o	nonantibody_chain
1a3p	nonantibody_chain
1a3r	cdr_untransferred
1a3s	nonantibody_chain
1a3t	nonantibody_chain
1a3u	nonantibody_chain
1a3v	nonantibody_chain
1a46	nonantibody_chain
1a4a	nonantibody_chain
1a4b	nonantibody_chain
1a4c	nonantibody_chain
1a4f	nonantibody_chain
1a4j	cdr_similar
1a4k	cdr_similar
1a4o	nonantibody_chain
1a4r	nonantibody_chain
1a4v	nonantibody_chain
1a4w	nonantibody_chain
1a58	nonantibody_chain
1a5f	cdr_similar
1a5g	nonantibody_chain
1a5h	nonantibody_chain
1a5i	nonantibody_chain
1a5p	nonantibody_chain
1a5q	nonantibody_chain
1a5y	nonantibody_chain
1a61	nonantibody_chain
1a64	nonantibody_chain
1a6g	nonantibody_chain
1a6n	nonantibody_chain
1a6p	nonantibody_chain
1a6t	cdr_similar
1a6u	cdr_similar
1a6v	cdr_similar
1a6w	cdr_similar
1a6z	nonantibody_chain
1a78	nonantibody_chain
1a7b	nonantibody_chain
1a7h	nonantibody_chain
1a7n	cdr_similar
1a7o	cdr_similar
1a7p	cdr_similar
1a7q	cdr_similar
1a7r	cdr_similar
1a7s	nonantibody_chain
1a7x	nonantibody_chain
1a8g	nonantibody_chain
1a8j	cdr_similar
1a8k	nonantibody_chain
1a8m	nonantibody_chain
1a94	nonantibody_chain
1a9b	nonantibody_chain
1a9e	nonantibody_chain
1a9m	nonantibody_chain
1a9w	nonantibody_chain
1a9y	nonantibody_chain
1a9z	nonantibody_chain
1aa9	nonantibody_chain
1aal	nonantibody_chain
1aam	nonantibody_chain
1aap	nonantibody_chain
1aaq	nonantibody_chain
1aar	nonantibody_chain
1aaw	nonantibody_chain
1aax	nonantibody_chain
1ab9	nonantibody_chain
1abi	nonantibody_chain
1abj	nonantibody_chain
1abs	nonantibody_chain
1abt	nonantibody_chain
1abw	nonantibody_chain
1aby	nonantibody_chain
1acb	nonantibody_chain
1acy	cdr_similar
1ad0	cdr_similar
1ad8	nonantibody_chain
1ad9	cdr_similar
1adq	nonantibody_chain
1ae5	nonantibody_chain
1ae6	cdr_similar
1ae8	nonantibody_chain
1aec	nonantibody_chain
1aex	nonantibody_chain
1af3	nonantibody_chain
1af4	nonantibody_chain
1afe	nonantibody_chain
1afk	nonantibody_chain
1afl	nonantibody_chain
1afq	nonantibody_chain
1afu	nonantibody_chain
1ag0	nonantibody_chain
1ag1	nonantibody_chain
1ag2	nonantibody_chain
1agb	nonantibody_chain
1agc	nonantibody_chain
1agd	nonantibody_chain
1age	nonantibody_chain
1agf	nonantibody_chain
1agi	nonantibody_chain
1agp	nonantibody_chain
1agr	nonantibody_chain
1agw	nonantibody_chain
1ahe	nonantibody_chain
1ahf	nonantibody_chain
1ahg	nonantibody_chain
1ahr	nonantibody_chain
1aht	nonantibody_chain
1ahx	nonantibody_chain
1ahy	nonantibody_chain
1ai1	cdr_similar
1ai8	nonantibody_chain
1aia	nonantibody_chain
1aib	nonantibody_chain
1aic	nonantibody_chain
1aid	nonantibody_chain
1aif	released_antibody_only
1aik	nonantibody_chain
1aim	nonantibody_chain
1aiu	nonantibody_chain
1aix	nonantibody_chain
1aiz	nonantibody_chain
1aj4	nonantibody_chain
1aj7	cdr_similar
1aj9	nonantibody_chain
1ajg	nonantibody_chain
1ajh	nonantibody_chain
1ajr	nonantibody_chain
1ajs	nonantibody_chain
1ajv	nonantibody_chain
1ajx	nonantibody_chain
1ak4	nonantibody_chain
1ak9	nonantibody_chain
1aka	nonantibody_chain
1akb	nonantibody_chain
1akc	nonantibody_chain
1aki	nonantibody_chain
1akj	nonantibody_chain
1akk	nonantibody_chain
1aks	nonantibody_chain
1alc	nonantibody_chain
1alq	nonantibody_chain
1am6	nonantibody_chain
1ama	nonantibody_chain
1amh	nonantibody_chain
1amk	nonantibody_chain
1aml	nonantibody_chain
1amq	nonantibody_chain
1amr	nonantibody_chain
1ams	nonantibody_chain
1an0	nonantibody_chain
1an1	nonantibody_chain
1an8	nonantibody_chain
1anb	nonantibody_chain
1anc	nonantibody_chain
1and	nonantibody_chain
1ane	nonantibody_chain
1anf	nonantibody_chain
1ang	nonantibody_chain
1ant	nonantibody_chain
1ao5	nonantibody_chain
1ao7	nonantibody_chain
1aog	nonantibody_chain
1ap2	cdr_similar
1ap9	nonantibody_chain
1apc	nonantibody_chain
1apm	nonantibody_chain
1aq1	nonantibody_chain
1aq7	nonantibody_chain
1aqk	cdr_similar
1aqn	nonantibody_chain
1aqp	nonantibody_chain
1aqv	nonantibody_chain
1aqw	nonantibody_chain
1aqx	nonantibody_chain
1aqz	nonantibody_chain
1ar2	released_antibody_only
1arg	nonantibody_chain
1arh	nonantibody_chain
1ari	nonantibody_chain
1art	nonantibody_chain
1as0	nonantibody_chain
1as2	nonantibody_chain
1as3	nonantibody_chain
1as4	nonantibody_chain
1asa	nonantibody_chain
1asb	nonantibody_chain
1asc	nonantibody_chain
1asd	nonantibody_chain
1ase	nonantibody_chain
1asf	nonantibody_chain
1asg	nonantibody_chain
1asl	nonantibody_chain
1asm	nonantibody_chain
1asn	nonantibody_chain
1at5	nonantibody_chain
1at6	nonantibody_chain
1at9	nonantibody_chain
1ath	nonantibody_chain
1atk	nonantibody_chain
1atp	nonantibody_chain
1atu	nonantibody_chain
1aty	nonantibody_chain
1au0	nonantibody_chain
1au2	nonantibody_chain
1au3	nonantibody_chain
1au4	nonantibody_chain
1au8	nonantibody_chain
1au9	nonantibody_chain
1auc	nonantibody_chain
1aui	nonantibody_chain
1auj	nonantibody_chain
1aut	nonantibody_chain
1av7	nonantibody_chain
1avg	nonantibody_chain
1avn	nonantibody_chain
1avt	nonantibody_chain
1avw	nonantibody_chain
1avx	nonantibody_chain
1awf	nonantibody_chain
1awh	nonantibody_chain
1awq	nonantibody_chain
1aws	nonantibody_chain
1awt	nonantibody_chain
1awu	nonantibody_chain
1axa	nonantibody_chain
1axb	nonantibody_chain
1axc	nonantibody_chain
1axs	cdr_similar
1ay1	cdr_similar
1ay4	nonantibody_chain
1ay5	nonantibody_chain
1ay6	nonantibody_chain
1ay7	nonantibody_chain
1ay8	nonantibody_chain
1ayu	nonantibody_chain
1ayv	nonantibody_chain
1ayw	nonantibody_chain
1ayz	nonantibody_chain
1az5	nonantibody_chain
1az8	nonantibody_chain
1azb	nonantibody_chain
1azc	nonantibody_chain
1azf	nonantibody_chain
1azi	nonantibody_chain
1azm	nonantibody_chain
1azn	nonantibody_chain
1azr	nonantibody_chain
1azs	nonantibody_chain
1azt	nonantibody_chain
1azu	nonantibody_chain
1azx	nonantibody_chain
1azz	nonantibody_chain
1b0c	nonantibody_chain
1b0d	nonantibody_chain
1b0e	nonantibody_chain
1b0f	nonantibody_chain
1b0g	nonantibody_chain
1b0o	nonantibody_chain
1b0r	nonantibody_chain
1b0w	cdr_similar
1b1e	nonantibody_chain
1b1g	nonantibody_chain
1b1i	nonantibody_chain
1b1j	nonantibody_chain
1b20	nonantibody_chain
1b21	nonantibody_chain
1b27	nonantibody_chain
1b2k	nonantibody_chain
1b2s	nonantibody_chain
1b2u	nonantibody_chain
1b2w	cdr_similar
1b2z	nonantibody_chain
1b38	nonantibody_chain
1b39	nonantibody_chain
1b3s	nonantibody_chain
1b44	nonantibody_chain
1b48	nonantibody_chain
1b4j	cdr_similar
1b4o	nonantibody_chain
1b4p	nonantibody_chain
1b4x	nonantibody_chain
1b5g	nonantibody_chain
1b5u	nonantibody_chain
1b5v	nonantibody_chain
1b5w	nonantibody_chain
1b5x	nonantibody_chain
1b5y	nonantibody_chain
1b5z	nonantibody_chain
1b68	nonantibody_chain
1b6d	cdr_similar
1b6i	nonantibody_chain
1b6j	nonantibody_chain
1b6k	nonantibody_chain
1b6l	nonantibody_chain
1b6m	nonantibody_chain
1b6p	nonantibody_chain
1b6t	nonantibody_chain
1b6v	nonantibody_chain
1b7l	nonantibody_chain
1b7m	nonantibody_chain
1b7n	nonantibody_chain
1b7o	nonantibody_chain
1b7p	nonantibody_chain
1b7q	nonantibody_chain
1b7r	nonantibody_chain
1b7s	nonantibody_chain
1b7x	nonantibody_chain
1b86	nonantibody_chain
1b8e	nonantibody_chain
1b8k	nonantibody_chain
1b8x	nonantibody_chain
1b9b	nonantibody_chain
1b9c	nonantibody_chain
1b9o	nonantibody_chain
1b9x	nonantibody_chain
1b9y	nonantibody_chain
1ba4	nonantibody_chain
1ba6	nonantibody_chain
1ba8	nonantibody_chain
1bab	nonantibody_chain
1baf	cdr_similar
1ban	nonantibody_chain
1bao	nonantibody_chain
1bay	nonantibody_chain
1bb0	nonantibody_chain
1bb3	nonantibody_chain
1bb4	nonantibody_chain
1bb5	nonantibody_chain
1bb6	nonantibody_chain
1bb7	nonantibody_chain
1bbb	nonantibody_chain
1bbd	cdr_untransferred
1bbj	cdr_similar
1bbl	nonantibody_chain
1bbr	nonantibody_chain
1bcd	nonantibody_chain
1bck	nonantibody_chain
1bct	nonantibody_chain
1bcu	nonantibody_chain
1bd2	nonantibody_chain
1bd8	nonantibody_chain
1bda	nonantibody_chain
1bdc	nonantibody_chain
1bdd	nonantibody_chain
1bdl	nonantibody_chain
1bdq	nonantibody_chain
1bdr	nonantibody_chain
1be6	nonantibody_chain
1be8	nonantibody_chain
1be9	nonantibody_chain
1beb	nonantibody_chain
1bec	nonantibody_chain
1bel	nonantibody_chain
1bet	nonantibody_chain
1bex	nonantibody_chain
1bey	released_antibody_only
1bfe	nonantibody_chain
1bfk	nonantibody_chain
1bfp	nonantibody_chain
1bfu	nonantibody_chain
1bfv	cdr_similar
1bg0	nonantibody_chain
1bg5	nonantibody_chain
1bgi	nonantibody_chain
1bgo	nonantibody_chain
1bgs	nonantibody_chain
1bh2	nonantibody_chain
1bh6	nonantibody_chain
1bha	nonantibody_chain
1bhb	nonantibody_chain
1bho	nonantibody_chain
1bhq	nonantibody_chain
1bht	nonantibody_chain
1bhx	nonantibody_chain
1bhz	nonantibody_chain
1bi7	nonantibody_chain
1bi8	nonantibody_chain
1bic	nonantibody_chain
1bii	nonantibody_chain
1bij	nonantibody_chain
1bio	nonantibody_chain
1bir	nonantibody_chain
1bit	nonantibody_chain
1bj5	nonantibody_chain
1bje	nonantibody_chain
1bjm	cdr_similar
1bjr	nonantibody_chain
1bju	nonantibody_chain
1bjv	nonantibody_chain
1bk1	nonantibody_chain
1bk5	nonantibody_chain
1bk6	nonantibody_chain
1bkd	nonantibody_chain
1bke	nonantibody_chain
1bkf	nonantibody_chain
1bkx	nonantibody_chain
1bkz	nonantibody_chain
1bl4	nonantibody_chain
1blc	nonantibody_chain
1blh	nonantibody_chain
1bln	cdr_similar
1blp	nonantibody_chain
1blx	nonantibody_chain
1bm1	nonantibody_chain
1bm3	cdr_similar
1bma	nonantibody_chain
1bmg	nonantibody_chain
1bmm	nonantibody_chain
1bmn	nonantibody_chain
1bn1	nonantibody_chain
1bn3	nonantibody_chain
1bn4	nonantibody_chain
1bnc	nonantibody_chain
1bnd	nonantibody_chain
1bne	nonantibody_chain
1bnf	nonantibody_chain
1bng	nonantibody_chain
1bnm	nonantibody_chain
1bnn	nonantibody_chain
1bno	nonantibody_chain
1bnq	nonantibody_chain
1bns	nonantibody_chain
1bnt	nonantibody_chain
1bnu	nonantibody_chain
1bnv	nonantibody_chain
1bnw	nonantibody_chain
1bof	nonantibody_chain
1bog	nonantibody_chain
1box	nonantibody_chain
1boy	nonantibody_chain
1bp4	nonantibody_chain
1bpd	nonantibody_chain
1bpe	nonantibody_chain
1bpt	nonantibody_chain
1bqa	nonantibody_chain
1bqd	nonantibody_chain
1bqi	nonantibody_chain
1bql	nonantibody_chain
1bqy	nonantibody_chain
1br5	nonantibody_chain
1br6	nonantibody_chain
1br8	nonantibody_chain
1bra	nonantibody_chain
1brb	nonantibody_chain
1brc	nonantibody_chain
1bre	cdr_similar
1brg	nonantibody_chain
1brh	nonantibody_chain
1bri	nonantibody_chain
1brj	nonantibody_chain
1brk	nonantibody_chain
1brr	nonantibody_chain
1bru	nonantibody_chain
1brx	nonantibody_chain
1bsa	nonantibody_chain
1bsb	nonantibody_chain
1bsc	nonantibody_chain
1bsd	nonantibody_chain
1bse	nonantibody_chain
1bsg	nonantibody_chain
1bso	nonantibody_chain
1bsq	nonantibody_chain
1bsr	nonantibody_chain
1bsy	nonantibody_chain
1bt0	nonantibody_chain
1bt5	nonantibody_chain
1bta	nonantibody_chain
1btg	nonantibody_chain
1bth	nonantibody_chain
1bti	nonantibody_chain
1btl	nonantibody_chain
1btm	nonantibody_chain
1btp	nonantibody_chain
1btu	nonantibody_chain
1btw	nonantibody_chain
1btx	nonantibody_chain
1bty	nonantibody_chain
1btz	nonantibody_chain
1bu4	nonantibody_chain
1bue	nonantibody_chain
1buh	nonantibody_chain
1bui	nonantibody_chain
1bul	nonantibody_chain
1bun	nonantibody_chain
1buw	nonantibody_chain
1bv1	nonantibody_chain
1bv3	nonantibody_chain
1bv7	nonantibody_chain
1bv9	nonantibody_chain
1bvd	nonantibody_chain
1bvg	nonantibody_chain
1bvk	nonantibody_chain
1bvl	cdr_similar
1bvv	nonantibody_chain
1bvx	nonantibody_chain
1bwa	nonantibody_chain
1bwb	nonantibody_chain
1bwc	nonantibody_chain
1bwh	nonantibody_chain
1bwi	nonantibody_chain
1bwj	nonantibody_chain
1bwu	nonantibody_chain
1bww	released_antibody_only
1bx6	nonantibody_chain
1bxl	nonantibody_chain
1bxm	nonantibody_chain
1by7	nonantibody_chain
1byh	nonantibody_chain
1byu	nonantibody_chain
1bz0	nonantibody_chain
1bz1	nonantibody_chain
1bz4	nonantibody_chain
1bz5	nonantibody_chain
1bz6	nonantibody_chain
1bz7	cdr_similar
1bz9	nonantibody_chain
1bza	nonantibody_chain
1bzc	nonantibody_chain
1bzh	nonantibody_chain
1bzj	nonantibody_chain
1bzl	nonantibody_chain
1bzm	nonantibody_chain
1bzp	nonantibody_chain
1bzq	nonantibody_chain
1bzr	nonantibody_chain
1bzx	nonantibody_chain
1bzz	nonantibody_chain
1c08	nonantibody_chain
1c0b	nonantibody_chain
1c0c	nonantibody_chain
1c0e	nonantibody_chain
1c0f	nonantibody_chain
1c0g	nonantibody_chain
1c0v	nonantibody_chain
1c10	nonantibody_chain
1c12	released_antibody_only
1c1e	cdr_similar
1c1f	nonantibody_chain
1c1l	nonantibody_chain
1c1m	nonantibody_chain
1c1n	nonantibody_chain
1c1o	nonantibody_chain
1c1p	nonantibody_chain
1c1q	nonantibody_chain
1c1r	nonantibody_chain
1c1s	nonantibody_chain
1c1t	nonantibody_chain
1c1u	nonantibody_chain
1c1v	nonantibody_chain
1c1w	nonantibody_chain
1c1y	nonantibody_chain
1c2d	nonantibody_chain
1c2e	nonantibody_chain
1c2f	nonantibody_chain
1c2g	nonantibody_chain
1c2h	nonantibody_chain
1c2i	nonantibody_chain
1c2j	nonantibody_chain
1c2k	nonantibody_chain
1c2l	nonantibody_chain
1c2m	nonantibody_chain
1c3l	nonantibody_chain
1c3w	nonantibody_chain
1c40	nonantibody_chain
1c43	nonantibody_chain
1c45	nonantibody_chain
1c46	nonantibody_chain
1c48	nonantibody_chain
1c4f	nonantibody_chain
1c4q	nonantibody_chain
1c4u	nonantibody_chain
1c4v	nonantibody_chain
1c4y	nonantibody_chain
1c5b	cdr_similar
1c5c	cdr_similar
1c5d	cdr_similar
1c5h	nonantibody_chain
1c5i	nonantibody_chain
1c5l	nonantibody_chain
1c5m	nonantibody_chain
1c5n	nonantibody_chain
1c5o	nonantibody_chain
1c5p	nonantibody_chain
1c5q	nonantibody_chain
1c5r	nonantibody_chain
1c5s	nonantibody_chain
1c5t	nonantibody_chain
1c5u	nonantibody_chain
1c5v	nonantibody_chain
1c5w	nonantibody_chain
1c5x	nonantibody_chain
1c5y	nonantibody_chain
1c5z	nonantibody_chain
1c60	nonantibody_chain
1c61	nonantibody_chain
1c62	nonantibody_chain
1c63	nonantibody_chain
1c64	nonantibody_chain
1c65	nonantibody_chain
1c66	nonantibody_chain
1c67	nonantibody_chain
1c68	nonantibody_chain
1c69	nonantibody_chain
1c6a	nonantibody_chain
1c6b	nonantibody_chain
1c6c	nonantibody_chain
1c6d	nonantibody_chain
1c6e	nonantibody_chain
1c6f	nonantibody_chain
1c6g	nonantibody_chain
1c6h	nonantibody_chain
1c6i	nonantibody_chain
1c6j	nonantibody_chain
1c6k	nonantibody_chain
1c6l	nonantibody_chain
1c6m	nonantibody_chain
1c6n	nonantibody_chain
1c6p	nonantibody_chain
1c6q	nonantibody_chain
1c6t	nonantibody_chain
1c6x	nonantibody_chain
1c6y	nonantibody_chain
1c6z	nonantibody_chain
1c70	nonantibody_chain
1c72	nonantibody_chain
1c7b	nonantibody_chain
1c7c	nonantibody_chain
1c7d	nonantibody_chain
1c7p	nonantibody_chain
1c83	nonantibody_chain
1c84	nonantibody_chain
1c85	nonantibody_chain
1c86	nonantibody_chain
1c87	nonantibody_chain
1c88	nonantibody_chain
1c8r	nonantibody_chain
1c8s	nonantibody_chain
1c8w	nonantibody_chain
1c99	nonantibody_chain
1c9c	nonantibody_chain
1c9h	nonantibody_chain
1c9i	nonantibody_chain
1c9j	nonantibody_chain
1c9l	nonantibody_chain
1c9m	nonantibody_chain
1c9n	nonantibody_chain
1c9p	nonantibody_chain
1c9v	nonantibody_chain
1c9x	nonantibody_chain
1ca0	nonantibody_chain
1ca2	nonantibody_chain
1ca3	nonantibody_chain
1ca8	nonantibody_chain
1cah	nonantibody_chain
1cai	nonantibody_chain
1caj	nonantibody_chain
1cak	nonantibody_chain
1cal	nonantibody_chain
1cam	nonantibody_chain
1can	nonantibody_chain
1cao	nonantibody_chain
1cay	nonantibody_chain
1caz	nonantibody_chain
1cbl	nonantibody_chain
1cbm	nonantibody_chain
1cbw	nonantibody_chain
1cc3	nonantibody_chain
1cc7	nonantibody_chain
1cc8	nonantibody_chain
1ccr	nonantibody_chain
1ccs	nonantibody_chain
1cct	nonantibody_chain
1ccu	nonantibody_chain
1ccz	nonantibody_chain
1cd0	cdr_similar
1cd1	nonantibody_chain
1cd2	nonantibody_chain
1cdh	nonantibody_chain
1cdi	nonantibody_chain
1cdj	nonantibody_chain
1cdk	nonantibody_chain
1cdl	nonantibody_chain
1cdm	nonantibody_chain
1cdt	nonantibody_chain
1cdu	nonantibody_chain
1cdy	nonantibody_chain
1ce0	nonantibody_chain
1ce1	released
1ce4	nonantibody_chain
1ce5	nonantibody_chain
1ce6	nonantibody_chain
1ce7	nonantibody_chain
1ce9	nonantibody_chain
1cf8	released_antibody_only
1cfd	nonantibody_chain
1cfn	cdr_similar
1cfq	cdr_similar
1cfs	cdr_similar
1cft	cdr_similar
1cfv	cdr_similar
1cg5	nonantibody_chain
1cg8	nonantibody_chain
1cg9	nonantibody_chain
1cgh	nonantibody_chain
1cgi	nonantibody_chain
1cgj	nonantibody_chain
1cgs	cdr_similar
1ch0	nonantibody_chain
1ch1	nonantibody_chain
1ch2	nonantibody_chain
1ch3	nonantibody_chain
1ch4	nonantibody_chain
1ch5	nonantibody_chain
1ch7	nonantibody_chain
1ch9	nonantibody_chain
1chh	nonantibody_chain
1chi	nonantibody_chain
1chj	nonantibody_chain
1cho	nonantibody_chain
1chp	nonantibody_chain
1chq	nonantibody_chain
1chv	nonantibody_chain
1ci1	nonantibody_chain
1cic	cdr_similar
1cie	nonantibody_chain
1cif	nonantibody_chain
1cig	nonantibody_chain
1cih	nonantibody_chain
1cik	nonantibody_chain
1cil	nonantibody_chain
1cim	nonantibody_chain
1cin	nonantibody_chain
1cio	nonantibody_chain
1cip	nonantibody_chain
1cj6	nonantibody_chain
1cj7	nonantibody_chain
1cj8	nonantibody_chain
1cj9	nonantibody_chain
1cjk	nonantibody_chain
1cjq	nonantibody_chain
1cjr	nonantibody_chain
1cjt	nonantibody_chain
1cju	nonantibody_chain
1cjv	nonantibody_chain
1ck0	cdr_similar
1ck3	nonantibody_chain
1ckc	nonantibody_chain
1ckd	nonantibody_chain
1ckf	nonantibody_chain
1ckg	nonantibody_chain
1ckh	nonantibody_chain
1ckp	nonantibody_chain
1cks	nonantibody_chain
1cl7	nonantibody_chain
1cll	nonantibody_chain
1clm	nonantibody_chain
1clo	cdr_similar
1cls	nonantibody_chain
1clu	nonantibody_chain
1cly	cdr_similar
1clz	cdr_similar
1cm1	nonantibody_chain
1cm2	nonantibody_chain
1cm3	nonantibody_chain
1cm4	nonantibody_chain
1cmk	nonantibody_chain
1cmx	nonantibody_chain
1cmy	nonantibody_chain
1cnb	nonantibody_chain
1cnc	nonantibody_chain
1cng	nonantibody_chain
1cnh	nonantibody_chain
1cni	nonantibody_chain
1cnj	nonantibody_chain
1cnk	nonantibody_chain
1cnm	nonantibody_chain
1cnw	nonantibody_chain
1cnx	nonantibody_chain
1cny	nonantibody_chain
1co6	nonantibody_chain
1co7	nonantibody_chain
1co8	nonantibody_chain
1co9	nonantibody_chain
1cod	nonantibody_chain
1coe	nonantibody_chain
1coh	nonantibody_chain
1cot	nonantibody_chain
1cp0	nonantibody_chain
1cp3	nonantibody_chain
1cp5	nonantibody_chain
1cpi	nonantibody_chain
1cpj	nonantibody_chain
1cpw	nonantibody_chain
1cq2	nonantibody_chain
1cq6	nonantibody_chain
1cq7	nonantibody_chain
1cq8	nonantibody_chain
1cqd	nonantibody_chain
1cqf	nonantibody_chain
1cqh	nonantibody_chain
1cqm	nonantibody_chain
1cqn	nonantibody_chain
1cqp	nonantibody_chain
1cr9	cdr_untransferred
1cra	nonantibody_chain
1crc	nonantibody_chain
1cre	nonantibody_chain
1crf	nonantibody_chain
1crg	nonantibody_chain
1crh	nonantibody_chain
1cri	nonantibody_chain
1crj	nonantibody_chain
1crm	nonantibody_chain
1crq	nonantibody_chain
1cry	nonantibody_chain
1cs4	nonantibody_chain
1cse	nonantibody_chain
1cso	nonantibody_chain
1csu	nonantibody_chain
1csv	nonantibody_chain
1csw	nonantibody_chain
1csx	nonantibody_chain
1ct0	nonantibody_chain
1ct1	nonantibody_chain
1ct2	nonantibody_chain
1ct4	nonantibody_chain
1ct8	released_antibody_only
1cte	nonantibody_chain
1ctp	nonantibody_chain
1ctq	nonantibody_chain
1ctr	nonantibody_chain
1ctw	nonantibody_chain
1ctx	nonantibody_chain
1cty	nonantibody_chain
1ctz	nonantibody_chain
1cu0	nonantibody_chain
1cu2	nonantibody_chain
1cu3	nonantibody_chain
1cu4	cdr_untransferred
1cu5	nonantibody_chain
1cu6	nonantibody_chain
1cul	nonantibody_chain
1cuo	nonantibody_chain
1cup	nonantibody_chain
1cuq	nonantibody_chain
1cv0	nonantibody_chain
1cv1	nonantibody_chain
1cv3	nonantibody_chain
1cv4	nonantibody_chain
1cv5	nonantibody_chain
1cv6	nonantibody_chain
1cv7	nonantibody_chain
1cva	nonantibody_chain
1cvb	nonantibody_chain
1cvc	nonantibody_chain
1cvd	nonantibody_chain
1cve	nonantibody_chain
1cvf	nonantibody_chain
1cvh	nonantibody_chain
1cvk	nonantibody_chain
1cvw	nonantibody_chain
1cvz	nonantibody_chain
1cwa	nonantibody_chain
1cwb	nonantibody_chain
1cwc	nonantibody_chain
1cwf	nonantibody_chain
1cwh	nonantibody_chain
1cwi	nonantibody_chain
1cwj	nonantibody_chain
1cwk	nonantibody_chain
1cwl	nonantibody_chain
1cwm	nonantibody_chain
1cwo	nonantibody_chain
1cwq	nonantibody_chain
1cx7	nonantibody_chain
1cxn	nonantibody_chain
1cxo	nonantibody_chain
1cxz	nonantibody_chain
1cyc	nonantibody_chain
1cyn	nonantibody_chain
1czc	nonantibody_chain
1cze	nonantibody_chain
1czg	nonantibody_chain
1czm	nonantibody_chain
1czw	nonantibody_chain
1d0c	nonantibody_chain
1d0o	nonantibody_chain
1d1i	nonantibody_chain
1d1k	nonantibody_chain
1d1p	nonantibody_chain
1d1q	nonantibody_chain
1d1v	nonantibody_chain
1d1w	nonantibody_chain
1d1x	nonantibody_chain
1d1y	nonantibody_chain
1d2a	nonantibody_chain
1d2w	nonantibody_chain
1d2y	nonantibody_chain
1d3d	nonantibody_chain
1d3f	nonantibody_chain
1d3j	nonantibody_chain
1d3m	nonantibody_chain
1d3n	nonantibody_chain
1d3p	nonantibody_chain
1d3q	nonantibody_chain
1d3t	nonantibody_chain
1d3z	nonantibody_chain
1d4h	nonantibody_chain
1d4i	nonantibody_chain
1d4j	nonantibody_chain
1d4k	nonantibody_chain
1d4l	nonantibody_chain
1d4p	nonantibody_chain
1d4s	nonantibody_chain
1d4x	nonantibody_chain
1d4y	nonantibody_chain
1d5b	cdr_similar
1d5c	nonantibody_chain
1d5d	nonantibody_chain
1d5e	nonantibody_chain
1d5h	nonantibody_chain
1d5i	cdr_similar
1d5s	nonantibody_chain
1d6o	nonantibody_chain
1d6p	nonantibody_chain
1d6q	nonantibody_chain
1d6r	nonantibody_chain
1d6v	cdr_similar
1d6w	nonantibody_chain
1d7h	nonantibody_chain
1d7i	nonantibody_chain
1d7j	nonantibody_chain
1d7p	nonantibody_chain
1d9i	nonantibody_chain
1d9w	nonantibody_chain
1daj	nonantibody_chain
1dan	nonantibody_chain
1daw	nonantibody_chain
1day	nonantibody_chain
1daz	nonantibody_chain
1dba	cdr_similar
1dbb	cdr_similar
1dbi	nonantibody_chain
1dbj	cdr_similar
1dbk	cdr_similar
1dbm	cdr_similar
1dca	nonantibody_chain
1dcb	nonantibody_chain
1dcl	cdr_similar
1dd7	nonantibody_chain
1ddh	nonantibody_chain
1ddj	nonantibody_chain
1ddr	nonantibody_chain
1dds	nonantibody_chain
1de7	nonantibody_chain
1dej	nonantibody_chain
1det	nonantibody_chain
1df1	nonantibody_chain
1df4	nonantibody_chain
1df5	nonantibody_chain
1dfb	cdr_untransferred
1dfj	nonantibody_chain
1dfp	nonantibody_chain
1dhi	nonantibody_chain
1dhj	nonantibody_chain
1dhp	nonantibody_chain
1di3	nonantibody_chain
1di4	nonantibody_chain
1di5	nonantibody_chain
1di8	nonantibody_chain
1dic	nonantibody_chain
1dif	nonantibody_chain
1dis	nonantibody_chain
1dit	nonantibody_chain
1dj8	nonantibody_chain
1dja	nonantibody_chain
1djb	nonantibody_chain
1djc	nonantibody_chain
1djo	nonantibody_chain
1djp	nonantibody_chain
1djr	nonantibody_chain
1dk0	nonantibody_chain
1dk3	nonantibody_chain
1dk8	nonantibody_chain
1dke	nonantibody_chain
1dkh	nonantibody_chain
1dkj	nonantibody_chain
1dkk	nonantibody_chain
1dks	nonantibody_chain
1dkt	nonantibody_chain
1dkw	nonantibody_chain
1dl7	cdr_similar
1dlb	nonantibody_chain
1dlf	cdr_similar
1dlh	nonantibody_chain
1dlk	nonantibody_chain
1dm2	nonantibody_chain
1dm4	nonantibody_chain
1dm6	nonantibody_chain
1dm7	nonantibody_chain
1dm8	nonantibody_chain
1dmb	nonantibody_chain
1dmi	nonantibody_chain
1dmj	nonantibody_chain
1dmk	nonantibody_chain
1dmp	nonantibody_chain
1dmx	nonantibody_chain
1dmy	nonantibody_chain
1dn0	cdr_similar
1dn2	nonantibody_chain
1dnc	nonantibody_chain
1do1	nonantibody_chain
1do3	nonantibody_chain
1do4	nonantibody_chain
1do7	nonantibody_chain
1doa	nonantibody_chain
1doj	nonantibody_chain
1dpf	nonantibody_chain
1dpo	nonantibody_chain
1dpw	nonantibody_chain
1dpx	nonantibody_chain
1dqd	cdr_similar
1dqj	nonantibody_chain
1dql	released_antibody_only
1dqm	cdr_similar
1dqq	cdr_similar
1dr1	nonantibody_chain
1dr2	nonantibody_chain
1dr3	nonantibody_chain
1dr4	nonantibody_chain
1dr5	nonantibody_chain
1dr6	nonantibody_chain
1dr7	nonantibody_chain
1dra	nonantibody_chain
1drb	nonantibody_chain
1dre	nonantibody_chain
1drh	nonantibody_chain
1ds2	nonantibody_chain
1ds3	nonantibody_chain
1ds6	nonantibody_chain
1dsf	cdr_similar
1dst	nonantibody_chain
1dsu	nonantibody_chain
1dti	nonantibody_chain
1dtl	nonantibody_chain
1dtm	nonantibody_chain
1dug	nonantibody_chain
1duo	nonantibody_chain
1duy	nonantibody_chain
1duz	nonantibody_chain
1dv1	nonantibody_chain
1dv2	nonantibody_chain
1dvf	cdr_similar
1dw6	nonantibody_chain
1dws	nonantibody_chain
1dwt	nonantibody_chain
1dwv	nonantibody_chain
1dww	nonantibody_chain
1dwx	nonantibody_chain
1dwy	nonantibody_chain
1dx0	nonantibody_chain
1dxc	nonantibody_chain
1dxd	nonantibody_chain
1dxt	nonantibody_chain
1dxu	nonantibody_chain
1dxv	nonantibody_chain
1dy5	nonantibody_chain
1dy6	nonantibody_chain
1dya	nonantibody_chain
1dyb	nonantibody_chain
1dyc	nonantibody_chain
1dyd	nonantibody_chain
1dye	nonantibody_chain
1dyf	nonantibody_chain
1dyg	nonantibody_chain
1dyh	nonantibody_chain
1dyi	nonantibody_chain
1dyj	nonantibody_chain
1dyr	nonantibody_chain
1dyw	nonantibody_chain
1dyz	nonantibody_chain
1dz0	nonantibody_chain
1dza	nonantibody_chain
1dze	nonantibody_chain
1dzg	nonantibody_chain
1dzh	nonantibody_chain
1e03	nonantibody_chain
1e04	nonantibody_chain
1e05	nonantibody_chain
1e0f	nonantibody_chain
1e0p	nonantibody_chain
1e12	nonantibody_chain
1e1h	nonantibody_chain
1e1j	nonantibody_chain
1e1s	nonantibody_chain
1e1v	nonantibody_chain
1e1w	nonantibody_chain
1e1x	nonantibody_chain
1e26	nonantibody_chain
1e27	nonantibody_chain
1e28	nonantibody_chain
1e29	nonantibody_chain
1e34	nonantibody_chain
1e35	nonantibody_chain
1e36	nonantibody_chain
1e37	nonantibody_chain
1e38	nonantibody_chain
1e3b	nonantibody_chain
1e4j	nonantibody_chain
1e4k	nonantibody_chain
1e4w	cdr_similar
1e4x	cdr_similar
1e5w	nonantibody_chain
1e5y	nonantibody_chain
1e5z	nonantibody_chain
1e65	nonantibody_chain
1e67	nonantibody_chain
1e6j	released
1e6o	released_antibody_only
1e7c	nonantibody_chain
1e7e	nonantibody_chain
1e7g	nonantibody_chain
1e7h	nonantibody_chain
1e7i	nonantibody_chain
1e7u	nonantibody_chain
1e7v	nonantibody_chain
1e8w	nonantibody_chain
1e8x	nonantibody_chain
1e8y	nonantibody_chain
1e8z	nonantibody_chain
1e90	nonantibody_chain
1e93	nonantibody_chain
1e96	nonantibody_chain
1ea7	nonantibody_chain
1ea8	nonantibody_chain
1eai	nonantibody_chain
1eap	cdr_similar
1eas	nonantibody_chain
1eat	nonantibody_chain
1eau	nonantibody_chain
1eaw	nonantibody_chain
1eax	nonantibody_chain
1eb1	nonantibody_chain
1eb2	nonantibody_chain
1ebc	nonantibody_chain
1ebg	nonantibody_chain
1ebh	nonantibody_chain
1ebk	nonantibody_chain
1ebw	nonantibody_chain
1eby	nonantibody_chain
1ebz	nonantibody_chain
1ec0	nonantibody_chain
1ec1	nonantibody_chain
1ec2	nonantibody_chain
1ec3	nonantibody_chain
1ecv	nonantibody_chain
1ed3	nonantibody_chain
1ed4	nonantibody_chain
1ed5	nonantibody_chain
1ed6	nonantibody_chain
1edi	nonantibody_chain
1edk	nonantibody_chain
1eds	nonantibody_chain
1edv	nonantibody_chain
1edx	nonantibody_chain
1ee4	nonantibody_chain
1ee5	nonantibody_chain
1eei	nonantibody_chain
1een	nonantibody_chain
1eeo	nonantibody_chain
1eeq	cdr_similar
1eeu	cdr_similar
1eey	nonantibody_chain
1eez	nonantibody_chain
1ef1	nonantibody_chain
1ef5	nonantibody_chain
1ef7	nonantibody_chain
1efi	nonantibody_chain
1efq	cdr_similar
1efx	nonantibody_chain
1eg3	nonantibody_chain
1eg4	nonantibody_chain
1egj	cdr_similar
1egq	nonantibody_chain
1eh7	nonantibody_chain
1eh8	nonantibody_chain
1eic	nonantibody_chain
1eid	nonantibody_chain
1eie	nonantibody_chain
1ej1	nonantibody_chain
1ej4	nonantibody_chain
1eja	nonantibody_chain
1ejh	nonantibody_chain
1ejl	nonantibody_chain
1ejm	nonantibody_chain
1ejn	nonantibody_chain
1ejo	cdr_similar
1ejy	nonantibody_chain
1ek3	released_antibody_only
1ek5	nonantibody_chain
1ek6	nonantibody_chain
1ekb	nonantibody_chain
1ekg	nonantibody_chain
1el1	nonantibody_chain
1ela	nonantibody_chain
1elb	nonantibody_chain
1elc	nonantibody_chain
1eld	nonantibody_chain
1ele	nonantibody_chain
1elf	nonantibody_chain
1elg	nonantibody_chain
1els	nonantibody_chain
1elt	nonantibody_chain
1em7	nonantibody_chain
1em8	nonantibody_chain
1em9	nonantibody_chain
1ema	nonantibody_chain
1emb	nonantibody_chain
1emc	nonantibody_chain
1eme	nonantibody_chain
1emf	nonantibody_chain
1emg	nonantibody_chain
1emk	nonantibody_chain
1eml	nonantibody_chain
1emm	nonantibody_chain
1emt	cdr_similar
1emu	nonantibody_chain
1emy	nonantibody_chain
1ena	nonantibody_chain
1enc	nonantibody_chain
1enx	nonantibody_chain
1eo8	nonantibody_chain
1eog	nonantibody_chain
1eoj	nonantibody_chain
1eol	nonantibody_chain
1eos	nonantibody_chain
1eou	nonantibody_chain
1eow	nonantibody_chain
1ep7	nonantibody_chain
1ep8	nonantibody_chain
1epj	nonantibody_chain
1ept	nonantibody_chain
1epy	nonantibody_chain
1eq4	nonantibody_chain
1eq5	nonantibody_chain
1eq9	nonantibody_chain
1eqe	nonantibody_chain
1eqv	nonantibody_chain
1eqy	nonantibody_chain
1erm	nonantibody_chain
1ero	nonantibody_chain
1erq	nonantibody_chain
1erv	nonantibody_chain
1erw	nonantibody_chain
1es0	nonantibody_chain
1esa	nonantibody_chain
1esb	nonantibody_chain
1est	nonantibody_chain
1esu	nonantibody_chain
1esv	nonantibody_chain
1etj	nonantibody_chain
1etr	nonantibody_chain
1ets	nonantibody_chain
1ett	nonantibody_chain
1etz	cdr_similar
1euf	nonantibody_chain
1eug	nonantibody_chain
1eui	nonantibody_chain
1euv	nonantibody_chain
1ev4	nonantibody_chain
1ev9	nonantibody_chain
1ewl	nonantibody_chain
1ewm	nonantibody_chain
1ewo	nonantibody_chain
1ewp	nonantibody_chain
1ewx	nonantibody_chain
1exr	nonantibody_chain
1exu	nonantibody_chain
1ey4	nonantibody_chain
1ey5	nonantibody_chain
1ey6	nonantibody_chain
1ey8	nonantibody_chain
1ey9	nonantibody_chain
1eya	nonantibody_chain
1eyc	nonantibody_chain
1eyd	nonantibody_chain
1eym	nonantibody_chain
1ez6	nonantibody_chain
1ez8	nonantibody_chain
1ez9	nonantibody_chain
1ezk	nonantibody_chain
1ezl	nonantibody_chain
1ezq	nonantibody_chain
1ezs	nonantibody_chain
1ezu	nonantibody_chain
1ezx	nonantibody_chain
1f09	nonantibody_chain
1f0b	nonantibody_chain
1f0q	nonantibody_chain
1f0r	nonantibody_chain
1f0s	nonantibody_chain
1f0t	nonantibody_chain
1f0u	nonantibody_chain
1f0w	nonantibody_chain
1f10	nonantibody_chain
1f11	cdr_similar
1f1c	nonantibody_chain
1f1j	nonantibody_chain
1f21	nonantibody_chain
1f23	nonantibody_chain
1f29	nonantibody_chain
1f2a	nonantibody_chain
1f2b	nonantibody_chain
1f2c	nonantibody_chain
1f2m	nonantibody_chain
1f2q	nonantibody_chain
1f2s	nonantibody_chain
1f2w	nonantibody_chain
1f2x	released_antibody_only
1f2y	nonantibody_chain
1f2z	nonantibody_chain
1f3a	nonantibody_chain
1f3b	nonantibody_chain
1f3d	cdr_similar
1f3j	nonantibody_chain
1f4w	cdr_similar
1f4x	cdr_similar
1f4y	cdr_similar
1f4z	nonantibody_chain
1f50	nonantibody_chain
1f58	cdr_similar
1f5j	nonantibody_chain
1f5k	nonantibody_chain
1f5l	nonantibody_chain
1f5r	nonantibody_chain
1f63	nonantibody_chain
1f65	nonantibody_chain
1f6a	nonantibody_chain
1f6h	nonantibody_chain
1f6l	cdr_similar
1f6r	nonantibody_chain
1f6s	nonantibody_chain
1f70	nonantibody_chain
1f71	nonantibody_chain
1f7a	nonantibody_chain
1f7z	nonantibody_chain
1f88	nonantibody_chain
1f8a	nonantibody_chain
1f8t	cdr_similar
1f90	cdr_similar
1f92	nonantibody_chain
1f9j	nonantibody_chain
1f9m	nonantibody_chain
1f9q	nonantibody_chain
1f9r	nonantibody_chain
1f9s	nonantibody_chain
1fai	cdr_similar
1fak	nonantibody_chain
1fan	nonantibody_chain
1fap	nonantibody_chain
1far	nonantibody_chain
1faw	nonantibody_chain
1fax	nonantibody_chain
1fb0	nonantibody_chain
1fb6	nonantibody_chain
1fb7	nonantibody_chain
1fbb	nonantibody_chain
1fbk	nonantibody_chain
1fbv	nonantibody_chain
1fcg	nonantibody_chain
1fcs	nonantibody_chain
1fd8	nonantibody_chain
1fdh	nonantibody_chain
1fdl	nonantibody_chain
1fdp	nonantibody_chain
1fe0	nonantibody_chain
1fe4	nonantibody_chain
1fee	nonantibody_chain
1fej	nonantibody_chain
1fes	nonantibody_chain
1fev	nonantibody_chain
1ff0	nonantibody_chain
1ff3	nonantibody_chain
1fff	nonantibody_chain
1ffi	nonantibody_chain
1ffn	nonantibody_chain
1ffo	nonantibody_chain
1ffp	nonantibody_chain
1fg4	nonantibody_chain
1fg6	nonantibody_chain
1fg8	nonantibody_chain
1fgb	nonantibody_chain
1fgc	nonantibody_chain
1fgi	nonantibody_chain
1fgk	nonantibody_chain
1fgl	nonantibody_chain
1fgn	cdr_similar
1fgv	cdr_similar
1fgx	nonantibody_chain
1fh0	nonantibody_chain
1fh5	cdr_similar
1fhe	nonantibody_chain
1fhj	nonantibody_chain
1fi7	nonantibody_chain
1fi8	nonantibody_chain
1fib	nonantibody_chain
1fic	nonantibody_chain
1fid	nonantibody_chain
1fig	cdr_similar
1fiw	nonantibody_chain
1fiz	nonantibody_chain
1fj0	nonantibody_chain
1fjm	nonantibody_chain
1fjs	nonantibody_chain
1fkb	nonantibody_chain
1fkc	nonantibody_chain
1fkd	nonantibody_chain
1fkf	nonantibody_chain
1fkg	nonantibody_chain
1fkh	nonantibody_chain
1fki	nonantibody_chain
1fkj	nonantibody_chain
1fkk	nonantibody_chain
1fkl	nonantibody_chain
1fkn	nonantibody_chain
1fkq	nonantibody_chain
1fkt	nonantibody_chain
1fkv	nonantibody_chain
1fl3	cdr_untransferred
1fl5	cdr_similar
1fl6	cdr_similar
1fle	nonantibody_chain
1flj	nonantibody_chain
1flq	nonantibody_chain
1flr	cdr_similar
1flt	nonantibody_chain
1flu	nonantibody_chain
1flw	nonantibody_chain
1fly	nonantibody_chain
1flz	nonantibody_chain
1fm4	nonantibody_chain
1fmb	nonantibody_chain
1fmg	nonantibody_chain
1fmo	nonantibody_chain
1fn3	nonantibody_chain
1fn4	released_antibody_only
1fn5	nonantibody_chain
1fn6	nonantibody_chain
1fn8	nonantibody_chain
1fni	nonantibody_chain
1fnl	nonantibody_chain
1fns	cdr_similar
1fo0	nonantibody_chain
1foi	nonantibody_chain
1foj	nonantibody_chain
1fol	nonantibody_chain
1fon	nonantibody_chain
1foo	nonantibody_chain
1fop	nonantibody_chain
1for	cdr_similar
1fp5	nonantibody_chain
1fpc	nonantibody_chain
1fph	nonantibody_chain
1fpr	nonantibody_chain
1fpt	cdr_similar
1fpu	nonantibody_chain
1fq1	nonantibody_chain
1fq3	nonantibody_chain
1fqa	nonantibody_chain
1fqb	nonantibody_chain
1fqc	nonantibody_chain
1fqd	nonantibody_chain
1fqg	nonantibody_chain
1fqj	nonantibody_chain
1fqk	nonantibody_chain
1fql	nonantibody_chain
1fqm	nonantibody_chain
1fqn	nonantibody_chain
1fqr	nonantibody_chain
1fqx	nonantibody_chain
1fr4	nonantibody_chain
1fr7	nonantibody_chain
1fr8	nonantibody_chain
1fra	nonantibody_chain
1frg	cdr_similar
1fs3	nonantibody_chain
1fsn	nonantibody_chain
1fsq	nonantibody_chain
1fsr	nonantibody_chain
1fsx	nonantibody_chain
1ftn	nonantibody_chain
1fu0	nonantibody_chain
1fu1	nonantibody_chain
1fu5	nonantibody_chain
1fu6	nonantibody_chain
1fuj	nonantibody_chain
1fus	nonantibody_chain
1fut	nonantibody_chain
1fv1	nonantibody_chain
1fv9	nonantibody_chain
1fva	nonantibody_chain
1fvc	cdr_similar
1fvd	cdr_similar
1fve	cdr_similar
1fvg	nonantibody_chain
1fvk	nonantibody_chain
1fvr	nonantibody_chain
1fvt	nonantibody_chain
1fw4	nonantibody_chain
1fx0	nonantibody_chain
1fxt	nonantibody_chain
1fxy	nonantibody_chain
1fy1	nonantibody_chain
1fy3	nonantibody_chain
1fy4	nonantibody_chain
1fy5	nonantibody_chain
1fy8	nonantibody_chain
1fys	nonantibody_chain
1fyt	nonantibody_chain
1fzj	nonantibody_chain
1fzk	nonantibody_chain
1fzm	nonantibody_chain
1fzo	nonantibody_chain
1fzu	nonantibody_chain
1fzy	nonantibody_chain
1fzz	nonantibody_chain
1g02	nonantibody_chain
1g06	nonantibody_chain
1g07	nonantibody_chain
1g08	nonantibody_chain
1g09	nonantibody_chain
1g0a	nonantibody_chain
1g0b	nonantibody_chain
1g0e	nonantibody_chain
1g0f	nonantibody_chain
1g0g	nonantibody_chain
1g0j	nonantibody_chain
1g0k	nonantibody_chain
1g0l	nonantibody_chain
1g0m	nonantibody_chain
1g0p	nonantibody_chain
1g0q	nonantibody_chain
1g0t	nonantibody_chain
1g0w	nonantibody_chain
1g0x	nonantibody_chain
1g15	nonantibody_chain
1g1d	nonantibody_chain
1g1f	nonantibody_chain
1g1g	nonantibody_chain
1g1h	nonantibody_chain
1g1v	nonantibody_chain
1g1w	nonantibody_chain
1g2k	nonantibody_chain
1g2l	nonantibody_chain
1g2m	nonantibody_chain
1g2p	nonantibody_chain
1g2q	nonantibody_chain
1g30	nonantibody_chain
1g32	nonantibody_chain
1g35	nonantibody_chain
1g36	nonantibody_chain
1g37	nonantibody_chain
1g3b	nonantibody_chain
1g3c	nonantibody_chain
1g3d	nonantibody_chain
1g3e	nonantibody_chain
1g3z	nonantibody_chain
1g45	nonantibody_chain
1g46	nonantibody_chain
1g48	nonantibody_chain
1g4j	nonantibody_chain
1g4o	nonantibody_chain
1g4u	nonantibody_chain
1g4v	nonantibody_chain
1g4x	nonantibody_chain
1g4y	nonantibody_chain
1g52	nonantibody_chain
1g53	nonantibody_chain
1g54	nonantibody_chain
1g5j	nonantibody_chain
1g5m	nonantibody_chain
1g5s	nonantibody_chain
1g68	nonantibody_chain
1g6a	nonantibody_chain
1g6l	nonantibody_chain
1g6v	nonantibody_chain
1g6x	nonantibody_chain
1g7f	nonantibody_chain
1g7g	nonantibody_chain
1g7h	nonantibody_chain
1g7i	nonantibody_chain
1g7j	nonantibody_chain
1g7k	nonantibody_chain
1g7l	nonantibody_chain
1g7m	nonantibody_chain
1g7p	nonantibody_chain
1g7q	nonantibody_chain
1g7w	nonantibody_chain
1g7x	nonantibody_chain
1g86	nonantibody_chain
1g8q	nonantibody_chain
1g8z	nonantibody_chain
1g9i	nonantibody_chain
1g9m	nonantibody_chain
1g9n	nonantibody_chain
1g9v	nonantibody_chain
1gaf	cdr_similar
1gag	nonantibody_chain
1gan	nonantibody_chain
1gay	nonantibody_chain
1gaz	nonantibody_chain
1gb0	nonantibody_chain
1gb2	nonantibody_chain
1gb3	nonantibody_chain
1gb5	nonantibody_chain
1gb6	nonantibody_chain
1gb7	nonantibody_chain
1gb8	nonantibody_chain
1gb9	nonantibody_chain
1gbo	nonantibody_chain
1gbt	nonantibody_chain
1gbu	nonantibody_chain
1gbv	nonantibody_chain
1gbw	nonantibody_chain
1gbx	nonantibody_chain
1gby	nonantibody_chain
1gbz	nonantibody_chain
1gc1	nonantibody_chain
1gc6	nonantibody_chain
1gc7	nonantibody_chain
1gcd	nonantibody_chain
1gci	nonantibody_chain
1gcl	nonantibody_chain
1gcm	nonantibody_chain
1gcv	nonantibody_chain
1gcw	nonantibody_chain
1gd6	nonantibody_chain
1gdd	nonantibody_chain
1gdn	nonantibody_chain
1gdq	nonantibody_chain
1gdu	nonantibody_chain
1gdw	nonantibody_chain
1gdx	nonantibody_chain
1ge0	nonantibody_chain
1ge1	nonantibody_chain
1ge2	nonantibody_chain
1ge3	nonantibody_chain
1ge4	nonantibody_chain
1gec	nonantibody_chain
1ger	nonantibody_chain
1ges	nonantibody_chain
1get	nonantibody_chain
1geu	nonantibody_chain
1gev	nonantibody_chain
1gez	nonantibody_chain
1gf0	nonantibody_chain
1gf3	nonantibody_chain
1gf4	nonantibody_chain
1gf5	nonantibody_chain
1gf6	nonantibody_chain
1gf7	nonantibody_chain
1gf8	nonantibody_chain
1gf9	nonantibody_chain
1gfa	nonantibody_chain
1gfe	nonantibody_chain
1gfg	nonantibody_chain
1gfh	nonantibody_chain
1gfi	nonantibody_chain
1gfj	nonantibody_chain
1gfk	nonantibody_chain
1gfl	nonantibody_chain
1gfr	nonantibody_chain
1gft	nonantibody_chain
1gfu	nonantibody_chain
1gfv	nonantibody_chain
1gfw	nonantibody_chain
1gfy	nonantibody_chain
1gg2	nonantibody_chain
1gg6	nonantibody_chain
1ggb	cdr_untransferred
1ggc	cdr_untransferred
1ggd	nonantibody_chain
1ggi	cdr_untransferred
1ggr	nonantibody_chain
1ggx	nonantibody_chain
1ggz	nonantibody_chain
1gh2	nonantibody_chain
1ghf	cdr_similar
1ghi	nonantibody_chain
1ghl	nonantibody_chain
1ghm	nonantibody_chain
1ghp	nonantibody_chain
1ghv	nonantibody_chain
1ghw	nonantibody_chain
1ghx	nonantibody_chain
1ghy	nonantibody_chain
1ghz	nonantibody_chain
1gi0	nonantibody_chain
1gi1	nonantibody_chain
1gi2	nonantibody_chain
1gi3	nonantibody_chain
1gi4	nonantibody_chain
1gi5	nonantibody_chain
1gi6	nonantibody_chain
1gi7	nonantibody_chain
1gi8	nonantibody_chain
1gi9	nonantibody_chain
1gia	nonantibody_chain
1gig	cdr_similar
1gih	nonantibody_chain
1gii	nonantibody_chain
1gij	nonantibody_chain
1gil	nonantibody_chain
1git	nonantibody_chain
1giw	nonantibody_chain
1gj4	nonantibody_chain
1gj5	nonantibody_chain
1gj6	nonantibody_chain
1gj7	nonantibody_chain
1gj8	nonantibody_chain
1gj9	nonantibody_chain
1gja	nonantibody_chain
1gjb	nonantibody_chain
1gjc	nonantibody_chain
1gjd	nonantibody_chain
1gjh	nonantibody_chain
1gjn	nonantibody_chain
1gjo	nonantibody_chain
1gk5	nonantibody_chain
1gk6	nonantibody_chain
1gl0	nonantibody_chain
1gl1	nonantibody_chain
1gl2	nonantibody_chain
1glh	nonantibody_chain
1gli	nonantibody_chain
1glo	nonantibody_chain
1glp	nonantibody_chain
1glq	nonantibody_chain
1gmh	nonantibody_chain
1gmp	nonantibody_chain
1gmq	nonantibody_chain
1gmr	nonantibody_chain
1gmy	nonantibody_chain
1gn8	nonantibody_chain
1gne	nonantibody_chain
1gni	nonantibody_chain
1gnj	nonantibody_chain
1gnm	nonantibody_chain
1gnn	nonantibody_chain
1gno	nonantibody_chain
1gnp	nonantibody_chain
1gnq	nonantibody_chain
1gnr	nonantibody_chain
1gnv	nonantibody_chain
1gob	nonantibody_chain
1goc	nonantibody_chain
1got	nonantibody_chain
1gou	nonantibody_chain
1gov	nonantibody_chain
1goy	nonantibody_chain
1gp2	nonantibody_chain
1gp9	nonantibody_chain
1gpo	cdr_similar
1gpq	nonantibody_chain
1gqf	nonantibody_chain
1gqn	nonantibody_chain
1gqv	nonantibody_chain
1gr7	nonantibody_chain
1gra	nonantibody_chain
1grb	nonantibody_chain
1gre	nonantibody_chain
1grf	nonantibody_chain
1grg	nonantibody_chain
1grh	nonantibody_chain
1grn	nonantibody_chain
1grt	nonantibody_chain
1gsd	nonantibody_chain
1gse	nonantibody_chain
1gsf	nonantibody_chain
1gsn	nonantibody_chain
1gsp	nonantibody_chain
1gss	nonantibody_chain
1gsu	nonantibody_chain
1gsy	nonantibody_chain
1gta	nonantibody_chain
1gtb	nonantibody_chain
1gtu	nonantibody_chain
1gua	nonantibody_chain
1gue	nonantibody_chain
1guh	nonantibody_chain
1guk	nonantibody_chain
1gv4	nonantibody_chain
1gv7	nonantibody_chain
1gvk	nonantibody_chain
1gvl	nonantibody_chain
1gvz	nonantibody_chain
1gwa	nonantibody_chain
1gwd	nonantibody_chain
1gwe	nonantibody_chain
1gwf	nonantibody_chain
1gwh	nonantibody_chain
1gwn	nonantibody_chain
1gwz	nonantibody_chain
1gx6	nonantibody_chain
1gx8	nonantibody_chain
1gx9	nonantibody_chain
1gxa	nonantibody_chain
1gxv	nonantibody_chain
1gxx	nonantibody_chain
1gz8	nonantibody_chain
1gzk	nonantibody_chain
1gzs	nonantibody_chain
1gzx	nonantibody_chain
1h00	nonantibody_chain
1h01	nonantibody_chain
1h07	nonantibody_chain
1h08	nonantibody_chain
1h0d	nonantibody_chain
1h0j	nonantibody_chain
1h0p	nonantibody_chain
1h0v	nonantibody_chain
1h0w	nonantibody_chain
1h15	nonantibody_chain
1h1a	nonantibody_chain
1h1b	nonantibody_chain
1h1t	nonantibody_chain
1h1w	nonantibody_chain
1h1x	nonantibody_chain
1h2s	nonantibody_chain
1h3w	nonantibody_chain
1h4h	nonantibody_chain
1h4n	nonantibody_chain
1h4w	nonantibody_chain
1h52	nonantibody_chain
1h53	nonantibody_chain
1h68	nonantibody_chain
1h6m	nonantibody_chain
1h6n	nonantibody_chain
1h7i	nonantibody_chain
1h87	nonantibody_chain
1h8f	nonantibody_chain
1h8i	nonantibody_chain
1h9i	nonantibody_chain
1h9l	nonantibody_chain
1h9n	nonantibody_chain
1h9q	nonantibody_chain
1h9v	nonantibody_chain
1ha0	nonantibody_chain
1ha4	nonantibody_chain
1haa	nonantibody_chain
1hab	nonantibody_chain
1hac	nonantibody_chain
1hag	nonantibody_chain
1hah	nonantibody_chain
1hai	nonantibody_chain
1haj	nonantibody_chain
1hax	nonantibody_chain
1hay	nonantibody_chain
1haz	nonantibody_chain
1hb0	nonantibody_chain
1hba	nonantibody_chain
1hbb	nonantibody_chain
1hbh	nonantibody_chain
1hbt	nonantibody_chain
1hbv	nonantibody_chain
1hby	nonantibody_chain
1hbz	nonantibody_chain
1hc9	nonantibody_chain
1hca	nonantibody_chain
1hcb	nonantibody_chain
1hcg	nonantibody_chain
1hcj	nonantibody_chain
1hck	nonantibody_chain
1hcl	nonantibody_chain
1hco	nonantibody_chain
1hcv	released_antibody_only
1hda	nonantibody_chain
1hdb	nonantibody_chain
1hdk	nonantibody_chain
1hds	nonantibody_chain
1hdt	nonantibody_chain
1he1	nonantibody_chain
1he8	nonantibody_chain
1hea	nonantibody_chain
1heb	nonantibody_chain
1hec	nonantibody_chain
1hed	nonantibody_chain
1hef	nonantibody_chain
1heg	nonantibody_chain
1hel	nonantibody_chain
1hem	nonantibody_chain
1hen	nonantibody_chain
1heo	nonantibody_chain
1hep	nonantibody_chain
1heq	nonantibody_chain
1her	nonantibody_chain
1hew	nonantibody_chain
1hez	cdr_similar
1hf4	nonantibody_chain
1hfd	nonantibody_chain
1hfx	nonantibody_chain
1hfy	nonantibody_chain
1hfz	nonantibody_chain
1hga	nonantibody_chain
1hgb	nonantibody_chain
1hgc	nonantibody_chain
1hgt	nonantibody_chain
1hh4	nonantibody_chain
1hh6	nonantibody_chain
1hh7	nonantibody_chain
1hh9	nonantibody_chain
1hhg	nonantibody_chain
1hhh	nonantibody_chain
1hhi	nonantibody_chain
1hhj	nonantibody_chain
1hhk	nonantibody_chain
1hhl	nonantibody_chain
1hhp	nonantibody_chain
1hi2	nonantibody_chain
1hi3	nonantibody_chain
1hi4	nonantibody_chain
1hi5	nonantibody_chain
1hi6	nonantibody_chain
1hih	nonantibody_chain
1hii	nonantibody_chain
1hin	cdr_similar
1hiv	nonantibody_chain
1hix	nonantibody_chain
1hj8	nonantibody_chain
1hj9	nonantibody_chain
1hja	nonantibody_chain
1hjm	nonantibody_chain
1hjt	nonantibody_chain
1hjz	nonantibody_chain
1hk1	nonantibody_chain
1hk2	nonantibody_chain
1hk3	nonantibody_chain
1hk4	nonantibody_chain
1hk5	nonantibody_chain
1hkl	cdr_similar
1hlc	nonantibody_chain
1hle	nonantibody_chain
1hlt	nonantibody_chain
1hmk	nonantibody_chain
1hml	nonantibody_chain
1hna	nonantibody_chain
1hnb	nonantibody_chain
1hnc	nonantibody_chain
1hne	nonantibody_chain
1hnf	nonantibody_chain
1hnl	nonantibody_chain
1hoc	nonantibody_chain
1hos	nonantibody_chain
1hp7	nonantibody_chain
1hpo	nonantibody_chain
1hps	nonantibody_chain
1hpv	nonantibody_chain
1hq3	nonantibody_chain
1hq4	released_antibody_only
1hq8	nonantibody_chain
1hqr	nonantibody_chain
1hrm	nonantibody_chain
1hro	nonantibody_chain
1hrt	nonantibody_chain
1hsa	nonantibody_chain
1hsb	nonantibody_chain
1hsg	nonantibody_chain
1hsh	nonantibody_chain
1hsi	nonantibody_chain
1hsw	nonantibody_chain
1hsx	nonantibody_chain
1hsy	nonantibody_chain
1ht3	nonantibody_chain
1ht9	nonantibody_chain
1hte	nonantibody_chain
1htf	nonantibody_chain
1htg	nonantibody_chain
1hti	nonantibody_chain
1htl	nonantibody_chain
1htm	nonantibody_chain
1hu8	nonantibody_chain
1hug	nonantibody_chain
1huh	nonantibody_chain
1huy	nonantibody_chain
1hv7	nonantibody_chain
1hva	nonantibody_chain
1hvc	nonantibody_chain
1hvh	nonantibody_chain
1hvi	nonantibody_chain
1hvj	nonantibody_chain
1hvk	nonantibody_chain
1hvl	nonantibody_chain
1hvr	nonantibody_chain
1hvs	nonantibody_chain
1hwr	nonantibody_chain
1hxb	nonantibody_chain
1hxe	nonantibody_chain
1hxf	nonantibody_chain
1hxw	nonantibody_chain
1hxy	nonantibody_chain
1hyf	nonantibody_chain
1hyl	nonantibody_chain
1hyr	nonantibody_chain
1hz1	nonantibody_chain
1hzj	nonantibody_chain
1hzo	nonantibody_chain
1hzx	nonantibody_chain
1i09	nonantibody_chain
1i0x	nonantibody_chain
1i1a	nonantibody_chain
1i1c	nonantibody_chain
1i1f	nonantibody_chain
1i1y	nonantibody_chain
1i1z	nonantibody_chain
1i20	nonantibody_chain
1i2e	nonantibody_chain
1i2f	nonantibody_chain
1i2g	nonantibody_chain
1i2s	nonantibody_chain
1i2w	nonantibody_chain
1i3d	nonantibody_chain
1i3e	nonantibody_chain
1i3f	nonantibody_chain
1i3g	cdr_untransferred
1i3i	nonantibody_chain
1i3k	nonantibody_chain
1i3l	nonantibody_chain
1i3m	nonantibody_chain
1i3n	nonantibody_chain
1i3o	nonantibody_chain
1i3v	released_antibody_only
1i44	nonantibody_chain
1i45	nonantibody_chain
1i49	nonantibody_chain
1i4d	nonantibody_chain
1i4e	nonantibody_chain
1i4f	nonantibody_chain
1i4l	nonantibody_chain
1i4m	nonantibody_chain
1i4o	nonantibody_chain
1i4t	nonantibody_chain
1i51	nonantibody_chain
1i53	nonantibody_chain
1i54	nonantibody_chain
1i55	nonantibody_chain
1i56	nonantibody_chain
1i57	nonantibody_chain
1i5g	nonantibody_chain
1i5t	nonantibody_chain
1i5x	nonantibody_chain
1i5y	nonantibody_chain
1i6s	nonantibody_chain
1i70	nonantibody_chain
1i7r	nonantibody_chain
1i7t	nonantibody_chain
1i7u	nonantibody_chain
1i7z	cdr_similar
1i83	nonantibody_chain
1i8o	nonantibody_chain
1i8p	nonantibody_chain
1i8v	nonantibody_chain
1i8z	nonantibody_chain
1i90	nonantibody_chain
1i91	nonantibody_chain
1i9i	cdr_similar
1i9j	cdr_similar
1i9l	nonantibody_chain
1i9m	nonantibody_chain
1i9n	nonantibody_chain
1i9o	nonantibody_chain
1i9p	nonantibody_chain
1i9q	nonantibody_chain
1ia8	nonantibody_chain
1iai	cdr_similar
1iak	nonantibody_chain
1ial	nonantibody_chain
1iam	nonantibody_chain
1iao	nonantibody_chain
1iaq	nonantibody_chain
1iau	nonantibody_chain
1iav	nonantibody_chain
1ibe	nonantibody_chain
1ibg	cdr_similar
1ic1	nonantibody_chain
1ic4	nonantibody_chain
1ic5	nonantibody_chain
1ic6	nonantibody_chain
1ic7	nonantibody_chain
1icw	nonantibody_chain
1id5	nonantibody_chain
1ida	nonantibody_chain
1idb	nonantibody_chain
1idg	nonantibody_chain
1idi	nonantibody_chain
1idn	nonantibody_chain
1ido	nonantibody_chain
1iee	nonantibody_chain
1iep	nonantibody_chain
1if2	nonantibody_chain
1if4	nonantibody_chain
1if5	nonantibody_chain
1if6	nonantibody_chain
1if7	nonantibody_chain
1if8	nonantibody_chain
1if9	nonantibody_chain
1ifs	nonantibody_chain
1ift	nonantibody_chain
1ifu	nonantibody_chain
1ig1	nonantibody_chain
1igf	cdr_similar
1igi	cdr_similar
1igj	cdr_similar
1igm	cdr_similar
1igo	nonantibody_chain
1igq	nonantibody_chain
1igu	nonantibody_chain
1ihz	nonantibody_chain
1ii3	nonantibody_chain
1iig	nonantibody_chain
1iih	nonantibody_chain
1iiq	nonantibody_chain
1iiz	nonantibody_chain
1ij0	nonantibody_chain
1ij1	nonantibody_chain
1ij2	nonantibody_chain
1ij3	nonantibody_chain
1ijp	nonantibody_chain
1ik6	nonantibody_chain
1ik8	nonantibody_chain
1ik9	nonantibody_chain
1ikf	cdr_similar
1ikl	nonantibody_chain
1il1	cdr_similar
1il3	nonantibody_chain
1il4	nonantibody_chain
1il5	nonantibody_chain
1il8	nonantibody_chain
1il9	nonantibody_chain
1ilq	nonantibody_chain
1ils	nonantibody_chain
1im9	nonantibody_chain
1inc	nonantibody_chain
1ind	cdr_similar
1ine	cdr_similar
1inq	nonantibody_chain
1inu	nonantibody_chain
1io3	nonantibody_chain
1io5	nonantibody_chain
1ioc	nonantibody_chain
1ioe	nonantibody_chain
1iop	nonantibody_chain
1ioq	nonantibody_chain
1ior	nonantibody_chain
1ios	nonantibody_chain
1iot	nonantibody_chain
1ioz	nonantibody_chain
1ip1	nonantibody_chain
1ip2	nonantibody_chain
1ip3	nonantibody_chain
1ip4	nonantibody_chain
1ip5	nonantibody_chain
1ip6	nonantibody_chain
1ip7	nonantibody_chain
1ipb	nonantibody_chain
1ipc	nonantibody_chain
1iq1	nonantibody_chain
1iq5	nonantibody_chain
1iq9	nonantibody_chain
1iqd	nonantibody_chain
1iqe	nonantibody_chain
1iqf	nonantibody_chain
1iqg	nonantibody_chain
1iqh	nonantibody_chain
1iqi	nonantibody_chain
1iqj	nonantibody_chain
1iqk	nonantibody_chain
1iql	nonantibody_chain
1iqm	nonantibody_chain
1iqn	nonantibody_chain
1iqw	cdr_similar
1ir3	nonantibody_chain
1ir7	nonantibody_chain
1ir8	nonantibody_chain
1ir9	nonantibody_chain
1irc	nonantibody_chain
1ird	nonantibody_chain
1irj	nonantibody_chain
1irk	nonantibody_chain
1irv	nonantibody_chain
1irw	nonantibody_chain
1ist	nonantibody_chain
1it6	nonantibody_chain
1it9	cdr_similar
1ito	nonantibody_chain
1iu8	nonantibody_chain
1iub	nonantibody_chain
1iuc	nonantibody_chain
1iud	nonantibody_chain
1iv5	nonantibody_chain
1ivl	cdr_similar
1ivp	nonantibody_chain
1ivq	nonantibody_chain
1ivr	nonantibody_chain
1iw9	nonantibody_chain
1iwd	nonantibody_chain
1iwh	nonantibody_chain
1iwq	nonantibody_chain
1iwt	nonantibody_chain
1iwu	nonantibody_chain
1iwv	nonantibody_chain
1iww	nonantibody_chain
1iwx	nonantibody_chain
1iwy	nonantibody_chain
1iwz	nonantibody_chain
1ix0	nonantibody_chain
1ix6	nonantibody_chain
1ix7	nonantibody_chain
1ix8	nonantibody_chain
1ixf	nonantibody_chain
1iy3	nonantibody_chain
1iy4	nonantibody_chain
1iy5	nonantibody_chain
1iy6	nonantibody_chain
1iyf	nonantibody_chain
1iyh	nonantibody_chain
1iyi	nonantibody_chain
1iyo	nonantibody_chain
1iyp	nonantibody_chain
1iyq	nonantibody_chain
1iys	nonantibody_chain
1iyt	nonantibody_chain
1iz2	nonantibody_chain
1izh	nonantibody_chain
1izi	nonantibody_chain
1izp	nonantibody_chain
1izq	nonantibody_chain
1izr	nonantibody_chain
1j05	cdr_similar
1j14	nonantibody_chain
1j15	nonantibody_chain
1j16	nonantibody_chain
1j17	nonantibody_chain
1j19	nonantibody_chain
1j1b	nonantibody_chain
1j1c	nonantibody_chain
1j1d	nonantibody_chain
1j1e	nonantibody_chain
1j1m	nonantibody_chain
1j1o	nonantibody_chain
1j1p	nonantibody_chain
1j1x	nonantibody_chain
1j2l	nonantibody_chain
1j2w	nonantibody_chain
1j3f	nonantibody_chain
1j3h	nonantibody_chain
1j4h	nonantibody_chain
1j4i	nonantibody_chain
1j4r	nonantibody_chain
1j52	nonantibody_chain
1j6t	nonantibody_chain
1j74	nonantibody_chain
1j7d	nonantibody_chain
1j7o	nonantibody_chain
1j7p	nonantibody_chain
1j7s	nonantibody_chain
1j7w	nonantibody_chain
1j7y	nonantibody_chain
1j7z	nonantibody_chain
1j80	nonantibody_chain
1j81	nonantibody_chain
1j82	nonantibody_chain
1j86	nonantibody_chain
1j87	nonantibody_chain
1j88	nonantibody_chain
1j89	nonantibody_chain
1j8a	nonantibody_chain
1j8h	nonantibody_chain
1j91	nonantibody_chain
1j9c	nonantibody_chain
1j9w	nonantibody_chain
1ja2	nonantibody_chain
1ja4	nonantibody_chain
1ja6	nonantibody_chain
1ja7	nonantibody_chain
1jah	nonantibody_chain
1jai	nonantibody_chain
1jam	nonantibody_chain
1jat	nonantibody_chain
1jbd	nonantibody_chain
1jbp	nonantibody_chain
1jbu	nonantibody_chain
1jby	nonantibody_chain
1jbz	nonantibody_chain
1jc0	nonantibody_chain
1jc1	nonantibody_chain
1jc6	nonantibody_chain
1jck	nonantibody_chain
1jcz	nonantibody_chain
1jd0	nonantibody_chain
1jdl	nonantibody_chain
1jdo	nonantibody_chain
1jea	nonantibody_chain
1jeb	nonantibody_chain
1jef	nonantibody_chain
1jf1	nonantibody_chain
1jf7	nonantibody_chain
1jf8	nonantibody_chain
1jff	nonantibody_chain
1jfk	nonantibody_chain
1jfp	nonantibody_chain
1jfq	cdr_similar
1jfv	nonantibody_chain
1jgd	nonantibody_chain
1jge	nonantibody_chain
1jgj	nonantibody_chain
1jgl	cdr_similar
1jgs	nonantibody_chain
1jgu	cdr_similar
1jgv	cdr_similar
1jhk	cdr_similar
1jhl	nonantibody_chain
1jht	nonantibody_chain
1jic	nonantibody_chain
1jim	nonantibody_chain
1jir	nonantibody_chain
1jis	nonantibody_chain
1jit	nonantibody_chain
1jiy	nonantibody_chain
1jj0	nonantibody_chain
1jj1	nonantibody_chain
1jj3	nonantibody_chain
1jk7	nonantibody_chain
1jka	nonantibody_chain
1jkb	nonantibody_chain
1jkc	nonantibody_chain
1jkd	nonantibody_chain
1jkk	nonantibody_chain
1jkl	nonantibody_chain
1jks	nonantibody_chain
1jkt	nonantibody_chain
1jkw	nonantibody_chain
1jl1	nonantibody_chain
1jl2	nonantibody_chain
1jl3	nonantibody_chain
1jl4	nonantibody_chain
1jl9	nonantibody_chain
1jld	nonantibody_chain
1jlm	nonantibody_chain
1jlu	nonantibody_chain
1jmo	nonantibody_chain
1jms	nonantibody_chain
1jn4	nonantibody_chain
1jn6	released_antibody_only
1jnk	nonantibody_chain
1jnl	cdr_similar
1jnn	cdr_similar
1joi	nonantibody_chain
1jok	nonantibody_chain
1jol	nonantibody_chain
1jom	nonantibody_chain
1joo	nonantibody_chain
1jou	nonantibody_chain
1jow	nonantibody_chain
1jp5	cdr_similar
1jp6	nonantibody_chain
1jp8	nonantibody_chain
1jp9	nonantibody_chain
1jpa	nonantibody_chain
1jpb	nonantibody_chain
1jpc	nonantibody_chain
1jpf	nonantibody_chain
1jpg	nonantibody_chain
1jpl	nonantibody_chain
1jpo	nonantibody_chain
1jps	nonantibody_chain
1jpt	cdr_similar
1jqh	nonantibody_chain
1jqu	nonantibody_chain
1jr0	nonantibody_chain
1jrh	released
1jrk	nonantibody_chain
1jrr	nonantibody_chain
1jrs	nonantibody_chain
1jrt	nonantibody_chain
1js0	nonantibody_chain
1jse	nonantibody_chain
1jsf	nonantibody_chain
1jsm	nonantibody_chain
1jsn	nonantibody_chain
1jso	nonantibody_chain
1jsu	nonantibody_chain
1jsv	nonantibody_chain
1jtd	nonantibody_chain
1jtg	nonantibody_chain
1jti	nonantibody_chain
1jtm	nonantibody_chain
1jtn	nonantibody_chain
1jto	nonantibody_chain
1jtp	nonantibody_chain
1jtt	nonantibody_chain
1juf	nonantibody_chain
1jug	nonantibody_chain
1juq	nonantibody_chain
1jv0	nonantibody_chain
1jv5	cdr_similar
1jv6	nonantibody_chain
1jv7	nonantibody_chain
1jv9	nonantibody_chain
1jvj	nonantibody_chain
1jvk	cdr_similar
1jvl	nonantibody_chain
1jvp	nonantibody_chain
1jvq	nonantibody_chain
1jvt	nonantibody_chain
1jvu	nonantibody_chain
1jvv	nonantibody_chain
1jvx	nonantibody_chain
1jvy	nonantibody_chain
1jw4	nonantibody_chain
1jw5	nonantibody_chain
1jw8	nonantibody_chain
1jwf	nonantibody_chain
1jwg	nonantibody_chain
1jwj	nonantibody_chain
1jwk	nonantibody_chain
1jwm	nonantibody_chain
1jwp	nonantibody_chain
1jwr	nonantibody_chain
1jws	nonantibody_chain
1jwt	nonantibody_chain
1jwu	nonantibody_chain
1jwv	nonantibody_chain
1jwz	nonantibody_chain
1jxb	nonantibody_chain
1jxe	nonantibody_chain
1jys	nonantibody_chain
1jzd	nonantibody_chain
1jze	nonantibody_chain
1jzf	nonantibody_chain
1jzg	nonantibody_chain
1jzh	nonantibody_chain
1jzi	nonantibody_chain
1jzj	nonantibody_chain
1jzo	nonantibody_chain
1k09	nonantibody_chain
1k0y	nonantibody_chain
1k1i	nonantibody_chain
1k1j	nonantibody_chain
1k1k	nonantibody_chain
1k1l	nonantibody_chain
1k1m	nonantibody_chain
1k1n	nonantibody_chain
1k1o	nonantibody_chain
1k1p	nonantibody_chain
1k1t	nonantibody_chain
1k1u	nonantibody_chain
1k21	nonantibody_chain
1k22	nonantibody_chain
1k26	nonantibody_chain
1k2a	nonantibody_chain
1k2b	nonantibody_chain
1k2c	nonantibody_chain
1k2d	nonantibody_chain
1k2e	nonantibody_chain
1k2i	nonantibody_chain
1k2r	nonantibody_chain
1k2s	nonantibody_chain
1k2t	nonantibody_chain
1k2u	nonantibody_chain
1k33	nonantibody_chain
1k34	nonantibody_chain
1k3a	nonantibody_chain
1k3l	nonantibody_chain
1k3o	nonantibody_chain
1k3y	nonantibody_chain
1k4c	cdr_similar
1k4d	cdr_similar
1k4q	nonantibody_chain
1k58	nonantibody_chain
1k59	nonantibody_chain
1k5a	nonantibody_chain
1k5b	nonantibody_chain
1k5n	nonantibody_chain
1k6c	nonantibody_chain
1k6p	nonantibody_chain
1k6q	cdr_similar
1k6t	nonantibody_chain
1k6u	nonantibody_chain
1k6v	nonantibody_chain
1k86	nonantibody_chain
1k88	nonantibody_chain
1k8d	nonantibody_chain
1k8r	nonantibody_chain
1k9j	nonantibody_chain
1k9o	nonantibody_chain
1kaa	nonantibody_chain
1kab	nonantibody_chain
1kak	nonantibody_chain
1kao	nonantibody_chain
1kav	nonantibody_chain
1kba	nonantibody_chain
1kbg	nonantibody_chain
1kbs	nonantibody_chain
1kbt	nonantibody_chain
1kc4	nonantibody_chain
1kc5	nonantibody_chain
1kcg	nonantibody_chain
1kcr	nonantibody_chain
1kcs	nonantibody_chain
1kct	nonantibody_chain
1kcu	cdr_similar
1kcv	cdr_similar
1kd2	nonantibody_chain
1kdq	nonantibody_chain
1ke5	nonantibody_chain
1ke6	nonantibody_chain
1ke7	nonantibody_chain
1ke8	nonantibody_chain
1ke9	nonantibody_chain
1keb	nonantibody_chain
1kej	nonantibody_chain
1kel	cdr_similar
1kem	cdr_similar
1keq	nonantibody_chain
1kf2	nonantibody_chain
1kf4	nonantibody_chain
1kf5	nonantibody_chain
1kf7	nonantibody_chain
1kf8	nonantibody_chain
1kfa	cdr_similar
1kfh	nonantibody_chain
1kg0	nonantibody_chain
1kg8	nonantibody_chain
1kg9	nonantibody_chain
1kgb	nonantibody_chain
1kgc	nonantibody_chain
1kge	nonantibody_chain
1kgf	nonantibody_chain
1kgg	nonantibody_chain
1kgm	nonantibody_chain
1kh8	nonantibody_chain
1khp	nonantibody_chain
1khq	nonantibody_chain
1kig	nonantibody_chain
1kio	nonantibody_chain
1kip	nonantibody_chain
1kiq	nonantibody_chain
1kir	nonantibody_chain
1kj1	nonantibody_chain
1kj3	nonantibody_chain
1kj4	nonantibody_chain
1kj7	nonantibody_chain
1kjf	nonantibody_chain
1kjg	nonantibody_chain
1kjh	nonantibody_chain
1kjm	nonantibody_chain
1kjv	nonantibody_chain
1kjy	nonantibody_chain
1kkl	nonantibody_chain
1kkm	nonantibody_chain
1kl8	nonantibody_chain
1kli	nonantibody_chain
1klj	nonantibody_chain
1klk	nonantibody_chain
1klt	nonantibody_chain
1kmc	nonantibody_chain
1kme	nonantibody_chain
1kmh	nonantibody_chain
1kmq	nonantibody_chain
1kn2	cdr_similar
1kn4	cdr_similar
1kna	nonantibody_chain
1kne	nonantibody_chain
1kni	nonantibody_chain
1knt	nonantibody_chain
1kop	nonantibody_chain
1koq	nonantibody_chain
1kp5	nonantibody_chain
1kpr	nonantibody_chain
1kps	nonantibody_chain
1kpu	nonantibody_chain
1kpv	nonantibody_chain
1kql	nonantibody_chain
1ks3	nonantibody_chain
1ksn	nonantibody_chain
1kth	nonantibody_chain
1ktl	nonantibody_chain
1ktq	nonantibody_chain
1ktr	cdr_similar
1kts	nonantibody_chain
1ktt	nonantibody_chain
1ktz	nonantibody_chain
1kv5	nonantibody_chain
1kva	nonantibody_chain
1kvb	nonantibody_chain
1kvc	nonantibody_chain
1kvq	nonantibody_chain
1kvu	nonantibody_chain
1kw5	nonantibody_chain
1kw7	nonantibody_chain
1kwq	nonantibody_chain
1kwr	nonantibody_chain
1kxu	nonantibody_chain
1kxw	nonantibody_chain
1kxx	nonantibody_chain
1kxy	nonantibody_chain
1ky0	nonantibody_chain
1ky1	nonantibody_chain
1kyn	nonantibody_chain
1kyp	nonantibody_chain
1kyr	nonantibody_chain
1kys	nonantibody_chain
1kzk	nonantibody_chain
1kzy	nonantibody_chain
1l00	nonantibody_chain
1l01	nonantibody_chain
1l02	nonantibody_chain
1l03	nonantibody_chain
1l04	nonantibody_chain
1l05	nonantibody_chain
1l06	nonantibody_chain
1l07	nonantibody_chain
1l08	nonantibody_chain
1l09	nonantibody_chain
1l0j	nonantibody_chain
1l0k	nonantibody_chain
1l0m	nonantibody_chain
1l0x	nonantibody_chain
1l0y	nonantibody_chain
1l0z	nonantibody_chain
1l10	nonantibody_chain
1l11	nonantibody_chain
1l12	nonantibody_chain
1l13	nonantibody_chain
1l14	nonantibody_chain
1l15	nonantibody_chain
1l16	nonantibody_chain
1l17	nonantibody_chain
1l18	nonantibody_chain
1l19	nonantibody_chain
1l1g	nonantibody_chain
1l20	nonantibody_chain
1l21	nonantibody_chain
1l22	nonantibody_chain
1l23	nonantibody_chain
1l24	nonantibody_chain
1l25	nonantibody_chain
1l26	nonantibody_chain
1l27	nonantibody_chain
1l28	nonantibody_chain
1l29	nonantibody_chain
1l2e	nonantibody_chain
1l2k	nonantibody_chain
1l30	nonantibody_chain
1l31	nonantibody_chain
1l32	nonantibody_chain
1l33	nonantibody_chain
1l34	nonantibody_chain
1l35	nonantibody_chain
1l36	nonantibody_chain
1l37	nonantibody_chain
1l38	nonantibody_chain
1l39	nonantibody_chain
1l3r	nonantibody_chain
1l40	nonantibody_chain
1l41	nonantibody_chain
1l42	nonantibody_chain
1l43	nonantibody_chain
1l44	nonantibody_chain
1l45	nonantibody_chain
1l46	nonantibody_chain
1l47	nonantibody_chain
1l48	nonantibody_chain
1l49	nonantibody_chain
1l4d	nonantibody_chain
1l4w	nonantibody_chain
1l4z	nonantibody_chain
1l50	nonantibody_chain
1l51	nonantibody_chain
1l52	nonantibody_chain
1l53	nonantibody_chain
1l55	nonantibody_chain
1l56	nonantibody_chain
1l57	nonantibody_chain
1l58	nonantibody_chain
1l59	nonantibody_chain
1l60	nonantibody_chain
1l61	nonantibody_chain
1l62	nonantibody_chain
1l63	nonantibody_chain
1l64	nonantibody_chain
1l65	nonantibody_chain
1l66	nonantibody_chain
1l67	nonantibody_chain
1l68	nonantibody_chain
1l69	nonantibody_chain
1l6t	nonantibody_chain
1l6x	nonantibody_chain
1l70	nonantibody_chain
1l71	nonantibody_chain
1l72	nonantibody_chain
1l73	nonantibody_chain
1l74	nonantibody_chain
1l75	nonantibody_chain
1l76	nonantibody_chain
1l77	nonantibody_chain
1l79	nonantibody_chain
1l7i	cdr_similar
1l7t	cdr_similar
1l7z	nonantibody_chain
1l80	nonantibody_chain
1l81	nonantibody_chain
1l82	nonantibody_chain
1l83	nonantibody_chain
1l84	nonantibody_chain
1l85	nonantibody_chain
1l86	nonantibody_chain
1l87	nonantibody_chain
1l88	nonantibody_chain
1l89	nonantibody_chain
1l8b	nonantibody_chain
1l8g	nonantibody_chain
1l8k	nonantibody_chain
1l90	nonantibody_chain
1l91	nonantibody_chain
1l92	nonantibody_chain
1l93	nonantibody_chain
1l94	nonantibody_chain
1l95	nonantibody_chain
1l96	nonantibody_chain
1l97	nonantibody_chain
1l99	nonantibody_chain
1l9h	nonantibody_chain
1la0	nonantibody_chain
1la6	nonantibody_chain
1laa	nonantibody_chain
1lav	nonantibody_chain
1law	nonantibody_chain
1lax	nonantibody_chain
1lbe	nonantibody_chain
1lbk	nonantibody_chain
1lc1	nonantibody_chain
1lcl	nonantibody_chain
1lcn	nonantibody_chain
1ld5	nonantibody_chain
1ld6	nonantibody_chain
1ld9	nonantibody_chain
1ldp	nonantibody_chain
1lds	nonantibody_chain
1ldt	nonantibody_chain
1le4	nonantibody_chain
1leg	nonantibody_chain
1lek	nonantibody_chain
1lf0	nonantibody_chain
1lf5	nonantibody_chain
1lf8	nonantibody_chain
1lfa	nonantibody_chain
1lfd	nonantibody_chain
1lfm	nonantibody_chain
1lfq	nonantibody_chain
1lft	nonantibody_chain
1lfv	nonantibody_chain
1lfy	nonantibody_chain
1lfz	nonantibody_chain
1lg5	nonantibody_chain
1lg6	nonantibody_chain
1lgd	nonantibody_chain
1lgu	nonantibody_chain
1lgv	cdr_similar
1lgw	nonantibody_chain
1lgx	nonantibody_chain
1lhc	nonantibody_chain
1lhd	nonantibody_chain
1lhe	nonantibody_chain
1lhf	nonantibody_chain
1lhg	nonantibody_chain
1lhh	nonantibody_chain
1lhi	nonantibody_chain
1lhj	nonantibody_chain
1lhk	nonantibody_chain
1lhl	nonantibody_chain
1lhm	nonantibody_chain
1lhs	nonantibody_chain
1lht	nonantibody_chain
1lhy	nonantibody_chain
1lhz	cdr_similar
1li0	nonantibody_chain
1li2	nonantibody_chain
1li3	nonantibody_chain
1li6	nonantibody_chain
1li9	nonantibody_chain
1lil	cdr_similar
1lin	nonantibody_chain
1lj3	nonantibody_chain
1lj4	nonantibody_chain
1lje	nonantibody_chain
1ljf	nonantibody_chain
1ljg	nonantibody_chain
1ljh	nonantibody_chain
1lji	nonantibody_chain
1ljj	nonantibody_chain
1ljk	nonantibody_chain
1ljn	nonantibody_chain
1ljp	nonantibody_chain
1ljw	nonantibody_chain
1lk0	nonantibody_chain
1lk2	nonantibody_chain
1lk6	nonantibody_chain
1lka	nonantibody_chain
1lkb	nonantibody_chain
1lkr	nonantibody_chain
1lks	nonantibody_chain
1lkt	nonantibody_chain
1llh	nonantibody_chain
1llr	nonantibody_chain
1lls	nonantibody_chain
1llt	nonantibody_chain
1lm3	nonantibody_chain
1lm8	nonantibody_chain
1lma	nonantibody_chain
1lmc	nonantibody_chain
1lmn	nonantibody_chain
1lmo	nonantibody_chain
1lmp	nonantibody_chain
1lmq	nonantibody_chain
1lms	nonantibody_chain
1lmt	nonantibody_chain
1ln6	nonantibody_chain
1lo0	cdr_similar
1lo2	cdr_similar
1lo3	cdr_similar
1lo4	cdr_similar
1lo5	nonantibody_chain
1lo6	nonantibody_chain
1lou	nonantibody_chain
1lov	nonantibody_chain
1low	nonantibody_chain
1loy	nonantibody_chain
1loz	nonantibody_chain
1lp1	nonantibody_chain
1lp4	nonantibody_chain
1lpe	nonantibody_chain
1lpg	nonantibody_chain
1lpi	nonantibody_chain
1lpk	nonantibody_chain
1lpu	nonantibody_chain
1lpy	nonantibody_chain
1lpz	nonantibody_chain
1lqb	nonantibody_chain
1lqd	nonantibody_chain
1lqe	nonantibody_chain
1lqg	nonantibody_chain
1lqj	nonantibody_chain
1lr4	nonantibody_chain
1lra	nonantibody_chain
1lri	nonantibody_chain
1lrj	nonantibody_chain
1lrk	nonantibody_chain
1lrl	nonantibody_chain
1lsa	nonantibody_chain
1lsb	nonantibody_chain
1lsc	nonantibody_chain
1lsd	nonantibody_chain
1lsf	nonantibody_chain
1lsg	nonantibody_chain
1lsm	nonantibody_chain
1lsn	nonantibody_chain
1lsq	nonantibody_chain
1lsy	nonantibody_chain
1lsz	nonantibody_chain
1lt3	nonantibody_chain
1lt4	nonantibody_chain
1lt5	nonantibody_chain
1lta	nonantibody_chain
1ltb	nonantibody_chain
1ltg	nonantibody_chain
1lti	nonantibody_chain
1lto	nonantibody_chain
1ltr	nonantibody_chain
1lts	nonantibody_chain
1ltw	nonantibody_chain
1lue	nonantibody_chain
1lug	nonantibody_chain
1lv1	nonantibody_chain
1lve	cdr_similar
1lvy	nonantibody_chain
1lw6	nonantibody_chain
1lw9	nonantibody_chain
1lwd	nonantibody_chain
1lwg	nonantibody_chain
1lwk	nonantibody_chain
1lxg	nonantibody_chain
1lxh	nonantibody_chain
1lxl	nonantibody_chain
1ly3	nonantibody_chain
1ly4	nonantibody_chain
1lyd	nonantibody_chain
1lye	nonantibody_chain
1lyf	nonantibody_chain
1lyg	nonantibody_chain
1lyh	nonantibody_chain
1lyi	nonantibody_chain
1lyj	nonantibody_chain
1lyo	nonantibody_chain
1lyv	nonantibody_chain
1lyx	nonantibody_chain
1lyy	nonantibody_chain
1lyz	nonantibody_chain
1lz4	nonantibody_chain
1lz5	nonantibody_chain
1lz6	nonantibody_chain
1lz8	nonantibody_chain
1lz9	nonantibody_chain
1lza	nonantibody_chain
1lzb	nonantibody_chain
1lzc	nonantibody_chain
1lzd	nonantibody_chain
1lze	nonantibody_chain
1lzg	nonantibody_chain
1lzn	nonantibody_chain
1lzo	nonantibody_chain
1lzq	nonantibody_chain
1lzr	nonantibody_chain
1lzs	nonantibody_chain
1lzt	nonantibody_chain
1lzv	nonantibody_chain
1lzx	nonantibody_chain
1lzy	nonantibody_chain
1lzz	nonantibody_chain
1m00	nonantibody_chain
1m05	nonantibody_chain
1m0b	nonantibody_chain
1m0l	nonantibody_chain
1m14	nonantibody_chain
1m15	nonantibody_chain
1m17	nonantibody_chain
1m1d	nonantibody_chain
1m1u	nonantibody_chain
1m2p	nonantibody_chain
1m2q	nonantibody_chain
1m2r	nonantibody_chain
1m2t	nonantibody_chain
1m40	nonantibody_chain
1m45	nonantibody_chain
1m46	nonantibody_chain
1m4h	nonantibody_chain
1m4w	nonantibody_chain
1m52	nonantibody_chain
1m60	nonantibody_chain
1m6c	nonantibody_chain
1m6d	nonantibody_chain
1m6j	nonantibody_chain
1m6m	nonantibody_chain
1m6o	nonantibody_chain
1m6t	nonantibody_chain
1m71	cdr_similar
1m72	nonantibody_chain
1m7b	nonantibody_chain
1m7d	cdr_similar
1m7i	cdr_similar
1m7n	nonantibody_chain
1m7o	nonantibody_chain
1m7p	nonantibody_chain
1m7v	nonantibody_chain
1m7z	nonantibody_chain
1m85	nonantibody_chain
1m8d	nonantibody_chain
1m8e	nonantibody_chain
1m8h	nonantibody_chain
1m8i	nonantibody_chain
1m99	nonantibody_chain
1m9a	nonantibody_chain
1m9b	nonantibody_chain
1m9c	nonantibody_chain
1m9d	nonantibody_chain
1m9e	nonantibody_chain
1m9f	nonantibody_chain
1m9j	nonantibody_chain
1m9k	nonantibody_chain
1m9m	nonantibody_chain
1m9p	nonantibody_chain
1m9q	nonantibody_chain
1m9r	nonantibody_chain
1m9t	nonantibody_chain
1m9u	nonantibody_chain
1m9z	nonantibody_chain
1mac	nonantibody_chain
1mam	cdr_similar
1map	nonantibody_chain
1maq	nonantibody_chain
1max	nonantibody_chain
1may	nonantibody_chain
1maz	nonantibody_chain
1mbd	nonantibody_chain
1mbi	nonantibody_chain
1mbl	nonantibody_chain
1mbn	nonantibody_chain
1mbo	nonantibody_chain
1mbq	nonantibody_chain
1mbs	nonantibody_chain
1mcb	cdr_similar
1mcc	cdr_similar
1mcd	cdr_similar
1mce	cdr_similar
1mcf	cdr_similar
1mch	cdr_similar
1mci	cdr_similar
1mcj	cdr_similar
1mck	cdr_similar
1mcn	cdr_similar
1mco	cdr_similar
1mcp	cdr_similar
1mcq	cdr_similar
1mcr	cdr_similar
1mcs	cdr_similar
1mct	nonantibody_chain
1mcv	nonantibody_chain
1mcw	cdr_similar
1mcy	nonantibody_chain
1md2	nonantibody_chain
1md3	nonantibody_chain
1md4	nonantibody_chain
1mdi	nonantibody_chain
1mdn	nonantibody_chain
1mdp	nonantibody_chain
1mdq	nonantibody_chain
1mdu	nonantibody_chain
1me3	nonantibody_chain
1me4	nonantibody_chain
1mee	nonantibody_chain
1meg	nonantibody_chain
1mel	nonantibody_chain
1mem	nonantibody_chain
1mer	nonantibody_chain
1mes	nonantibody_chain
1met	nonantibody_chain
1meu	nonantibody_chain
1mex	cdr_similar
1mf2	cdr_similar
1mf7	nonantibody_chain
1mf8	nonantibody_chain
1mfa	released_antibody_only
1mfb	released_antibody_only
1mfc	released_antibody_only
1mfd	released_antibody_only
1mfe	released_antibody_only
1mg1	nonantibody_chain
1mg8	nonantibody_chain
1mgn	nonantibody_chain
1mgr	nonantibody_chain
1mgw	nonantibody_chain
1mgy	nonantibody_chain
1mh0	nonantibody_chain
1mh3	nonantibody_chain
1mh4	nonantibody_chain
1mh5	cdr_similar
1mhc	nonantibody_chain
1mhe	nonantibody_chain
1mhh	released
1mho	nonantibody_chain
1mhx	nonantibody_chain
1mi0	nonantibody_chain
1mi5	nonantibody_chain
1mie	cdr_similar
1mik	nonantibody_chain
1mim	released_antibody_only
1mir	nonantibody_chain
1mj0	nonantibody_chain
1mj7	cdr_similar
1mj8	cdr_similar
1mjj	cdr_similar
1mjn	nonantibody_chain
1mju	cdr_similar
1mjv	nonantibody_chain
1mkg	nonantibody_chain
1mkk	nonantibody_chain
1mko	nonantibody_chain
1mkw	nonantibody_chain
1mkx	nonantibody_chain
1ml6	nonantibody_chain
1mlb	cdr_similar
1mlf	nonantibody_chain
1mlg	nonantibody_chain
1mlh	nonantibody_chain
1mlj	nonantibody_chain
1mlk	nonantibody_chain
1mll	nonantibody_chain
1mlm	nonantibody_chain
1mln	nonantibody_chain
1mlo	nonantibody_chain
1mlq	nonantibody_chain
1mlr	nonantibody_chain
1mls	nonantibody_chain
1mlu	nonantibody_chain
1mmj	nonantibody_chain
1mmv	nonantibody_chain
1mmw	nonantibody_chain
1mnh	nonantibody_chain
1mni	nonantibody_chain
1mnj	nonantibody_chain
1mnk	nonantibody_chain
1mno	nonantibody_chain
1mo0	nonantibody_chain
1mo1	nonantibody_chain
1moa	nonantibody_chain
1mob	nonantibody_chain
1moc	nonantibody_chain
1mod	nonantibody_chain
1moo	nonantibody_chain
1mpa	cdr_similar
1mpb	nonantibody_chain
1mpc	nonantibody_chain
1mpd	nonantibody_chain
1mpt	nonantibody_chain
1mpu	nonantibody_chain
1mq4	nonantibody_chain
1mq5	nonantibody_chain
1mq6	nonantibody_chain
1mq8	nonantibody_chain
1mq9	nonantibody_chain
1mqa	nonantibody_chain
1mqb	nonantibody_chain
1mqf	nonantibody_chain
1mr8	nonantibody_chain
1mrc	cdr_similar
1mrd	cdr_similar
1mre	cdr_similar
1mrf	cdr_similar
1mru	nonantibody_chain
1mrv	nonantibody_chain
1mrw	nonantibody_chain
1mrx	nonantibody_chain
1mry	nonantibody_chain
1ms6	nonantibody_chain
1msa	nonantibody_chain
1msg	nonantibody_chain
1msm	nonantibody_chain
1msn	nonantibody_chain
1mss	nonantibody_chain
1mt7	nonantibody_chain
1mt8	nonantibody_chain
1mt9	nonantibody_chain
1mtb	nonantibody_chain
1mtc	nonantibody_chain
1mti	nonantibody_chain
1mtj	nonantibody_chain
1mtk	nonantibody_chain
1mtn	nonantibody_chain
1mtp	nonantibody_chain
1mtr	nonantibody_chain
1mts	nonantibody_chain
1mtu	nonantibody_chain
1mtv	nonantibody_chain
1mtw	nonantibody_chain
1mu4	nonantibody_chain
1mu6	nonantibody_chain
1mu8	nonantibody_chain
1mua	nonantibody_chain
1mue	nonantibody_chain
1mui	nonantibody_chain
1muo	nonantibody_chain
1mv4	nonantibody_chain
1mvk	nonantibody_chain
1mvu	cdr_similar
1mwc	nonantibody_chain
1mwd	nonantibody_chain
1mxe	nonantibody_chain
1myg	nonantibody_chain
1myh	nonantibody_chain
1myi	nonantibody_chain
1myj	nonantibody_chain
1mym	nonantibody_chain
1myt	nonantibody_chain
1myw	nonantibody_chain
1myz	nonantibody_chain
1mz0	nonantibody_chain
1mz4	nonantibody_chain
1mza	nonantibody_chain
1mzd	nonantibody_chain
1mzg	nonantibody_chain
1mzw	nonantibody_chain
1n0x	released
1n0y	nonantibody_chain
1n1x	nonantibody_chain
1n2d	nonantibody_chain
1n2n	nonantibody_chain
1n2r	nonantibody_chain
1n3w	nonantibody_chain
1n3x	nonantibody_chain
1n3z	nonantibody_chain
1n49	nonantibody_chain
1n4f	nonantibody_chain
1n4o	nonantibody_chain
1n4x	cdr_similar
1n55	nonantibody_chain
1n59	nonantibody_chain
1n64	released
1n67	nonantibody_chain
1n6x	nonantibody_chain
1n6y	nonantibody_chain
1n72	nonantibody_chain
1n7k	nonantibody_chain
1n7m	cdr_similar
1n8o	nonantibody_chain
1n9b	nonantibody_chain
1n9f	nonantibody_chain
1n9h	nonantibody_chain
1n9i	nonantibody_chain
1n9x	nonantibody_chain
1n9z	nonantibody_chain
1na5	nonantibody_chain
1na7	nonantibody_chain
1nag	nonantibody_chain
1nah	nonantibody_chain
1nai	nonantibody_chain
1nak	cdr_similar
1nam	nonantibody_chain
1nan	nonantibody_chain
1nap	nonantibody_chain
1naz	nonantibody_chain
1nbv	cdr_similar
1nby	nonantibody_chain
1nbz	nonantibody_chain
1nc1	nonantibody_chain
1nc2	cdr_similar
1nc3	nonantibody_chain
1nc4	cdr_similar
1nc6	nonantibody_chain
1nca	cdr_similar
1ncb	cdr_similar
1ncc	cdr_similar
1ncd	cdr_similar
1ncw	cdr_similar
1ncx	nonantibody_chain
1ncy	nonantibody_chain
1ncz	nonantibody_chain
1ndd	nonantibody_chain
1ndg	nonantibody_chain
1ndm	nonantibody_chain
1ndq	nonantibody_chain
1ndu	nonantibody_chain
1nea	nonantibody_chain
1nej	nonantibody_chain
1nel	nonantibody_chain
1nes	nonantibody_chain
1ney	nonantibody_chain
1nf0	nonantibody_chain
1nf3	nonantibody_chain
1nf5	nonantibody_chain
1nfo	nonantibody_chain
1nfu	nonantibody_chain
1nfw	nonantibody_chain
1nfx	nonantibody_chain
1nfy	nonantibody_chain
1ngp	cdr_similar
1ngq	cdr_similar
1ngw	cdr_similar
1ngx	cdr_similar
1ngy	cdr_similar
1ngz	cdr_similar
1nh0	nonantibody_chain
1nhb	nonantibody_chain
1nhe	nonantibody_chain
1ni2	nonantibody_chain
1nih	nonantibody_chain
1niv	nonantibody_chain
1niw	nonantibody_chain
1nj9	cdr_similar
1nk1	nonantibody_chain
1nkh	nonantibody_chain
1nkn	nonantibody_chain
1nl0	cdr_similar
1nl5	nonantibody_chain
1nl6	nonantibody_chain
1nlb	released_antibody_only
1nld	cdr_similar
1nlj	nonantibody_chain
1nlv	nonantibody_chain
1nm0	nonantibody_chain
1nm1	nonantibody_chain
1nm6	nonantibody_chain
1nma	cdr_similar
1nmb	cdr_similar
1nmd	nonantibody_chain
1nme	nonantibody_chain
1nmi	nonantibody_chain
1nmk	nonantibody_chain
1nmm	nonantibody_chain
1nmq	nonantibody_chain
1nms	nonantibody_chain
1nmu	nonantibody_chain
1nn6	nonantibody_chain
1no9	nonantibody_chain
1noc	nonantibody_chain
1nod	nonantibody_chain
1nog	nonantibody_chain
1nos	nonantibody_chain
1npa	nonantibody_chain
1npf	nonantibody_chain
1npg	nonantibody_chain
1npl	nonantibody_chain
1npm	nonantibody_chain
1npv	nonantibody_chain
1npw	nonantibody_chain
1npz	nonantibody_chain
1nq9	nonantibody_chain
1nqb	cdr_similar
1nqc	nonantibody_chain
1nqi	nonantibody_chain
1nql	nonantibody_chain
1nqp	nonantibody_chain
1nrn	nonantibody_chain
1nro	nonantibody_chain
1nrp	nonantibody_chain
1nrq	nonantibody_chain
1nrr	nonantibody_chain
1nrs	nonantibody_chain
1ns6	nonantibody_chain
1ns9	nonantibody_chain
1nse	nonantibody_chain
1nsg	nonantibody_chain
1nsn	nonantibody_chain
1nsw	nonantibody_chain
1nt1	nonantibody_chain
1nt3	nonantibody_chain
1ntn	nonantibody_chain
1ntp	nonantibody_chain
1nty	nonantibody_chain
1nuc	nonantibody_chain
1nvq	nonantibody_chain
1nvr	nonantibody_chain
1nvs	nonantibody_chain
1nvu	nonantibody_chain
1nvv	nonantibody_chain
1nvw	nonantibody_chain
1nvx	nonantibody_chain
1nw2	nonantibody_chain
1nwa	nonantibody_chain
1nwe	nonantibody_chain
1nwg	nonantibody_chain
1nwl	nonantibody_chain
1nwo	nonantibody_chain
1nwp	nonantibody_chain
1nxb	nonantibody_chain
1nxy	nonantibody_chain
1ny0	nonantibody_chain
1ny2	nonantibody_chain
1nym	nonantibody_chain
1nyy	nonantibody_chain
1nz2	nonantibody_chain
1nz3	nonantibody_chain
1nz4	nonantibody_chain
1nz5	nonantibody_chain
1nzq	nonantibody_chain
1nzr	nonantibody_chain
1o0d	nonantibody_chain
1o0e	nonantibody_chain
1o0f	nonantibody_chain
1o0h	nonantibody_chain
1o0m	nonantibody_chain
1o0n	nonantibody_chain
1o0o	nonantibody_chain
1o0r	nonantibody_chain
1o0v	nonantibody_chain
1o16	nonantibody_chain
1o1i	nonantibody_chain
1o1j	nonantibody_chain
1o1k	nonantibody_chain
1o1l	nonantibody_chain
1o1m	nonantibody_chain
1o1n	nonantibody_chain
1o1o	nonantibody_chain
1o1p	nonantibody_chain
1o23	nonantibody_chain
1o2g	nonantibody_chain
1o2h	nonantibody_chain
1o2i	nonantibody_chain
1o2j	nonantibody_chain
1o2k	nonantibody_chain
1o2l	nonantibody_chain
1o2m	nonantibody_chain
1o2n	nonantibody_chain
1o2o	nonantibody_chain
1o2p	nonantibody_chain
1o2q	nonantibody_chain
1o2r	nonantibody_chain
1o2s	nonantibody_chain
1o2t	nonantibody_chain
1o2u	nonantibody_chain
1o2v	nonantibody_chain
1o2w	nonantibody_chain
1o2x	nonantibody_chain
1o2y	nonantibody_chain
1o2z	nonantibody_chain
1o30	nonantibody_chain
1o31	nonantibody_chain
1o32	nonantibody_chain
1o33	nonantibody_chain
1o34	nonantibody_chain
1o35	nonantibody_chain
1o36	nonantibody_chain
1o37	nonantibody_chain
1o38	nonantibody_chain
1o39	nonantibody_chain
1o3a	nonantibody_chain
1o3b	nonantibody_chain
1o3c	nonantibody_chain
1o3d	nonantibody_chain
1o3e	nonantibody_chain
1o3f	nonantibody_chain
1o3g	nonantibody_chain
1o3h	nonantibody_chain
1o3i	nonantibody_chain
1o3j	nonantibody_chain
1o3k	nonantibody_chain
1o3l	nonantibody_chain
1o3m	nonantibody_chain
1o3n	nonantibody_chain
1o3o	nonantibody_chain
1o3p	nonantibody_chain
1o5a	nonantibody_chain
1o5b	nonantibody_chain
1o5c	nonantibody_chain
1o5d	nonantibody_chain
1o5e	nonantibody_chain
1o5f	nonantibody_chain
1o5g	nonantibody_chain
1o5x	nonantibody_chain
1o6k	nonantibody_chain
1o6l	nonantibody_chain
1o6y	nonantibody_chain
1o7e	nonantibody_chain
1o7u	nonantibody_chain
1o85	nonantibody_chain
1o8w	nonantibody_chain
1o9u	nonantibody_chain
1o9x	nonantibody_chain
1oa5	nonantibody_chain
1oa6	nonantibody_chain
1oa8	nonantibody_chain
1oak	cdr_similar
1oan	nonantibody_chain
1oaq	cdr_similar
1oar	cdr_similar
1oax	cdr_similar
1oay	cdr_similar
1oaz	nonantibody_chain
1obm	nonantibody_chain
1obs	nonantibody_chain
1obt	nonantibody_chain
1ocd	nonantibody_chain
1ocw	cdr_similar
1odw	nonantibody_chain
1odx	nonantibody_chain
1ody	nonantibody_chain
1oep	nonantibody_chain
1of2	nonantibody_chain
1ofj	nonantibody_chain
1ofk	nonantibody_chain
1ofz	nonantibody_chain
1ogt	nonantibody_chain
1ogw	nonantibody_chain
1ohq	released_antibody_only
1ohr	nonantibody_chain
1oiq	nonantibody_chain
1oir	nonantibody_chain
1oit	nonantibody_chain
1oiv	nonantibody_chain
1ok8	nonantibody_chain
1oke	nonantibody_chain
1okl	nonantibody_chain
1okm	nonantibody_chain
1okn	nonantibody_chain
1okx	nonantibody_chain
1ol0	released_antibody_only
1om1	nonantibody_chain
1om4	nonantibody_chain
1om5	nonantibody_chain
1omp	nonantibody_chain
1one	nonantibody_chain
1ong	nonantibody_chain
1onj	nonantibody_chain
1onk	nonantibody_chain
1onq	nonantibody_chain
1oo3	nonantibody_chain
1oo4	nonantibody_chain
1oo8	nonantibody_chain
1ooj	nonantibody_chain
1ook	nonantibody_chain
1op0	nonantibody_chain
1op2	nonantibody_chain
1op9	nonantibody_chain
1opd	nonantibody_chain
1opg	cdr_similar
1oph	nonantibody_chain
1opj	nonantibody_chain
1opk	nonantibody_chain
1opl	nonantibody_chain
1opz	nonantibody_chain
1oq5	nonantibody_chain
1oql	nonantibody_chain
1oqm	nonantibody_chain
1oqo	nonantibody_chain
1oqx	nonantibody_chain
1or2	nonantibody_chain
1or3	nonantibody_chain
1orf	nonantibody_chain
1orq	cdr_similar
1ors	cdr_similar
1os5	nonantibody_chain
1os8	nonantibody_chain
1osa	nonantibody_chain
1osp	nonantibody_chain
1oss	nonantibody_chain
1osz	nonantibody_chain
1ou5	nonantibody_chain
1ou8	nonantibody_chain
1ou9	nonantibody_chain
1oua	nonantibody_chain
1oub	nonantibody_chain
1ouc	nonantibody_chain
1oud	nonantibody_chain
1oue	nonantibody_chain
1ouf	nonantibody_chain
1oug	nonantibody_chain
1ouh	nonantibody_chain
1oui	nonantibody_chain
1ouj	nonantibody_chain
1oul	nonantibody_chain
1out	nonantibody_chain
1ouu	nonantibody_chain
1ov5	nonantibody_chain
1ov7	nonantibody_chain
1ovh	nonantibody_chain
1ovj	nonantibody_chain
1ovk	nonantibody_chain
1ovo	nonantibody_chain
1ow0	nonantibody_chain
1ow3	nonantibody_chain
1ow6	nonantibody_chain
1ow7	nonantibody_chain
1owd	nonantibody_chain
1owe	nonantibody_chain
1owh	nonantibody_chain
1owi	nonantibody_chain
1owj	nonantibody_chain
1owk	nonantibody_chain
1owy	nonantibody_chain
1owz	nonantibody_chain
1ox1	nonantibody_chain
1ox8	nonantibody_chain
1ox9	nonantibody_chain
1oxd	nonantibody_chain
1oxe	nonantibody_chain
1oxf	nonantibody_chain
1oxg	nonantibody_chain
1oxo	nonantibody_chain
1oxp	nonantibody_chain
1oyh	nonantibody_chain
1oyo	nonantibody_chain
1oyq	nonantibody_chain
1oyt	nonantibody_chain
1oyu	nonantibody_chain
1oyv	nonantibody_chain
1ozn	nonantibody_chain
1p0s	nonantibody_chain
1p14	nonantibody_chain
1p1z	nonantibody_chain
1p2a	nonantibody_chain
1p2i	nonantibody_chain
1p2j	nonantibody_chain
1p2k	nonantibody_chain
1p2l	nonantibody_chain
1p2m	nonantibody_chain
1p2n	nonantibody_chain
1p2o	nonantibody_chain
1p2q	nonantibody_chain
1p2r	nonantibody_chain
1p2s	nonantibody_chain
1p2t	nonantibody_chain
1p2u	nonantibody_chain
1p2v	nonantibody_chain
1p36	nonantibody_chain
1p37	nonantibody_chain
1p3n	nonantibody_chain
1p3q	nonantibody_chain
1p43	nonantibody_chain
1p46	nonantibody_chain
1p48	nonantibody_chain
1p4b	nonantibody_chain
1p4f	nonantibody_chain
1p4i	cdr_similar
1p4l	nonantibody_chain
1p4o	nonantibody_chain
1p50	nonantibody_chain
1p52	nonantibody_chain
1p56	nonantibody_chain
1p57	nonantibody_chain
1p5c	nonantibody_chain
1p64	nonantibody_chain
1p6h	nonantibody_chain
1p6i	nonantibody_chain
1p6j	nonantibody_chain
1p6k	nonantibody_chain
1p6l	nonantibody_chain
1p6m	nonantibody_chain
1p6n	nonantibody_chain
1p6y	nonantibody_chain
1p7e	nonantibody_chain
1p7f	nonantibody_chain
1p7k	cdr_similar
1p7n	nonantibody_chain
1p7q	nonantibody_chain
1p7s	nonantibody_chain
1p7v	nonantibody_chain
1p7w	nonantibody_chain
1p8i	nonantibody_chain
1p8t	nonantibody_chain
1p8v	nonantibody_chain
1p8z	nonantibody_chain
1p9i	nonantibody_chain
1p9s	nonantibody_chain
1pa1	nonantibody_chain
1pa9	nonantibody_chain
1pad	nonantibody_chain
1pau	nonantibody_chain
1pbh	nonantibody_chain
1pbk	nonantibody_chain
1pbx	nonantibody_chain
1pc8	nonantibody_chain
1pd2	nonantibody_chain
1pdg	nonantibody_chain
1pdq	nonantibody_chain
1pdr	nonantibody_chain
1pdv	nonantibody_chain
1pdy	nonantibody_chain
1pdz	nonantibody_chain
1pe0	nonantibody_chain
1pe6	nonantibody_chain
1peb	nonantibody_chain
1pek	nonantibody_chain
1pew	cdr_similar
1pf8	nonantibody_chain
1pfg	nonantibody_chain
1pfx	nonantibody_chain
1pgn	nonantibody_chain
1pgo	nonantibody_chain
1pgp	nonantibody_chain
1pgq	nonantibody_chain
1pgt	nonantibody_chain
1pgx	nonantibody_chain
1phk	nonantibody_chain
1phr	nonantibody_chain
1pin	nonantibody_chain
1pio	nonantibody_chain
1pip	nonantibody_chain
1piq	nonantibody_chain
1pj8	nonantibody_chain
1pjk	nonantibody_chain
1pjm	nonantibody_chain
1pjn	nonantibody_chain
1pjp	nonantibody_chain
1pjq	nonantibody_chain
1pjs	nonantibody_chain
1pjt	nonantibody_chain
1pkw	nonantibody_chain
1pkz	nonantibody_chain
1pl1	nonantibody_chain
1pl2	nonantibody_chain
1plf	nonantibody_chain
1plg	cdr_similar
1plj	nonantibody_chain
1plk	nonantibody_chain
1pll	nonantibody_chain
1plq	nonantibody_chain
1plr	nonantibody_chain
1pmb	nonantibody_chain
1pmn	nonantibody_chain
1pmu	nonantibody_chain
1pmv	nonantibody_chain
1pop	nonantibody_chain
1ppb	nonantibody_chain
1ppc	nonantibody_chain
1ppd	nonantibody_chain
1ppe	nonantibody_chain
1ppg	nonantibody_chain
1pph	nonantibody_chain
1ppp	nonantibody_chain
1ppz	nonantibody_chain
1pq0	nonantibody_chain
1pq1	nonantibody_chain
1pq5	nonantibody_chain
1pq7	nonantibody_chain
1pq8	nonantibody_chain
1pqa	nonantibody_chain
1pqd	nonantibody_chain
1pqi	nonantibody_chain
1pqj	nonantibody_chain
1pqk	nonantibody_chain
1pqm	nonantibody_chain
1pqo	nonantibody_chain
1pqz	nonantibody_chain
1pro	nonantibody_chain
1prx	nonantibody_chain
1ps5	nonantibody_chain
1psi	nonantibody_chain
1psk	cdr_similar
1ptf	nonantibody_chain
1ptg	nonantibody_chain
1ptk	nonantibody_chain
1ptt	nonantibody_chain
1ptu	nonantibody_chain
1ptv	nonantibody_chain
1pty	nonantibody_chain
1pu9	nonantibody_chain
1pua	nonantibody_chain
1pum	nonantibody_chain
1puu	nonantibody_chain
1pv6	nonantibody_chain
1pv7	nonantibody_chain
1pvx	nonantibody_chain
1pw2	nonantibody_chain
1pw3	cdr_similar
1px6	nonantibody_chain
1px7	nonantibody_chain
1pxh	nonantibody_chain
1pxi	nonantibody_chain
1pxj	nonantibody_chain
1pxk	nonantibody_chain
1pxl	nonantibody_chain
1pxm	nonantibody_chain
1pxn	nonantibody_chain
1pxo	nonantibody_chain
1pxp	nonantibody_chain
1pxr	nonantibody_chain
1pxs	nonantibody_chain
1py1	nonantibody_chain
1py3	nonantibody_chain
1py4	nonantibody_chain
1py6	nonantibody_chain
1pye	nonantibody_chain
1pyl	nonantibody_chain
1pyo	nonantibody_chain
1pyt	nonantibody_chain
1pyx	nonantibody_chain
1pz5	cdr_similar
1pzi	nonantibody_chain
1pzj	nonantibody_chain
1pzk	nonantibody_chain
1pzo	nonantibody_chain
1pzp	nonantibody_chain
1pzt	nonantibody_chain
1pzv	nonantibody_chain
1pzy	nonantibody_chain
1q0x	cdr_similar
1q0y	cdr_similar
1q1j	cdr_similar
1q1s	nonantibody_chain
1q1t	nonantibody_chain
1q21	nonantibody_chain
1q24	nonantibody_chain
1q2c	nonantibody_chain
1q2n	nonantibody_chain
1q2o	nonantibody_chain
1q2p	nonantibody_chain
1q2u	nonantibody_chain
1q2w	nonantibody_chain
1q34	nonantibody_chain
1q3d	nonantibody_chain
1q3l	nonantibody_chain
1q3w	nonantibody_chain
1q41	nonantibody_chain
1q4a	nonantibody_chain
1q4b	nonantibody_chain
1q4c	nonantibody_chain
1q4d	nonantibody_chain
1q4e	nonantibody_chain
1q4l	nonantibody_chain
1q5i	nonantibody_chain
1q5j	nonantibody_chain
1q5k	nonantibody_chain
1q5p	nonantibody_chain
1q61	nonantibody_chain
1q62	nonantibody_chain
1q6j	nonantibody_chain
1q6k	nonantibody_chain
1q6m	nonantibody_chain
1q6n	nonantibody_chain
1q6p	nonantibody_chain
1q6s	nonantibody_chain
1q6t	nonantibody_chain
1q72	cdr_similar
1q73	nonantibody_chain
1q7t	nonantibody_chain
1q8t	nonantibody_chain
1q8u	nonantibody_chain
1q8w	nonantibody_chain
1q94	nonantibody_chain
1q9e	nonantibody_chain
1q9k	cdr_similar
1q9l	cdr_similar
1q9o	cdr_similar
1q9w	cdr_similar
1qa0	nonantibody_chain
1qa9	nonantibody_chain
1qac	cdr_similar
1qb1	nonantibody_chain
1qb5	nonantibody_chain
1qb6	nonantibody_chain
1qb9	nonantibody_chain
1qbe	nonantibody_chain
1qbl	cdr_similar
1qbm	cdr_similar
1qbn	nonantibody_chain
1qbo	nonantibody_chain
1qbr	nonantibody_chain
1qbs	nonantibody_chain
1qbt	nonantibody_chain
1qbu	nonantibody_chain
1qbv	nonantibody_chain
1qcb	nonantibody_chain
1qcp	nonantibody_chain
1qcq	nonantibody_chain
1qd0	released_antibody_only
1qdq	nonantibody_chain
1qds	nonantibody_chain
1qe6	nonantibody_chain
1qew	nonantibody_chain
1qf8	nonantibody_chain
1qfe	nonantibody_chain
1qfk	nonantibody_chain
1qg2	nonantibody_chain
1qg4	nonantibody_chain
1qg5	nonantibody_chain
1qg7	nonantibody_chain
1qgf	nonantibody_chain
1qh6	nonantibody_chain
1qhc	nonantibody_chain
1qhj	nonantibody_chain
1qhr	nonantibody_chain
1qi8	nonantibody_chain
1qio	nonantibody_chain
1qir	nonantibody_chain
1qis	nonantibody_chain
1qit	nonantibody_chain
1qiv	nonantibody_chain
1qiw	nonantibody_chain
1qix	nonantibody_chain
1qj1	nonantibody_chain
1qj6	nonantibody_chain
1qj7	nonantibody_chain
1qja	nonantibody_chain
1qjb	nonantibody_chain
1qjc	nonantibody_chain
1qjh	nonantibody_chain
1qk8	nonantibody_chain
1qkd	nonantibody_chain
1qke	nonantibody_chain
1qko	nonantibody_chain
1qkp	nonantibody_chain
1qkq	nonantibody_chain
1qkr	nonantibody_chain
1qkz	nonantibody_chain
1ql3	nonantibody_chain
1ql4	nonantibody_chain
1ql6	nonantibody_chain
1ql7	nonantibody_chain
1ql8	nonantibody_chain
1ql9	nonantibody_chain
1qlf	nonantibody_chain
1qlq	nonantibody_chain
1qlr	cdr_similar
1qlx	nonantibody_chain
1qm0	nonantibody_chain
1qm2	nonantibody_chain
1qm7	nonantibody_chain
1qm8	nonantibody_chain
1qmb	nonantibody_chain
1qmj	nonantibody_chain
1qmn	nonantibody_chain
1qmr	nonantibody_chain
1qn2	nonantibody_chain
1qng	nonantibody_chain
1qnh	nonantibody_chain
1qnj	nonantibody_chain
1qnt	nonantibody_chain
1qnu	nonantibody_chain
1qnz	cdr_similar
1qo3	nonantibody_chain
1qoi	nonantibody_chain
1qom	nonantibody_chain
1qp1	cdr_similar
1qpf	nonantibody_chain
1qpl	nonantibody_chain
1qpu	nonantibody_chain
1qpw	nonantibody_chain
1qq2	nonantibody_chain
1qq3	nonantibody_chain
1qqd	nonantibody_chain
1qqu	nonantibody_chain
1qqy	nonantibody_chain
1qr1	nonantibody_chain
1qr3	nonantibody_chain
1qr5	nonantibody_chain
1qr8	nonantibody_chain
1qr9	nonantibody_chain
1qra	nonantibody_chain
1qrn	nonantibody_chain
1qrz	nonantibody_chain
1qs5	nonantibody_chain
1qs7	nonantibody_chain
1qs9	nonantibody_chain
1qsb	nonantibody_chain
1qse	nonantibody_chain
1qsf	nonantibody_chain
1qsh	nonantibody_chain
1qsi	nonantibody_chain
1qsn	nonantibody_chain
1qsq	nonantibody_chain
1qsw	nonantibody_chain
1qt3	nonantibody_chain
1qt4	nonantibody_chain
1qt5	nonantibody_chain
1qt6	nonantibody_chain
1qt7	nonantibody_chain
1qtb	nonantibody_chain
1qtc	nonantibody_chain
1qtd	nonantibody_chain
1qth	nonantibody_chain
1qtk	nonantibody_chain
1qtn	nonantibody_chain
1qtv	nonantibody_chain
1qtx	nonantibody_chain
1qty	nonantibody_chain
1qtz	nonantibody_chain
1qu1	nonantibody_chain
1qud	nonantibody_chain
1qug	nonantibody_chain
1quh	nonantibody_chain
1quo	nonantibody_chain
1qur	nonantibody_chain
1quv	nonantibody_chain
1qvo	nonantibody_chain
1qw4	nonantibody_chain
1qw5	nonantibody_chain
1qw6	nonantibody_chain
1qwc	nonantibody_chain
1qwl	nonantibody_chain
1qwm	nonantibody_chain
1qx2	nonantibody_chain
1qx3	nonantibody_chain
1qx7	nonantibody_chain
1qxd	nonantibody_chain
1qxe	nonantibody_chain
1qxt	nonantibody_chain
1qy3	nonantibody_chain
1qyf	nonantibody_chain
1qyg	cdr_similar
1qyo	nonantibody_chain
1qyq	nonantibody_chain
1qz0	nonantibody_chain
1r0e	nonantibody_chain
1r0r	nonantibody_chain
1r0s	nonantibody_chain
1r12	nonantibody_chain
1r16	nonantibody_chain
1r1c	nonantibody_chain
1r1l	nonantibody_chain
1r1x	nonantibody_chain
1r1y	nonantibody_chain
1r24	cdr_similar
1r2d	nonantibody_chain
1r2e	nonantibody_chain
1r2g	nonantibody_chain
1r2h	nonantibody_chain
1r2i	nonantibody_chain
1r2r	nonantibody_chain
1r2s	nonantibody_chain
1r2t	nonantibody_chain
1r35	nonantibody_chain
1r3d	nonantibody_chain
1r3i	cdr_similar
1r3j	cdr_similar
1r3k	cdr_similar
1r3l	cdr_similar
1r3m	nonantibody_chain
1r4p	nonantibody_chain
1r5c	nonantibody_chain
1r5d	nonantibody_chain
1r78	nonantibody_chain
1ra1	nonantibody_chain
1ra2	nonantibody_chain
1ra3	nonantibody_chain
1ra8	nonantibody_chain
1ra9	nonantibody_chain
1rap	nonantibody_chain
1raq	nonantibody_chain
1rar	nonantibody_chain
1ras	nonantibody_chain
1rat	nonantibody_chain
1ray	nonantibody_chain
1raz	nonantibody_chain
1rb2	nonantibody_chain
1rb3	nonantibody_chain
1rb4	nonantibody_chain
1rb5	nonantibody_chain
1rb6	nonantibody_chain
1rbb	nonantibody_chain
1rbc	nonantibody_chain
1rbd	nonantibody_chain
1rbe	nonantibody_chain
1rbf	nonantibody_chain
1rbg	nonantibody_chain
1rbh	nonantibody_chain
1rbi	nonantibody_chain
1rbn	nonantibody_chain
1rbr	nonantibody_chain
1rbs	nonantibody_chain
1rbt	nonantibody_chain
1rbu	nonantibody_chain
1rbv	nonantibody_chain
1rbw	nonantibody_chain
1rbx	nonantibody_chain
1rc4	nonantibody_chain
1rca	nonantibody_chain
1rcj	nonantibody_chain
1rcl	nonantibody_chain
1rcm	nonantibody_chain
1rcv	nonantibody_chain
1rd3	nonantibody_chain
1rd4	nonantibody_chain
1rd7	nonantibody_chain
1rd9	nonantibody_chain
1rda	nonantibody_chain
1rdb	nonantibody_chain
1rdc	nonantibody_chain
1rdp	nonantibody_chain
1rdq	nonantibody_chain
1rds	nonantibody_chain
1re1	nonantibody_chain
1re2	nonantibody_chain
1re7	nonantibody_chain
1re8	nonantibody_chain
1red	nonantibody_chain
1ree	nonantibody_chain
1ref	nonantibody_chain
1rei	released_antibody_only
1rej	nonantibody_chain
1rek	nonantibody_chain
1rem	nonantibody_chain
1rex	nonantibody_chain
1rey	nonantibody_chain
1rez	nonantibody_chain
1rf2	nonantibody_chain
1rf7	nonantibody_chain
1rfd	cdr_similar
1rfj	nonantibody_chain
1rfn	nonantibody_chain
1rfo	nonantibody_chain
1rfp	nonantibody_chain
1rg7	nonantibody_chain
1rgc	nonantibody_chain
1rge	nonantibody_chain
1rgf	nonantibody_chain
1rgh	nonantibody_chain
1rgj	nonantibody_chain
1rgk	nonantibody_chain
1rgl	nonantibody_chain
1rh3	nonantibody_chain
1rha	nonantibody_chain
1rhb	nonantibody_chain
1rhh	cdr_similar
1rhj	nonantibody_chain
1rhk	nonantibody_chain
1rhl	nonantibody_chain
1rhm	nonantibody_chain
1rhp	nonantibody_chain
1rhq	nonantibody_chain
1rhr	nonantibody_chain
1rhu	nonantibody_chain
1ri8	nonantibody_chain
1rih	cdr_similar
1ril	nonantibody_chain
1ris	nonantibody_chain
1riu	cdr_similar
1riv	cdr_similar
1riw	nonantibody_chain
1rj5	nonantibody_chain
1rj6	nonantibody_chain
1rjc	nonantibody_chain
1rjl	released
1rjx	nonantibody_chain
1rjy	nonantibody_chain
1rjz	nonantibody_chain
1rk0	nonantibody_chain
1rk1	nonantibody_chain
1rke	nonantibody_chain
1rkr	nonantibody_chain
1rl8	nonantibody_chain
1rl9	nonantibody_chain
1rls	nonantibody_chain
1rm9	nonantibody_chain
1rmf	cdr_similar
1rmh	nonantibody_chain
1rmm	nonantibody_chain
1rmo	nonantibody_chain
1rmp	nonantibody_chain
1rms	nonantibody_chain
1rn1	nonantibody_chain
1rn4	nonantibody_chain
1rnc	nonantibody_chain
1rnd	nonantibody_chain
1rnf	nonantibody_chain
1rnm	nonantibody_chain
1rnn	nonantibody_chain
1rno	nonantibody_chain
1rnq	nonantibody_chain
1rnt	nonantibody_chain
1rnu	nonantibody_chain
1rnv	nonantibody_chain
1rnw	nonantibody_chain
1rnx	nonantibody_chain
1rny	nonantibody_chain
1rob	nonantibody_chain
1roc	nonantibody_chain
1rpf	nonantibody_chain
1rpg	nonantibody_chain
1rph	nonantibody_chain
1rpi	nonantibody_chain
1rpq	nonantibody_chain
1rps	nonantibody_chain
1rq3	nonantibody_chain
1rq4	nonantibody_chain
1rq9	nonantibody_chain
1rqa	nonantibody_chain
1rql	nonantibody_chain
1rqn	nonantibody_chain
1rqq	nonantibody_chain
1rra	nonantibody_chain
1rrp	nonantibody_chain
1rrx	nonantibody_chain
1rs6	nonantibody_chain
1rs7	nonantibody_chain
1rs8	nonantibody_chain
1rs9	nonantibody_chain
1rse	nonantibody_chain
1rsm	nonantibody_chain
1rsn	nonantibody_chain
1rtb	nonantibody_chain
1rtc	nonantibody_chain
1ru9	cdr_similar
1rua	cdr_similar
1ruk	cdr_similar
1rul	cdr_similar
1rum	cdr_similar
1rup	cdr_similar
1ruq	cdr_similar
1rur	cdr_similar
1ruv	nonantibody_chain
1rv7	nonantibody_chain
1rvd	nonantibody_chain
1rvw	nonantibody_chain
1rx1	nonantibody_chain
1rx2	nonantibody_chain
1rx3	nonantibody_chain
1rx4	nonantibody_chain
1rx5	nonantibody_chain
1rx6	nonantibody_chain
1rx7	nonantibody_chain
1rx8	nonantibody_chain
1rx9	nonantibody_chain
1rxe	nonantibody_chain
1rxi	nonantibody_chain
1rxp	nonantibody_chain
1ryf	nonantibody_chain
1ryh	nonantibody_chain
1rz7	cdr_similar
1rz8	cdr_similar
1rza	nonantibody_chain
1rzb	nonantibody_chain
1rzc	nonantibody_chain
1rzd	nonantibody_chain
1rze	nonantibody_chain
1rzf	cdr_similar
1rzg	cdr_similar
1rzj	nonantibody_chain
1rzk	nonantibody_chain
1rzw	nonantibody_chain
1s01	nonantibody_chain
1s02	nonantibody_chain
1s0h	nonantibody_chain
1s0q	nonantibody_chain
1s0r	nonantibody_chain
1s0w	nonantibody_chain
1s1c	nonantibody_chain
1s1q	nonantibody_chain
1s2n	nonantibody_chain
1s3k	cdr_similar
1s3y	nonantibody_chain
1s4v	nonantibody_chain
1s51	nonantibody_chain
1s52	nonantibody_chain
1s53	nonantibody_chain
1s54	nonantibody_chain
1s5b	nonantibody_chain
1s5c	nonantibody_chain
1s5d	nonantibody_chain
1s5f	nonantibody_chain
1s5h	cdr_similar
1s5i	cdr_similar
1s5s	nonantibody_chain
1s5t	nonantibody_chain
1s5v	nonantibody_chain
1s5w	nonantibody_chain
1s5x	nonantibody_chain
1s5y	nonantibody_chain
1s6f	nonantibody_chain
1s6h	nonantibody_chain
1s6v	nonantibody_chain
1s6z	nonantibody_chain
1s70	nonantibody_chain
1s7q	nonantibody_chain
1s7r	nonantibody_chain
1s7s	nonantibody_chain
1s7t	nonantibody_chain
1s7v	nonantibody_chain
1s7z	nonantibody_chain
1s81	nonantibody_chain
1s82	nonantibody_chain
1s83	nonantibody_chain
1s84	nonantibody_chain
1s85	nonantibody_chain
1s8d	nonantibody_chain
1s8j	nonantibody_chain
1s8l	nonantibody_chain
1s8o	nonantibody_chain
1s9i	nonantibody_chain
1s9j	nonantibody_chain
1s9w	nonantibody_chain
1s9x	nonantibody_chain
1s9y	nonantibody_chain
1sar	nonantibody_chain
1sb1	nonantibody_chain
1sbb	nonantibody_chain
1sbc	nonantibody_chain
1sbg	nonantibody_chain
1sbh	nonantibody_chain
1sbi	nonantibody_chain
1sbn	nonantibody_chain
1sbs	cdr_similar
1sbt	nonantibody_chain
1sc8	nonantibody_chain
1sca	nonantibody_chain
1scb	nonantibody_chain
1scd	nonantibody_chain
1scj	nonantibody_chain
1scm	nonantibody_chain
1scn	nonantibody_chain
1sd0	nonantibody_chain
1sdf	nonantibody_chain
1sdk	nonantibody_chain
1sdl	nonantibody_chain
1sdt	nonantibody_chain
1sdu	nonantibody_chain
1sdv	nonantibody_chain
1sek	nonantibody_chain
1sel	nonantibody_chain
1seq	cdr_similar
1sf4	nonantibody_chain
1sf6	nonantibody_chain
1sf7	nonantibody_chain
1sfb	nonantibody_chain
1sfg	nonantibody_chain
1sfi	nonantibody_chain
1sfj	nonantibody_chain
1sfl	nonantibody_chain
1sfq	nonantibody_chain
1sg1	nonantibody_chain
1sg8	nonantibody_chain
1sgd	nonantibody_chain
1sge	nonantibody_chain
1sgi	nonantibody_chain
1sgn	nonantibody_chain
1sgp	nonantibody_chain
1sgq	nonantibody_chain
1sgr	nonantibody_chain
1sgt	nonantibody_chain
1sgu	nonantibody_chain
1sgy	nonantibody_chain
1sh7	nonantibody_chain
1sh9	nonantibody_chain
1shh	nonantibody_chain
1shj	nonantibody_chain
1shl	nonantibody_chain
1shm	released_antibody_only
1shr	nonantibody_chain
1shv	nonantibody_chain
1shy	nonantibody_chain
1si4	nonantibody_chain
1si5	nonantibody_chain
1sib	nonantibody_chain
1sif	nonantibody_chain
1sip	nonantibody_chain
1siv	nonantibody_chain
1sjv	withheld_unstable
1sjx	released_antibody_only
1sko	nonantibody_chain
1sky	nonantibody_chain
1sl3	nonantibody_chain
1sl4	nonantibody_chain
1sl5	nonantibody_chain
1sla	nonantibody_chain
1slb	nonantibody_chain
1slc	nonantibody_chain
1slt	nonantibody_chain
1slu	nonantibody_chain
1slv	nonantibody_chain
1slw	nonantibody_chain
1slx	nonantibody_chain
1sm3	cdr_similar
1smf	nonantibody_chain
1smh	nonantibody_chain
1snc	nonantibody_chain
1snd	nonantibody_chain
1sng	nonantibody_chain
1snk	nonantibody_chain
1sno	nonantibody_chain
1snp	nonantibody_chain
1snq	nonantibody_chain
1soa	nonantibody_chain
1sp5	nonantibody_chain
1spa	nonantibody_chain
1spb	nonantibody_chain
1spe	nonantibody_chain
1spg	nonantibody_chain
1sph	nonantibody_chain
1spj	nonantibody_chain
1spp	nonantibody_chain
1spq	nonantibody_chain
1sq2	nonantibody_chain
1sq7	nonantibody_chain
1sqa	nonantibody_chain
1sqo	nonantibody_chain
1sqt	nonantibody_chain
1sr5	nonantibody_chain
1srn	nonantibody_chain
1ssa	nonantibody_chain
1ssb	nonantibody_chain
1ssc	nonantibody_chain
1ssd	nonantibody_chain
1ssg	nonantibody_chain
1ssk	nonantibody_chain
1ssl	nonantibody_chain
1ssw	nonantibody_chain
1ssy	nonantibody_chain
1st2	nonantibody_chain
1st3	nonantibody_chain
1sta	nonantibody_chain
1stb	nonantibody_chain
1stc	nonantibody_chain
1stf	nonantibody_chain
1sth	nonantibody_chain
1su5	nonantibody_chain
1sua	nonantibody_chain
1sub	nonantibody_chain
1suc	nonantibody_chain
1sud	nonantibody_chain
1sue	nonantibody_chain
1sug	nonantibody_chain
1sup	nonantibody_chain
1svb	nonantibody_chain
1svg	nonantibody_chain
1svh	nonantibody_chain
1svk	nonantibody_chain
1svn	nonantibody_chain
1svs	nonantibody_chain
1svx	nonantibody_chain
1svz	cdr_similar
1sw0	nonantibody_chain
1sw3	nonantibody_chain
1sw7	nonantibody_chain
1swi	nonantibody_chain
1swm	nonantibody_chain
1swv	nonantibody_chain
1sww	nonantibody_chain
1swy	nonantibody_chain
1swz	nonantibody_chain
1sx2	nonantibody_chain
1sx7	nonantibody_chain
1sy6	cdr_similar
1syb	nonantibody_chain
1syc	nonantibody_chain
1syd	nonantibody_chain
1sye	nonantibody_chain
1syf	nonantibody_chain
1syg	nonantibody_chain
1syk	nonantibody_chain
1sys	nonantibody_chain
1syv	nonantibody_chain
1sz6	nonantibody_chain
1szm	nonantibody_chain
1szt	nonantibody_chain
1szv	nonantibody_chain
1t00	nonantibody_chain
1t04	cdr_similar
1t09	nonantibody_chain
1t0m	nonantibody_chain
1t0n	nonantibody_chain
1t0p	nonantibody_chain
1t1n	nonantibody_chain
1t1w	nonantibody_chain
1t1x	nonantibody_chain
1t1y	nonantibody_chain
1t1z	nonantibody_chain
1t20	nonantibody_chain
1t21	nonantibody_chain
1t22	nonantibody_chain
1t2h	nonantibody_chain
1t2i	nonantibody_chain
1t2j	cdr_similar
1t2q	cdr_similar
1t31	nonantibody_chain
1t32	nonantibody_chain
1t3b	nonantibody_chain
1t3f	cdr_similar
1t3p	nonantibody_chain
1t3r	nonantibody_chain
1t44	nonantibody_chain
1t48	nonantibody_chain
1t49	nonantibody_chain
1t4j	nonantibody_chain
1t4k	cdr_similar
1t4u	nonantibody_chain
1t4v	nonantibody_chain
1t66	cdr_similar
1t6h	nonantibody_chain
1t6m	nonantibody_chain
1t6v	nonantibody_chain
1t7c	nonantibody_chain
1t7i	nonantibody_chain
1t7j	nonantibody_chain
1t7k	nonantibody_chain
1t83	nonantibody_chain
1t89	nonantibody_chain
1t8a	nonantibody_chain
1t8f	nonantibody_chain
1t8g	nonantibody_chain
1t8l	nonantibody_chain
1t8m	nonantibody_chain
1t8n	nonantibody_chain
1t8o	nonantibody_chain
1t91	nonantibody_chain
1t97	nonantibody_chain
1t9n	nonantibody_chain
1ta2	nonantibody_chain
1ta6	nonantibody_chain
1tab	nonantibody_chain
1tad	nonantibody_chain
1tag	nonantibody_chain
1taq	nonantibody_chain
1tar	nonantibody_chain
1tas	nonantibody_chain
1tat	nonantibody_chain
1taw	nonantibody_chain
1tay	nonantibody_chain
1tb0	nonantibody_chain
1tb6	nonantibody_chain
1tbe	nonantibody_chain
1tbq	nonantibody_chain
1tbr	nonantibody_chain
1tbt	nonantibody_chain
1tby	nonantibody_chain
1tbz	nonantibody_chain
1tcd	nonantibody_chain
1tcf	nonantibody_chain
1tco	nonantibody_chain
1tcp	nonantibody_chain
1tcr	nonantibody_chain
1tcw	nonantibody_chain
1tcx	nonantibody_chain
1tcy	nonantibody_chain
1tde	nonantibody_chain
1tdf	nonantibody_chain
1tdg	nonantibody_chain
1tdi	nonantibody_chain
1tdl	nonantibody_chain
1tdr	nonantibody_chain
1tdy	nonantibody_chain
1te1	nonantibody_chain
1te3	nonantibody_chain
1te6	nonantibody_chain
1tec	nonantibody_chain
1tem	nonantibody_chain
1teq	nonantibody_chain
1tes	nonantibody_chain
1tet	nonantibody_chain
1teu	nonantibody_chain
1tf0	nonantibody_chain
1tfh	nonantibody_chain
1tfm	nonantibody_chain
1tfu	nonantibody_chain
1tfx	nonantibody_chain
1tg3	nonantibody_chain
1tg8	nonantibody_chain
1tg9	nonantibody_chain
1tgb	nonantibody_chain
1tgc	nonantibody_chain
1tgn	nonantibody_chain
1tgs	nonantibody_chain
1tgt	nonantibody_chain
1tgx	nonantibody_chain
1th9	nonantibody_chain
1thb	nonantibody_chain
1thk	nonantibody_chain
1thm	nonantibody_chain
1tho	nonantibody_chain
1thp	nonantibody_chain
1thr	nonantibody_chain
1thx	nonantibody_chain
1ti1	nonantibody_chain
1ti8	nonantibody_chain
1tii	nonantibody_chain
1tim	nonantibody_chain
1tio	nonantibody_chain
1tjd	nonantibody_chain
1tjg	cdr_similar
1tjh	cdr_similar
1tji	cdr_similar
1tk2	nonantibody_chain
1tl7	nonantibody_chain
1tla	nonantibody_chain
1tld	nonantibody_chain
1tm1	nonantibody_chain
1tm3	nonantibody_chain
1tm4	nonantibody_chain
1tm5	nonantibody_chain
1tm7	nonantibody_chain
1tmb	nonantibody_chain
1tmc	nonantibody_chain
1tmg	nonantibody_chain
1tmu	nonantibody_chain
1tmz	nonantibody_chain
1tn0	nonantibody_chain
1tn4	nonantibody_chain
1tn5	nonantibody_chain
1tnd	nonantibody_chain
1tnf	nonantibody_chain
1tng	nonantibody_chain
1tnh	nonantibody_chain
1tni	nonantibody_chain
1tnj	nonantibody_chain
1tnk	nonantibody_chain
1tnl	nonantibody_chain
1tnr	nonantibody_chain
1tnx	nonantibody_chain
1to1	nonantibody_chain
1to2	nonantibody_chain
1toe	nonantibody_chain
1tog	nonantibody_chain
1toi	nonantibody_chain
1toj	nonantibody_chain
1tok	nonantibody_chain
1tom	nonantibody_chain
1ton	nonantibody_chain
1top	nonantibody_chain
1tp3	nonantibody_chain
1tp5	nonantibody_chain
1tpa	nonantibody_chain
1tpb	nonantibody_chain
1tpc	nonantibody_chain
1tpd	nonantibody_chain
1tpe	nonantibody_chain
1tpf	nonantibody_chain
1tph	nonantibody_chain
1tpo	nonantibody_chain
1tpp	nonantibody_chain
1tps	nonantibody_chain
1tpu	nonantibody_chain
1tpv	nonantibody_chain
1tpw	nonantibody_chain
1tpx	nonantibody_chain
1tq0	nonantibody_chain
1tq3	nonantibody_chain
1tq7	nonantibody_chain
1tq9	nonantibody_chain
1tqb	nonantibody_chain
1tqc	nonantibody_chain
1tqf	nonantibody_chain
1tr7	nonantibody_chain
1trb	nonantibody_chain
1trd	nonantibody_chain
1trf	nonantibody_chain
1tri	nonantibody_chain
1trm	nonantibody_chain
1trn	nonantibody_chain
1trp	nonantibody_chain
1trq	nonantibody_chain
1try	nonantibody_chain
1tsi	nonantibody_chain
1tsq	nonantibody_chain
1tsu	nonantibody_chain
1ttg	nonantibody_chain
1tti	nonantibody_chain
1ttj	nonantibody_chain
1ttm	nonantibody_chain
1tto	nonantibody_chain
1tu6	nonantibody_chain
1tu7	nonantibody_chain
1tu8	nonantibody_chain
1tub	nonantibody_chain
1tur	nonantibody_chain
1tus	nonantibody_chain
1tvb	nonantibody_chain
1tvh	nonantibody_chain
1tvk	nonantibody_chain
1tvx	nonantibody_chain
1tvy	nonantibody_chain
1tw0	nonantibody_chain
1tw1	nonantibody_chain
1tw5	nonantibody_chain
1tw7	nonantibody_chain
1twb	nonantibody_chain
1twx	nonantibody_chain
1tx4	nonantibody_chain
1tx7	nonantibody_chain
1tx8	nonantibody_chain
1txa	nonantibody_chain
1txb	nonantibody_chain
1txc	nonantibody_chain
1txx	nonantibody_chain
1ty0	nonantibody_chain
1ty2	nonantibody_chain
1tyn	nonantibody_chain
1typ	nonantibody_chain
1tzg	cdr_similar
1tzi	nonantibody_chain
1tzs	nonantibody_chain
1tzy	nonantibody_chain
1u0a	nonantibody_chain
1u0h	nonantibody_chain
1u0q	cdr_untransferred
1u19	nonantibody_chain
1u1b	nonantibody_chain
1u2p	nonantibody_chain
1u2q	nonantibody_chain
1u32	nonantibody_chain
1u3a	nonantibody_chain
1u46	nonantibody_chain
1u4d	nonantibody_chain
1u54	nonantibody_chain
1u58	nonantibody_chain
1u6a	cdr_similar
1u6q	nonantibody_chain
1u6r	nonantibody_chain
1u74	nonantibody_chain
1u75	nonantibody_chain
1u76	nonantibody_chain
1u7b	nonantibody_chain
1u7r	nonantibody_chain
1u7s	nonantibody_chain
1u87	nonantibody_chain
1u88	nonantibody_chain
1u8g	nonantibody_chain
1u8h	cdr_similar
1u8i	cdr_similar
1u8j	cdr_similar
1u8k	cdr_similar
1u8l	cdr_similar
1u8m	cdr_similar
1u8n	cdr_similar
1u8o	cdr_similar
1u8p	cdr_similar
1u8q	cdr_similar
1u8y	nonantibody_chain
1u8z	nonantibody_chain
1u90	nonantibody_chain
1u91	cdr_similar
1u92	cdr_similar
1u93	cdr_similar
1u95	cdr_similar
1u9a	nonantibody_chain
1u9b	nonantibody_chain
1u9f	nonantibody_chain
1u9g	nonantibody_chain
1u9h	nonantibody_chain
1u9q	nonantibody_chain
1u9v	nonantibody_chain
1u9w	nonantibody_chain
1u9x	nonantibody_chain
1ua5	nonantibody_chain
1ua6	nonantibody_chain
1uac	nonantibody_chain
1uad	nonantibody_chain
1uat	nonantibody_chain
1uaz	nonantibody_chain
1ub3	nonantibody_chain
1ub5	cdr_untransferred
1ub6	cdr_untransferred
1ubi	nonantibody_chain
1ubn	nonantibody_chain
1ubz	nonantibody_chain
1uc0	nonantibody_chain
1uc7	nonantibody_chain
1ucb	cdr_similar
1ucf	nonantibody_chain
1uci	nonantibody_chain
1ucj	nonantibody_chain
1uck	nonantibody_chain
1ucl	nonantibody_chain
1uco	nonantibody_chain
1ucq	nonantibody_chain
1ucy	nonantibody_chain
1uda	nonantibody_chain
1udb	nonantibody_chain
1udc	nonantibody_chain
1udg	nonantibody_chain
1udh	nonantibody_chain
1udi	nonantibody_chain
1ufj	nonantibody_chain
1ufp	nonantibody_chain
1ufu	nonantibody_chain
1ug4	nonantibody_chain
1uga	nonantibody_chain
1ugb	nonantibody_chain
1ugc	nonantibody_chain
1ugd	nonantibody_chain
1uge	nonantibody_chain
1ugf	nonantibody_chain
1ugg	nonantibody_chain
1ugh	nonantibody_chain
1ugi	nonantibody_chain
1ugn	nonantibody_chain
1uhb	nonantibody_chain
1uia	nonantibody_chain
1uib	nonantibody_chain
1uic	nonantibody_chain
1uid	nonantibody_chain
1uie	nonantibody_chain
1uif	nonantibody_chain
1uig	nonantibody_chain
1uih	nonantibody_chain
1uj1	nonantibody_chain
1uj3	nonantibody_chain
1ujj	nonantibody_chain
1ujk	nonantibody_chain
1uk2	nonantibody_chain
1uk3	nonantibody_chain
1uk4	nonantibody_chain
1ukh	nonantibody_chain
1uki	nonantibody_chain
1ukr	nonantibody_chain
1um4	cdr_similar
1um5	cdr_similar
1um6	cdr_similar
1uma	nonantibody_chain
1umo	nonantibody_chain
1un3	nonantibody_chain
1un5	nonantibody_chain
1unc	nonantibody_chain
1und	nonantibody_chain
1unt	nonantibody_chain
1unu	nonantibody_chain
1unv	nonantibody_chain
1unz	nonantibody_chain
1uo3	nonantibody_chain
1uo4	nonantibody_chain
1uo5	nonantibody_chain
1uo6	nonantibody_chain
1uol	nonantibody_chain
1uor	nonantibody_chain
1up5	nonantibody_chain
1upj	nonantibody_chain
1uq4	nonantibody_chain
1uq5	nonantibody_chain
1ur6	nonantibody_chain
1uri	nonantibody_chain
1urt	nonantibody_chain
1urv	nonantibody_chain
1urw	nonantibody_chain
1ury	nonantibody_chain
1ut0	nonantibody_chain
1utc	nonantibody_chain
1utj	nonantibody_chain
1utk	nonantibody_chain
1utl	nonantibody_chain
1utm	nonantibody_chain
1utn	nonantibody_chain
1uto	nonantibody_chain
1utp	nonantibody_chain
1utq	nonantibody_chain
1uu9	nonantibody_chain
1uug	nonantibody_chain
1uvo	nonantibody_chain
1uvp	nonantibody_chain
1uvr	nonantibody_chain
1uvs	nonantibody_chain
1uvt	nonantibody_chain
1uvu	nonantibody_chain
1uvz	nonantibody_chain
1uw3	nonantibody_chain
1uwf	nonantibody_chain
1uwh	nonantibody_chain
1uwj	nonantibody_chain
1ux9	nonantibody_chain
1uxs	nonantibody_chain
1uxw	nonantibody_chain
1uyw	cdr_similar
1uz2	nonantibody_chain
1uz8	cdr_similar
1v1k	nonantibody_chain
1v1o	nonantibody_chain
1v1p	nonantibody_chain
1v2j	nonantibody_chain
1v2k	nonantibody_chain
1v2l	nonantibody_chain
1v2m	nonantibody_chain
1v2n	nonantibody_chain
1v2o	nonantibody_chain
1v2p	nonantibody_chain
1v2q	nonantibody_chain
1v2r	nonantibody_chain
1v2s	nonantibody_chain
1v2t	nonantibody_chain
1v2u	nonantibody_chain
1v2v	nonantibody_chain
1v2w	nonantibody_chain
1v3x	nonantibody_chain
1v40	nonantibody_chain
1v4u	nonantibody_chain
1v4w	nonantibody_chain
1v4x	nonantibody_chain
1v58	nonantibody_chain
1v5h	nonantibody_chain
1v5i	nonantibody_chain
1v6d	nonantibody_chain
1v6p	nonantibody_chain
1v75	nonantibody_chain
1v7r	nonantibody_chain
1v7s	nonantibody_chain
1v7t	nonantibody_chain
1v80	nonantibody_chain
1v81	nonantibody_chain
1v98	nonantibody_chain
1v9e	nonantibody_chain
1v9i	nonantibody_chain
1v9q	nonantibody_chain
1vac	nonantibody_chain
1vad	nonantibody_chain
1vaf	nonantibody_chain
1vag	nonantibody_chain
1vat	nonantibody_chain
1vau	nonantibody_chain
1vb0	nonantibody_chain
1vbs	nonantibody_chain
1vbt	nonantibody_chain
1vdg	nonantibody_chain
1vdn	nonantibody_chain
1vdp	nonantibody_chain
1vdq	nonantibody_chain
1vds	nonantibody_chain
1vdt	nonantibody_chain
1veb	nonantibody_chain
1ved	nonantibody_chain
1vet	nonantibody_chain
1veu	nonantibody_chain
1vf1	nonantibody_chain
1vf2	nonantibody_chain
1vf3	nonantibody_chain
1vf4	nonantibody_chain
1vf6	nonantibody_chain
1vfa	cdr_similar
1vfb	nonantibody_chain
1vg0	nonantibody_chain
1vg1	nonantibody_chain
1vg8	nonantibody_chain
1vga	nonantibody_chain
1vgc	nonantibody_chain
1vge	cdr_similar
1vgk	nonantibody_chain
1vgo	nonantibody_chain
1vhi	nonantibody_chain
1vhu	nonantibody_chain
1vij	nonantibody_chain
1vik	nonantibody_chain
1vin	nonantibody_chain
1vit	nonantibody_chain
1vj3	nonantibody_chain
1vj5	nonantibody_chain
1vj9	nonantibody_chain
1vja	nonantibody_chain
1vlx	nonantibody_chain
1vm1	nonantibody_chain
1vmc	nonantibody_chain
1vpf	nonantibody_chain
1vpo	cdr_similar
1vpp	nonantibody_chain
1vr1	nonantibody_chain
1vrc	nonantibody_chain
1vrk	nonantibody_chain
1vrp	nonantibody_chain
1vrs	nonantibody_chain
1vsb	nonantibody_chain
1vsn	nonantibody_chain
1vwt	nonantibody_chain
1vxa	nonantibody_chain
1vxb	nonantibody_chain
1vxc	nonantibody_chain
1vxd	nonantibody_chain
1vxe	nonantibody_chain
1vxf	nonantibody_chain
1vxg	nonantibody_chain
1vxh	nonantibody_chain
1vyz	nonantibody_chain
1w08	nonantibody_chain
1w0v	nonantibody_chain
1w0w	nonantibody_chain
1w0x	nonantibody_chain
1w0y	nonantibody_chain
1w0z	nonantibody_chain
1w10	nonantibody_chain
1w11	nonantibody_chain
1w12	nonantibody_chain
1w13	nonantibody_chain
1w14	nonantibody_chain
1w2k	nonantibody_chain
1w4o	nonantibody_chain
1w4p	nonantibody_chain
1w4q	nonantibody_chain
1w4v	nonantibody_chain
1w5i	nonantibody_chain
1w5j	nonantibody_chain
1w5k	nonantibody_chain
1w5l	nonantibody_chain
1w5v	nonantibody_chain
1w5w	nonantibody_chain
1w5x	nonantibody_chain
1w5y	nonantibody_chain
1w60	nonantibody_chain
1w6m	nonantibody_chain
1w6n	nonantibody_chain
1w6o	nonantibody_chain
1w6p	nonantibody_chain
1w6q	nonantibody_chain
1w6z	nonantibody_chain
1w7i	nonantibody_chain
1w7j	nonantibody_chain
1w7s	nonantibody_chain
1w7t	nonantibody_chain
1w7u	nonantibody_chain
1w7x	nonantibody_chain
1w89	nonantibody_chain
1w8c	nonantibody_chain
1w8l	nonantibody_chain
1w8m	nonantibody_chain
1w8v	nonantibody_chain
1w98	nonantibody_chain
1way	nonantibody_chain
1wbk	nonantibody_chain
1wbm	nonantibody_chain
1wbu	nonantibody_chain
1wbx	nonantibody_chain
1wby	nonantibody_chain
1wcc	nonantibody_chain
1wdc	nonantibody_chain
1we4	nonantibody_chain
1wej	nonantibody_chain
1wg3	nonantibody_chain
1wio	nonantibody_chain
1wip	nonantibody_chain
1wiq	nonantibody_chain
1wk2	nonantibody_chain
1wkw	nonantibody_chain
1wls	nonantibody_chain
1wm2	nonantibody_chain
1wm3	nonantibody_chain
1wmu	nonantibody_chain
1wnf	nonantibody_chain
1woa	nonantibody_chain
1wob	nonantibody_chain
1wof	nonantibody_chain
1wq1	nonantibody_chain
1wq8	nonantibody_chain
1wq9	nonantibody_chain
1wqm	nonantibody_chain
1wqn	nonantibody_chain
1wqo	nonantibody_chain
1wqp	nonantibody_chain
1wqq	nonantibody_chain
1wqr	nonantibody_chain
1wqv	nonantibody_chain
1wr6	nonantibody_chain
1wrd	nonantibody_chain
1wrk	nonantibody_chain
1wrl	nonantibody_chain
1wrz	nonantibody_chain
1wsa	nonantibody_chain
1wsd	nonantibody_chain
1wse	nonantibody_chain
1wsf	nonantibody_chain
1wsg	nonantibody_chain
1wsh	nonantibody_chain
1wsi	nonantibody_chain
1wss	nonantibody_chain
1wt5	cdr_similar
1wtg	nonantibody_chain
1wtl	cdr_similar
1wtm	nonantibody_chain
1wtn	nonantibody_chain
1wu1	nonantibody_chain
1wug	nonantibody_chain
1wum	nonantibody_chain
1wun	nonantibody_chain
1wv7	nonantibody_chain
1wvp	nonantibody_chain
1wvw	nonantibody_chain
1wvx	nonantibody_chain
1wvy	nonantibody_chain
1www	nonantibody_chain
1wy3	nonantibody_chain
1wy4	nonantibody_chain
1wyi	nonantibody_chain
1wz1	cdr_similar
1wzv	nonantibody_chain
1wzw	nonantibody_chain
1x0j	nonantibody_chain
1x0k	nonantibody_chain
1x0s	nonantibody_chain
1x1r	nonantibody_chain
1x1s	nonantibody_chain
1x1u	nonantibody_chain
1x1w	nonantibody_chain
1x1x	nonantibody_chain
1x1y	nonantibody_chain
1x23	nonantibody_chain
1x29	nonantibody_chain
1x2a	nonantibody_chain
1x3m	nonantibody_chain
1x3n	nonantibody_chain
1x7a	nonantibody_chain
1x7q	nonantibody_chain
1xa5	nonantibody_chain
1xan	nonantibody_chain
1xar	nonantibody_chain
1xb3	nonantibody_chain
1xb6	nonantibody_chain
1xb8	nonantibody_chain
1xba	nonantibody_chain
1xbb	nonantibody_chain
1xbc	nonantibody_chain
1xcc	nonantibody_chain
1xch	nonantibody_chain
1xcm	nonantibody_chain
1xd2	nonantibody_chain
1xd3	nonantibody_chain
1xdd	nonantibody_chain
1xdg	nonantibody_chain
1xeg	nonantibody_chain
1xei	nonantibody_chain
1xej	nonantibody_chain
1xek	nonantibody_chain
1xel	nonantibody_chain
1xep	nonantibody_chain
1xf3	cdr_similar
1xf4	cdr_similar
1xfp	nonantibody_chain
1xft	nonantibody_chain
1xgp	nonantibody_chain
1xgq	nonantibody_chain
1xgr	nonantibody_chain
1xgt	nonantibody_chain
1xgu	nonantibody_chain
1xgy	cdr_similar
1xh3	nonantibody_chain
1xh4	nonantibody_chain
1xh5	nonantibody_chain
1xh6	nonantibody_chain
1xh7	nonantibody_chain
1xh8	nonantibody_chain
1xh9	nonantibody_chain
1xha	nonantibody_chain
1xhm	nonantibody_chain
1xio	nonantibody_chain
1xiw	cdr_similar
1xiz	nonantibody_chain
1xj0	nonantibody_chain
1xji	nonantibody_chain
1xka	nonantibody_chain
1xkb	nonantibody_chain
1xkg	nonantibody_chain
1xkk	nonantibody_chain
1xl2	nonantibody_chain
1xl5	nonantibody_chain
1xm1	nonantibody_chain
1xmn	nonantibody_chain
1xnc	nonantibody_chain
1xnd	nonantibody_chain
1xnk	nonantibody_chain
1xo2	nonantibody_chain
1xo7	nonantibody_chain
1xpb	nonantibody_chain
1xph	nonantibody_chain
1xps	nonantibody_chain
1xpt	nonantibody_chain
1xpz	nonantibody_chain
1xq0	nonantibody_chain
1xq5	nonantibody_chain
1xq7	nonantibody_chain
1xr8	nonantibody_chain
1xr9	nonantibody_chain
1xs7	nonantibody_chain
1xss	nonantibody_chain
1xt3	nonantibody_chain
1xt9	nonantibody_chain
1xtc	nonantibody_chain
1xuf	nonantibody_chain
1xug	nonantibody_chain
1xuh	nonantibody_chain
1xui	nonantibody_chain
1xuj	nonantibody_chain
1xuk	nonantibody_chain
1xuo	nonantibody_chain
1xvm	nonantibody_chain
1xvo	nonantibody_chain
1xvw	nonantibody_chain
1xw5	nonantibody_chain
1xw6	nonantibody_chain
1xw9	nonantibody_chain
1xwa	nonantibody_chain
1xwb	nonantibody_chain
1xwc	nonantibody_chain
1xwg	nonantibody_chain
1xwk	nonantibody_chain
1xww	nonantibody_chain
1xx8	nonantibody_chain
1xx9	nonantibody_chain
1xxd	nonantibody_chain
1xxf	nonantibody_chain
1xxm	nonantibody_chain
1xxn	nonantibody_chain
1xxp	nonantibody_chain
1xxt	nonantibody_chain
1xxu	nonantibody_chain
1xxv	nonantibody_chain
1xy0	nonantibody_chain
1xye	nonantibody_chain
1xyn	nonantibody_chain
1xyo	nonantibody_chain
1xyp	nonantibody_chain
1xz0	nonantibody_chain
1xz2	nonantibody_chain
1xz4	nonantibody_chain
1xz5	nonantibody_chain
1xz7	nonantibody_chain
1xzu	nonantibody_chain
1xzv	nonantibody_chain
1y01	nonantibody_chain
1y09	nonantibody_chain
1y0a	nonantibody_chain
1y0c	nonantibody_chain
1y0d	nonantibody_chain
1y0t	nonantibody_chain
1y0w	nonantibody_chain
1y1b	nonantibody_chain
1y1c	nonantibody_chain
1y1k	nonantibody_chain
1y22	nonantibody_chain
1y2a	nonantibody_chain
1y2z	nonantibody_chain
1y31	nonantibody_chain
1y33	nonantibody_chain
1y34	nonantibody_chain
1y35	nonantibody_chain
1y3b	nonantibody_chain
1y3c	nonantibody_chain
1y3d	nonantibody_chain
1y3f	nonantibody_chain
1y3u	nonantibody_chain
1y3v	nonantibody_chain
1y3w	nonantibody_chain
1y3x	nonantibody_chain
1y3y	nonantibody_chain
1y45	nonantibody_chain
1y46	nonantibody_chain
1y48	nonantibody_chain
1y4a	nonantibody_chain
1y4b	nonantibody_chain
1y4d	nonantibody_chain
1y4f	nonantibody_chain
1y4g	nonantibody_chain
1y4p	nonantibody_chain
1y4q	nonantibody_chain
1y4r	nonantibody_chain
1y4v	nonantibody_chain
1y4y	nonantibody_chain
1y50	nonantibody_chain
1y51	nonantibody_chain
1y59	nonantibody_chain
1y5a	nonantibody_chain
1y5b	nonantibody_chain
1y5f	nonantibody_chain
1y5j	nonantibody_chain
1y5k	nonantibody_chain
1y5u	nonantibody_chain
1y6e	nonantibody_chain
1y6l	nonantibody_chain
1y6q	nonantibody_chain
1y6r	nonantibody_chain
1y6w	nonantibody_chain
1y7c	nonantibody_chain
1y7d	nonantibody_chain
1y7g	nonantibody_chain
1y7w	nonantibody_chain
1y7z	nonantibody_chain
1y83	nonantibody_chain
1y85	nonantibody_chain
1y8g	nonantibody_chain
1y8h	nonantibody_chain
1y8i	nonantibody_chain
1y8k	nonantibody_chain
1y8w	nonantibody_chain
1y8x	nonantibody_chain
1y8y	nonantibody_chain
1y91	nonantibody_chain
1y92	nonantibody_chain
1y94	nonantibody_chain
1ya9	nonantibody_chain
1yag	nonantibody_chain
1yal	nonantibody_chain
1yam	nonantibody_chain
1yan	nonantibody_chain
1yao	nonantibody_chain
1yap	nonantibody_chain
1yaq	nonantibody_chain
1yat	nonantibody_chain
1ybw	nonantibody_chain
1yc0	nonantibody_chain
1yc8	released_antibody_only
1yca	nonantibody_chain
1ycb	nonantibody_chain
1ycc	nonantibody_chain
1ycp	nonantibody_chain
1ycs	nonantibody_chain
1yd8	nonantibody_chain
1yda	nonantibody_chain
1ydb	nonantibody_chain
1ydc	nonantibody_chain
1ydd	nonantibody_chain
1ydk	nonantibody_chain
1ydp	nonantibody_chain
1ydr	nonantibody_chain
1yds	nonantibody_chain
1ydt	nonantibody_chain
1ydv	nonantibody_chain
1ydz	nonantibody_chain
1ye0	nonantibody_chain
1ye1	nonantibody_chain
1ye2	nonantibody_chain
1yea	nonantibody_chain
1yeb	nonantibody_chain
1yec	cdr_similar
1yed	cdr_similar
1yee	cdr_similar
1yef	cdr_similar
1yeg	cdr_similar
1yeh	cdr_similar
1yei	cdr_similar
1yej	cdr_similar
1yek	cdr_similar
1yen	nonantibody_chain
1yeo	nonantibody_chain
1yep	nonantibody_chain
1yeq	nonantibody_chain
1yeu	nonantibody_chain
1yex	nonantibody_chain
1yf0	nonantibody_chain
1yf4	nonantibody_chain
1yf8	nonantibody_chain
1yf9	nonantibody_chain
1yfn	nonantibody_chain
1yfo	nonantibody_chain
1yfp	nonantibody_chain
1yg5	nonantibody_chain
1ygc	nonantibody_chain
1ygd	nonantibody_chain
1ygf	nonantibody_chain
1yh2	nonantibody_chain
1yh3	nonantibody_chain
1yh9	nonantibody_chain
1yhe	nonantibody_chain
1yhg	nonantibody_chain
1yhh	nonantibody_chain
1yhi	nonantibody_chain
1yhn	nonantibody_chain
1yhr	nonantibody_chain
1yie	nonantibody_chain
1yih	nonantibody_chain
1yik	nonantibody_chain
1yil	nonantibody_chain
1yiw	nonantibody_chain
1yj1	nonantibody_chain
1yj2	nonantibody_chain
1yj6	nonantibody_chain
1yja	nonantibody_chain
1yjb	nonantibody_chain
1yjc	nonantibody_chain
1yjd	cdr_similar
1yjf	nonantibody_chain
1yk7	nonantibody_chain
1yk8	nonantibody_chain
1ykc	nonantibody_chain
1ykr	nonantibody_chain
1ykt	nonantibody_chain
1ykx	nonantibody_chain
1yky	nonantibody_chain
1ykz	nonantibody_chain
1yl0	nonantibody_chain
1yl1	nonantibody_chain
1ylc	nonantibody_chain
1yld	nonantibody_chain
1ylj	nonantibody_chain
1ylp	nonantibody_chain
1ylt	nonantibody_chain
1ylw	nonantibody_chain
1yly	nonantibody_chain
1ylz	nonantibody_chain
1ym0	nonantibody_chain
1ym1	nonantibody_chain
1yma	nonantibody_chain
1ymc	nonantibody_chain
1ymh	released
1ymm	nonantibody_chain
1ymn	nonantibody_chain
1ymr	nonantibody_chain
1yms	nonantibody_chain
1ymw	nonantibody_chain
1ymx	nonantibody_chain
1yn6	nonantibody_chain
1yn7	nonantibody_chain
1yna	nonantibody_chain
1ynd	nonantibody_chain
1ynk	cdr_similar
1ynl	cdr_similar
1ynv	nonantibody_chain
1yo0	nonantibody_chain
1yo1	nonantibody_chain
1yo2	nonantibody_chain
1yog	nonantibody_chain
1yoh	nonantibody_chain
1yoi	nonantibody_chain
1yoo	nonantibody_chain
1yp9	nonantibody_chain
1ype	nonantibody_chain
1ypg	nonantibody_chain
1ypj	nonantibody_chain
1ypk	nonantibody_chain
1ypl	nonantibody_chain
1ypm	nonantibody_chain
1ypq	nonantibody_chain
1ypu	nonantibody_chain
1yqv	nonantibody_chain
1yr5	nonantibody_chain
1yri	nonantibody_chain
1yro	nonantibody_chain
1yrp	nonantibody_chain
1yrt	nonantibody_chain
1yru	nonantibody_chain
1ysg	nonantibody_chain
1ysi	nonantibody_chain
1ysn	nonantibody_chain
1ysw	nonantibody_chain
1ysx	nonantibody_chain
1yt4	nonantibody_chain
1yt7	nonantibody_chain
1yt9	nonantibody_chain
1ytc	nonantibody_chain
1ytg	nonantibody_chain
1yth	nonantibody_chain
1yti	nonantibody_chain
1ytn	nonantibody_chain
1yts	nonantibody_chain
1ytv	nonantibody_chain
1ytw	nonantibody_chain
1ytz	nonantibody_chain
1yu6	nonantibody_chain
1yu9	nonantibody_chain
1yuh	cdr_similar
1yuy	nonantibody_chain
1yv0	nonantibody_chain
1yv2	nonantibody_chain
1yvb	nonantibody_chain
1yvd	nonantibody_chain
1yvf	nonantibody_chain
1yvn	nonantibody_chain
1yvq	nonantibody_chain
1yvs	nonantibody_chain
1yvt	nonantibody_chain
1yvx	nonantibody_chain
1yvz	nonantibody_chain
1yw2	nonantibody_chain
1ywr	nonantibody_chain
1ywt	nonantibody_chain
1yxa	nonantibody_chain
1yxc	nonantibody_chain
1yxd	nonantibody_chain
1yxj	nonantibody_chain
1yxk	nonantibody_chain
1yy8	cdr_similar
1yya	nonantibody_chain
1yyy	nonantibody_chain
1yz5	nonantibody_chain
1yzi	nonantibody_chain
1yzk	nonantibody_chain
1yzm	nonantibody_chain
1yzz	released_antibody_only
1z0j	nonantibody_chain
1z0k	nonantibody_chain
1z13	nonantibody_chain
1z1h	nonantibody_chain
1z1i	nonantibody_chain
1z1j	nonantibody_chain
1z1p	nonantibody_chain
1z1q	nonantibody_chain
1z1r	nonantibody_chain
1z2u	nonantibody_chain
1z3d	nonantibody_chain
1z3l	nonantibody_chain
1z3m	nonantibody_chain
1z3p	nonantibody_chain
1z4u	nonantibody_chain
1z55	nonantibody_chain
1z5l	nonantibody_chain
1z5m	nonantibody_chain
1z5n	nonantibody_chain
1z5o	nonantibody_chain
1z5p	nonantibody_chain
1z5s	nonantibody_chain
1z5v	nonantibody_chain
1z5w	nonantibody_chain
1z6d	nonantibody_chain
1z6e	nonantibody_chain
1z6j	nonantibody_chain
1z6s	nonantibody_chain
1z71	nonantibody_chain
1z7k	nonantibody_chain
1z7r	nonantibody_chain
1z8c	nonantibody_chain
1z8i	nonantibody_chain
1z8j	nonantibody_chain
1z8u	nonantibody_chain
1z93	nonantibody_chain
1z97	nonantibody_chain
1z9m	nonantibody_chain
1z9x	nonantibody_chain
1z9y	nonantibody_chain
1zan	released_antibody_only
1zbg	nonantibody_chain
1zc3	nonantibody_chain
1zc4	nonantibody_chain
1zcn	nonantibody_chain
1zcp	nonantibody_chain
1zd2	nonantibody_chain
1zd3	nonantibody_chain
1zd4	nonantibody_chain
1zd5	nonantibody_chain
1zdn	nonantibody_chain
1zdr	nonantibody_chain
1ze3	nonantibody_chain
1ze8	nonantibody_chain
1zea	cdr_similar
1zfk	nonantibody_chain
1zfq	nonantibody_chain
1zg4	nonantibody_chain
1zg6	nonantibody_chain
1zge	nonantibody_chain
1zgf	nonantibody_chain
1zgi	nonantibody_chain
1zgn	nonantibody_chain
1zgo	nonantibody_chain
1zgp	nonantibody_chain
1zgv	nonantibody_chain
1zh9	nonantibody_chain
1zhk	nonantibody_chain
1zhl	nonantibody_chain
1zhm	nonantibody_chain
1zhn	nonantibody_chain
1zhp	nonantibody_chain
1zhr	nonantibody_chain
1zii	nonantibody_chain
1zij	nonantibody_chain
1zik	nonantibody_chain
1zil	nonantibody_chain
1zim	nonantibody_chain
1ziu	nonantibody_chain
1zj7	nonantibody_chain
1zjd	nonantibody_chain
1zjl	nonantibody_chain
1zkb	nonantibody_chain
1zkf	nonantibody_chain
1zlf	nonantibody_chain
1zlr	nonantibody_chain
1zlt	nonantibody_chain
1zmf	nonantibody_chain
1zmg	nonantibody_chain
1zmj	nonantibody_chain
1zml	nonantibody_chain
1zmn	nonantibody_chain
1zmu	nonantibody_chain
1zmv	nonantibody_chain
1zmw	nonantibody_chain
1znc	nonantibody_chain
1zoe	nonantibody_chain
1zog	nonantibody_chain
1zoh	nonantibody_chain
1zom	nonantibody_chain
1zon	nonantibody_chain
1zoo	nonantibody_chain
1zop	nonantibody_chain
1zot	nonantibody_chain
1zp8	nonantibody_chain
1zpa	nonantibody_chain
1zpb	nonantibody_chain
1zpc	nonantibody_chain
1zpk	nonantibody_chain
1zpz	nonantibody_chain
1zr0	nonantibody_chain
1zrb	nonantibody_chain
1zrk	nonantibody_chain
1zs5	nonantibody_chain
1zsa	nonantibody_chain
1zsb	nonantibody_chain
1zsc	nonantibody_chain
1zsd	nonantibody_chain
1zsf	nonantibody_chain
1zsj	nonantibody_chain
1zsk	nonantibody_chain
1zsl	nonantibody_chain
1zsr	nonantibody_chain
1zsz	nonantibody_chain
1zt1	nonantibody_chain
1zt4	nonantibody_chain
1zt7	nonantibody_chain
1zta	nonantibody_chain
1ztj	nonantibody_chain
1ztk	nonantibody_chain
1ztl	nonantibody_chain
1ztx	nonantibody_chain
1ztz	nonantibody_chain
1zur	nonantibody_chain
1zux	nonantibody_chain
1zuz	nonantibody_chain
1zv5	nonantibody_chain
1zvh	nonantibody_chain
1zvi	nonantibody_chain
1zvl	nonantibody_chain
1zvq	nonantibody_chain
1zvs	nonantibody_chain
1zvy	nonantibody_chain
1zw6	nonantibody_chain
1zwi	cdr_similar
1zwn	nonantibody_chain
1zys	nonantibody_chain
1zyt	nonantibody_chain
1zzq	nonantibody_chain
1zzr	nonantibody_chain
1zzs	nonantibody_chain
1zzt	nonantibody_chain
1zzu	nonantibody_chain
1zzy	nonantibody_chain
1zzz	nonantibody_chain
200l	nonantibody_chain
201l	nonantibody_chain
205l	nonantibody_chain
206l	nonantibody_chain
207l	nonantibody_chain
208l	nonantibody_chain
209l	nonantibody_chain
20gs	nonantibody_chain
210l	nonantibody_chain
211l	nonantibody_chain
212l	nonantibody_chain
213l	nonantibody_chain
214l	nonantibody_chain
215l	nonantibody_chain
216l	nonantibody_chain
217l	nonantibody_chain
218l	nonantibody_chain
219l	nonantibody_chain
220l	nonantibody_chain
221l	nonantibody_chain
221p	nonantibody_chain
222l	nonantibody_chain
223l	nonantibody_chain
224l	nonantibody_chain
225l	nonantibody_chain
226l	nonantibody_chain
227l	nonantibody_chain
228l	nonantibody_chain
229l	nonantibody_chain
22gs	nonantibody_chain
230l	nonantibody_chain
231l	nonantibody_chain
232l	nonantibody_chain
233l	nonantibody_chain
234l	nonantibody_chain
235l	nonantibody_chain
236l	nonantibody_chain
237l	nonantibody_chain
238l	nonantibody_chain
239l	nonantibody_chain
240l	nonantibody_chain
241l	nonantibody_chain
242l	nonantibody_chain
243l	nonantibody_chain
244l	nonantibody_chain
245l	nonantibody_chain
246l	nonantibody_chain
247l	nonantibody_chain
248l	nonantibody_chain
249l	nonantibody_chain
250l	nonantibody_chain
251l	nonantibody_chain
252l	nonantibody_chain
253l	nonantibody_chain
254l	nonantibody_chain
255l	nonantibody_chain
256b	nonantibody_chain
256l	nonantibody_chain
257l	nonantibody_chain
258l	nonantibody_chain
259l	nonantibody_chain
25c8	cdr_similar
260l	nonantibody_chain
261l	nonantibody_chain
262l	nonantibody_chain
2a0c	nonantibody_chain
2a0l	released
2a0q	nonantibody_chain
2a1e	nonantibody_chain
2a1w	cdr_similar
2a2n	nonantibody_chain
2a2q	nonantibody_chain
2a2r	nonantibody_chain
2a2s	nonantibody_chain
2a2x	nonantibody_chain
2a31	nonantibody_chain
2a32	nonantibody_chain
2a3u	nonantibody_chain
2a45	nonantibody_chain
2a49	nonantibody_chain
2a4d	nonantibody_chain
2a4f	nonantibody_chain
2a4l	nonantibody_chain
2a4t	nonantibody_chain
2a4z	nonantibody_chain
2a5a	nonantibody_chain
2a5i	nonantibody_chain
2a5k	nonantibody_chain
2a5u	nonantibody_chain
2a6d	cdr_similar
2a6i	cdr_similar
2a6j	cdr_similar
2a6k	cdr_similar
2a6l	nonantibody_chain
2a6n	nonantibody_chain
2a6u	nonantibody_chain
2a77	cdr_similar
2a78	nonantibody_chain
2a7c	nonantibody_chain
2a7d	nonantibody_chain
2a7f	nonantibody_chain
2a7h	nonantibody_chain
2a7j	nonantibody_chain
2a83	nonantibody_chain
2a8f	nonantibody_chain
2a9e	nonantibody_chain
2a9k	nonantibody_chain
2aa1	nonantibody_chain
2aab	cdr_similar
2aad	nonantibody_chain
2aae	nonantibody_chain
2aai	nonantibody_chain
2aak	nonantibody_chain
2aao	nonantibody_chain
2aaq	nonantibody_chain
2aat	nonantibody_chain
2ab0	nonantibody_chain
2ab6	nonantibody_chain
2abe	nonantibody_chain
2abx	nonantibody_chain
2ac3	nonantibody_chain
2ac5	nonantibody_chain
2ach	nonantibody_chain
2act	nonantibody_chain
2acx	nonantibody_chain
2adf	cdr_similar
2adg	cdr_similar
2adi	cdr_similar
2adj	cdr_similar
2ae7	nonantibody_chain
2aec	nonantibody_chain
2aei	nonantibody_chain
2aep	cdr_similar
2aeq	cdr_similar
2aer	nonantibody_chain
2aes	nonantibody_chain
2af0	nonantibody_chain
2af5	nonantibody_chain
2afq	nonantibody_chain
2ag3	nonantibody_chain
2agd	nonantibody_chain
2age	nonantibody_chain
2agg	nonantibody_chain
2agi	nonantibody_chain
2agj	released_antibody_only
2ah4	nonantibody_chain
2ah8	nonantibody_chain
2ah9	nonantibody_chain
2aha	nonantibody_chain
2ahp	nonantibody_chain
2ahs	nonantibody_chain
2aib	nonantibody_chain
2aid	nonantibody_chain
2aim	nonantibody_chain
2aip	nonantibody_chain
2aiq	nonantibody_chain
2aiu	nonantibody_chain
2ajs	released_antibody_only
2aju	released_antibody_only
2ajv	released_antibody_only
2ajx	released_antibody_only
2ajy	released_antibody_only
2ajz	released_antibody_only
2ak1	released_antibody_only
2ak7	nonantibody_chain
2akj	nonantibody_chain
2akm	nonantibody_chain
2akq	nonantibody_chain
2akr	nonantibody_chain
2akz	nonantibody_chain
2al1	nonantibody_chain
2al2	nonantibody_chain
2alf	nonantibody_chain
2alv	nonantibody_chain
2amd	nonantibody_chain
2amo	nonantibody_chain
2amp	nonantibody_chain
2amq	nonantibody_chain
2an0	nonantibody_chain
2an2	nonantibody_chain
2ang	nonantibody_chain
2ank	nonantibody_chain
2anm	nonantibody_chain
2ano	nonantibody_chain
2anq	nonantibody_chain
2ant	nonantibody_chain
2anw	nonantibody_chain
2any	nonantibody_chain
2aoc	nonantibody_chain
2aod	nonantibody_chain
2aoe	nonantibody_chain
2aof	nonantibody_chain
2aog	nonantibody_chain
2aoh	nonantibody_chain
2aoi	nonantibody_chain
2aoj	nonantibody_chain
2apb	nonantibody_chain
2apq	nonantibody_chain
2aqu	nonantibody_chain
2aro	nonantibody_chain
2arq	nonantibody_chain
2arr	nonantibody_chain
2as8	nonantibody_chain
2ass	nonantibody_chain
2ast	nonantibody_chain
2asu	nonantibody_chain
2at9	nonantibody_chain
2atf	nonantibody_chain
2atk	cdr_similar
2ato	nonantibody_chain
2ats	nonantibody_chain
2atx	nonantibody_chain
2aub	nonantibody_chain
2auh	nonantibody_chain
2aux	nonantibody_chain
2auz	nonantibody_chain
2av1	nonantibody_chain
2av7	nonantibody_chain
2avm	nonantibody_chain
2avo	nonantibody_chain
2avq	nonantibody_chain
2avs	nonantibody_chain
2avv	nonantibody_chain
2aw1	nonantibody_chain
2awf	nonantibody_chain
2awj	nonantibody_chain
2awk	nonantibody_chain
2awl	nonantibody_chain
2awm	nonantibody_chain
2ax2	nonantibody_chain
2axf	nonantibody_chain
2axg	nonantibody_chain
2axh	nonantibody_chain
2axj	nonantibody_chain
2ay1	nonantibody_chain
2ay2	nonantibody_chain
2ay3	nonantibody_chain
2ay4	nonantibody_chain
2ay5	nonantibody_chain
2ay6	nonantibody_chain
2ay7	nonantibody_chain
2ay8	nonantibody_chain
2ay9	nonantibody_chain
2ayh	nonantibody_chain
2ayo	nonantibody_chain
2ayp	nonantibody_chain
2ayv	nonantibody_chain
2ayw	nonantibody_chain
2az5	nonantibody_chain
2az8	nonantibody_chain
2az9	nonantibody_chain
2aza	nonantibody_chain
2azb	nonantibody_chain
2azc	nonantibody_chain
2azr	nonantibody_chain
2azu	nonantibody_chain
2b07	nonantibody_chain
2b0s	cdr_similar
2b0z	nonantibody_chain
2b10	nonantibody_chain
2b11	nonantibody_chain
2b12	nonantibody_chain
2b1a	nonantibody_chain
2b1f	nonantibody_chain
2b1h	nonantibody_chain
2b1m	nonantibody_chain
2b1n	nonantibody_chain
2b1p	nonantibody_chain
2b22	nonantibody_chain
2b2t	nonantibody_chain
2b2u	nonantibody_chain
2b2v	nonantibody_chain
2b2w	nonantibody_chain
2b3p	nonantibody_chain
2b3q	nonantibody_chain
2b3s	nonantibody_chain
2b42	nonantibody_chain
2b45	nonantibody_chain
2b46	nonantibody_chain
2b48	nonantibody_chain
2b49	nonantibody_chain
2b4c	nonantibody_chain
2b4j	nonantibody_chain
2b4x	nonantibody_chain
2b4z	nonantibody_chain
2b52	nonantibody_chain
2b53	nonantibody_chain
2b54	nonantibody_chain
2b55	nonantibody_chain
2b5e	nonantibody_chain
2b5h	nonantibody_chain
2b5r	nonantibody_chain
2b5t	nonantibody_chain
2b5z	nonantibody_chain
2b60	nonantibody_chain
2b6m	nonantibody_chain
2b6n	nonantibody_chain
2b6t	nonantibody_chain
2b6w	nonantibody_chain
2b6x	nonantibody_chain
2b6y	nonantibody_chain
2b6z	nonantibody_chain
2b70	nonantibody_chain
2b72	nonantibody_chain
2b73	nonantibody_chain
2b74	nonantibody_chain
2b75	nonantibody_chain
2b7d	nonantibody_chain
2b7h	nonantibody_chain
2b7x	nonantibody_chain
2b7z	nonantibody_chain
2b8l	nonantibody_chain
2b8o	nonantibody_chain
2b8v	nonantibody_chain
2b9c	nonantibody_chain
2b9h	nonantibody_chain
2b9i	nonantibody_chain
2b9j	nonantibody_chain
2b9r	nonantibody_chain
2bb4	nonantibody_chain
2bb9	nonantibody_chain
2bbb	nonantibody_chain
2bbm	nonantibody_chain
2bc5	nonantibody_chain
2bcd	nonantibody_chain
2bck	nonantibody_chain
2bcn	nonantibody_chain
2bcx	nonantibody_chain
2bd2	nonantibody_chain
2bd3	nonantibody_chain
2bd4	nonantibody_chain
2bd5	nonantibody_chain
2bd7	nonantibody_chain
2bd8	nonantibody_chain
2bd9	nonantibody_chain
2bda	nonantibody_chain
2bdb	nonantibody_chain
2bdc	nonantibody_chain
2bdg	nonantibody_chain
2bdh	nonantibody_chain
2bdl	nonantibody_chain
2bdn	cdr_similar
2bdw	nonantibody_chain
2bdx	nonantibody_chain
2bdy	nonantibody_chain
2bdz	nonantibody_chain
2be6	nonantibody_chain
2beh	nonantibody_chain
2bep	nonantibody_chain
2bf8	nonantibody_chain
2bfq	nonantibody_chain
2bfr	nonantibody_chain
2bfv	cdr_similar
2bhe	nonantibody_chain
2bhh	nonantibody_chain
2bhi	nonantibody_chain
2bhj	nonantibody_chain
2bi6	nonantibody_chain
2bim	nonantibody_chain
2bin	nonantibody_chain
2bio	nonantibody_chain
2bip	nonantibody_chain
2biq	nonantibody_chain
2bir	nonantibody_chain
2bit	nonantibody_chain
2biu	nonantibody_chain
2bjm	cdr_similar
2bk0	nonantibody_chain
2bkh	nonantibody_chain
2bl0	nonantibody_chain
2blg	nonantibody_chain
2blh	nonantibody_chain
2bli	nonantibody_chain
2blj	nonantibody_chain
2blo	nonantibody_chain
2blp	nonantibody_chain
2blq	nonantibody_chain
2blv	nonantibody_chain
2blw	nonantibody_chain
2blx	nonantibody_chain
2bly	nonantibody_chain
2blz	nonantibody_chain
2bmd	nonantibody_chain
2bme	nonantibody_chain
2bmg	nonantibody_chain
2bni	nonantibody_chain
2bnq	nonantibody_chain
2bnr	nonantibody_chain
2bnu	nonantibody_chain
2bob	cdr_similar
2boc	cdr_similar
2bos	nonantibody_chain
2bpu	nonantibody_chain
2bpv	nonantibody_chain
2bpw	nonantibody_chain
2bpx	nonantibody_chain
2bpy	nonantibody_chain
2bpz	nonantibody_chain
2bq0	nonantibody_chain
2bq6	nonantibody_chain
2bq7	nonantibody_chain
2bqa	nonantibody_chain
2bqb	nonantibody_chain
2bqc	nonantibody_chain
2bqd	nonantibody_chain
2bqe	nonantibody_chain
2bqf	nonantibody_chain
2bqg	nonantibody_chain
2bqh	nonantibody_chain
2bqi	nonantibody_chain
2bqj	nonantibody_chain
2bqk	nonantibody_chain
2bql	nonantibody_chain
2bqm	nonantibody_chain
2bqn	nonantibody_chain
2bqo	nonantibody_chain
2bqv	nonantibody_chain
2bqw	nonantibody_chain
2br1	nonantibody_chain
2br9	nonantibody_chain
2brb	nonantibody_chain
2brg	nonantibody_chain
2brh	nonantibody_chain
2brk	nonantibody_chain
2brl	nonantibody_chain
2brm	nonantibody_chain
2brn	nonantibody_chain
2bro	nonantibody_chain
2brr	cdr_similar
2bse	released
2bsr	nonantibody_chain
2bss	nonantibody_chain
2bst	nonantibody_chain
2btc	nonantibody_chain
2btg	nonantibody_chain
2bth	nonantibody_chain
2btj	nonantibody_chain
2bto	nonantibody_chain
2btp	nonantibody_chain
2btr	nonantibody_chain
2bts	nonantibody_chain
2btx	nonantibody_chain
2bu4	nonantibody_chain
2bva	nonantibody_chain
2bvp	nonantibody_chain
2bvv	nonantibody_chain
2bw9	nonantibody_chain
2bwh	nonantibody_chain
2bwl	nonantibody_chain
2bx3	nonantibody_chain
2bx4	nonantibody_chain
2bxi	nonantibody_chain
2bxk	nonantibody_chain
2bxl	nonantibody_chain
2bxm	nonantibody_chain
2bxn	nonantibody_chain
2bxo	nonantibody_chain
2bxp	nonantibody_chain
2bxq	nonantibody_chain
2by5	nonantibody_chain
2by6	nonantibody_chain
2by7	nonantibody_chain
2by8	nonantibody_chain
2by9	nonantibody_chain
2bya	nonantibody_chain
2byv	nonantibody_chain
2bz6	nonantibody_chain
2bza	nonantibody_chain
2bzl	nonantibody_chain
2bzz	nonantibody_chain
2c00	nonantibody_chain
2c01	nonantibody_chain
2c02	nonantibody_chain
2c05	nonantibody_chain
2c1a	nonantibody_chain
2c1b	nonantibody_chain
2c1f	nonantibody_chain
2c1j	nonantibody_chain
2c1m	nonantibody_chain
2c1n	nonantibody_chain
2c1t	nonantibody_chain
2c23	nonantibody_chain
2c2c	nonantibody_chain
2c2h	nonantibody_chain
2c30	nonantibody_chain
2c3b	nonantibody_chain
2c3j	nonantibody_chain
2c3k	nonantibody_chain
2c3l	nonantibody_chain
2c4f	nonantibody_chain
2c4j	nonantibody_chain
2c4p	nonantibody_chain
2c53	nonantibody_chain
2c56	nonantibody_chain
2c5c	nonantibody_chain
2c5l	nonantibody_chain
2c5y	nonantibody_chain
2c63	nonantibody_chain
2c68	nonantibody_chain
2c69	nonantibody_chain
2c6e	nonantibody_chain
2c6i	nonantibody_chain
2c6k	nonantibody_chain
2c6l	nonantibody_chain
2c6m	nonantibody_chain
2c6o	nonantibody_chain
2c74	nonantibody_chain
2c7u	nonantibody_chain
2c8o	nonantibody_chain
2c8p	nonantibody_chain
2c9w	nonantibody_chain
2ca2	nonantibody_chain
2cab	nonantibody_chain
2cag	nonantibody_chain
2cah	nonantibody_chain
2cba	nonantibody_chain
2cbb	nonantibody_chain
2cbc	nonantibody_chain
2cbd	nonantibody_chain
2cbe	nonantibody_chain
2cc1	nonantibody_chain
2cce	nonantibody_chain
2ccf	nonantibody_chain
2ccn	nonantibody_chain
2ccw	nonantibody_chain
2cd0	released_antibody_only
2cd2	nonantibody_chain
2cd7	nonantibody_chain
2cdf	nonantibody_chain
2cdg	nonantibody_chain
2cdq	nonantibody_chain
2cdr	nonantibody_chain
2cds	nonantibody_chain
2cdx	nonantibody_chain
2cdz	nonantibody_chain
2ce2	nonantibody_chain
2cej	nonantibody_chain
2cem	nonantibody_chain
2cen	nonantibody_chain
2ceo	nonantibody_chain
2cf8	nonantibody_chain
2cf9	nonantibody_chain
2cfe	nonantibody_chain
2cfp	nonantibody_chain
2cfq	nonantibody_chain
2cfv	nonantibody_chain
2cga	nonantibody_chain
2cgi	nonantibody_chain
2cgr	cdr_similar
2cgu	nonantibody_chain
2cgv	nonantibody_chain
2cgw	nonantibody_chain
2cgx	nonantibody_chain
2chb	nonantibody_chain
2chw	nonantibody_chain
2cii	nonantibody_chain
2cik	nonantibody_chain
2cje	nonantibody_chain
2cji	nonantibody_chain
2cju	cdr_similar
2ck0	cdr_similar
2ck1	nonantibody_chain
2ck2	nonantibody_chain
2ckg	nonantibody_chain
2ckh	nonantibody_chain
2cl0	nonantibody_chain
2cl6	nonantibody_chain
2cl7	nonantibody_chain
2clc	nonantibody_chain
2cld	nonantibody_chain
2clq	nonantibody_chain
2clr	nonantibody_chain
2cls	nonantibody_chain
2clw	nonantibody_chain
2clx	nonantibody_chain
2cmm	nonantibody_chain
2cmr	cdr_untransferred
2cmt	nonantibody_chain
2cmy	nonantibody_chain
2cn0	nonantibody_chain
2cn4	nonantibody_chain
2cn5	nonantibody_chain
2cn8	nonantibody_chain
2cnk	nonantibody_chain
2cnl	nonantibody_chain
2cnx	nonantibody_chain
2col	nonantibody_chain
2cpk	nonantibody_chain
2crk	nonantibody_chain
2crs	nonantibody_chain
2crt	nonantibody_chain
2cst	nonantibody_chain
2ctx	nonantibody_chain
2cuu	nonantibody_chain
2cv3	nonantibody_chain
2cvd	nonantibody_chain
2cvk	nonantibody_chain
2cvr	nonantibody_chain
2cwd	nonantibody_chain
2cwi	nonantibody_chain
2cx3	nonantibody_chain
2cyh	nonantibody_chain
2cyu	nonantibody_chain
2cyx	nonantibody_chain
2d03	cdr_similar
2d07	nonantibody_chain
2d0k	nonantibody_chain
2d1j	nonantibody_chain
2d1x	nonantibody_chain
2d2d	nonantibody_chain
2d2q	nonantibody_chain
2d31	nonantibody_chain
2d3g	nonantibody_chain
2d3w	nonantibody_chain
2d4d	nonantibody_chain
2d4f	nonantibody_chain
2d4i	nonantibody_chain
2d4j	nonantibody_chain
2d4k	nonantibody_chain
2d5x	nonantibody_chain
2d5y	nonantibody_chain
2d5z	nonantibody_chain
2d60	nonantibody_chain
2d61	nonantibody_chain
2d63	nonantibody_chain
2d64	nonantibody_chain
2d65	nonantibody_chain
2d66	nonantibody_chain
2d6c	nonantibody_chain
2d7e	nonantibody_chain
2d7t	released_antibody_only
2d7y	nonantibody_chain
2d7z	nonantibody_chain
2d8w	nonantibody_chain
2d91	nonantibody_chain
2d97	nonantibody_chain
2d98	nonantibody_chain
2dbl	cdr_similar
2dc3	nonantibody_chain
2dc5	nonantibody_chain
2dc6	nonantibody_chain
2dc7	nonantibody_chain
2dc8	nonantibody_chain
2dc9	nonantibody_chain
2dca	nonantibody_chain
2dcb	nonantibody_chain
2dcc	nonantibody_chain
2dcd	nonantibody_chain
2dcy	nonantibody_chain
2dcz	nonantibody_chain
2dd8	cdr_similar
2ddc	nonantibody_chain
2ddd	nonantibody_chain
2ddq	cdr_similar
2de8	nonantibody_chain
2de9	nonantibody_chain
2deo	nonantibody_chain
2dey	nonantibody_chain
2dfb	nonantibody_chain
2dfc	nonantibody_chain
2dg3	nonantibody_chain
2dg4	nonantibody_chain
2dg9	nonantibody_chain
2dga	nonantibody_chain
2dhb	nonantibody_chain
2dko	nonantibody_chain
2dlf	cdr_similar
2dn1	nonantibody_chain
2dn2	nonantibody_chain
2dn3	nonantibody_chain
2doq	nonantibody_chain
2dp3	nonantibody_chain
2dp4	nonantibody_chain
2dp9	nonantibody_chain
2dpy	nonantibody_chain
2dq7	nonantibody_chain
2dqc	nonantibody_chain
2dqd	nonantibody_chain
2dqe	nonantibody_chain
2dqf	nonantibody_chain
2dqg	nonantibody_chain
2dqh	nonantibody_chain
2dqi	nonantibody_chain
2dqj	nonantibody_chain
2dqk	nonantibody_chain
2dqt	cdr_similar
2dqu	cdr_similar
2drc	nonantibody_chain
2ds1	nonantibody_chain
2dtm	cdr_similar
2dts	nonantibody_chain
2due	nonantibody_chain
2duf	nonantibody_chain
2dug	nonantibody_chain
2duh	nonantibody_chain
2dui	nonantibody_chain
2duj	nonantibody_chain
2duv	nonantibody_chain
2dvn	nonantibody_chain
2dvo	nonantibody_chain
2dvp	nonantibody_chain
2dvq	nonantibody_chain
2dvr	nonantibody_chain
2dvs	nonantibody_chain
2dvv	nonantibody_chain
2dwb	nonantibody_chain
2dwd	cdr_similar
2dwe	cdr_similar
2dww	nonantibody_chain
2dx5	nonantibody_chain
2dxm	nonantibody_chain
2dy0	nonantibody_chain
2dyp	nonantibody_chain
2dzd	nonantibody_chain
2e0j	nonantibody_chain
2e0l	nonantibody_chain
2e0m	nonantibody_chain
2e0o	nonantibody_chain
2e0q	nonantibody_chain
2e1p	nonantibody_chain
2e1y	nonantibody_chain
2e1z	nonantibody_chain
2e20	nonantibody_chain
2e27	cdr_similar
2e2b	nonantibody_chain
2e2c	nonantibody_chain
2e2y	nonantibody_chain
2e33	nonantibody_chain
2e3j	nonantibody_chain
2e3k	nonantibody_chain
2e3w	nonantibody_chain
2e4l	nonantibody_chain
2e5x	nonantibody_chain
2e7a	nonantibody_chain
2e7d	nonantibody_chain
2e7l	nonantibody_chain
2e7p	nonantibody_chain
2e8d	nonantibody_chain
2e9n	nonantibody_chain
2e9o	nonantibody_chain
2e9p	nonantibody_chain
2e9s	nonantibody_chain
2e9u	nonantibody_chain
2e9v	nonantibody_chain
2eaw	nonantibody_chain
2eb2	nonantibody_chain
2eb3	nonantibody_chain
2eb8	nonantibody_chain
2eb9	nonantibody_chain
2ebj	nonantibody_chain
2ec9	nonantibody_chain
2eek	nonantibody_chain
2ef1	nonantibody_chain
2ef2	nonantibody_chain
2efc	nonantibody_chain
2efd	nonantibody_chain
2efe	nonantibody_chain
2efh	nonantibody_chain
2efr	nonantibody_chain
2efs	nonantibody_chain
2eh7	cdr_similar
2eh8	cdr_similar
2ei4	nonantibody_chain
2ei6	nonantibody_chain
2ei7	nonantibody_chain
2ei8	nonantibody_chain
2eio	nonantibody_chain
2eiq	nonantibody_chain
2eir	nonantibody_chain
2eiz	nonantibody_chain
2eke	nonantibody_chain
2eks	nonantibody_chain
2ekt	nonantibody_chain
2eku	nonantibody_chain
2emd	nonantibody_chain
2emn	nonantibody_chain
2emo	nonantibody_chain
2ems	nonantibody_chain
2emt	nonantibody_chain
2enb	nonantibody_chain
2epe	nonantibody_chain
2eq6	nonantibody_chain
2eql	nonantibody_chain
2era	nonantibody_chain
2erw	nonantibody_chain
2erz	nonantibody_chain
2esk	nonantibody_chain
2esm	nonantibody_chain
2eso	nonantibody_chain
2esp	nonantibody_chain
2esq	nonantibody_chain
2est	nonantibody_chain
2esv	nonantibody_chain
2etk	nonantibody_chain
2etl	nonantibody_chain
2etr	nonantibody_chain
2eu2	nonantibody_chain
2eu3	nonantibody_chain
2euf	nonantibody_chain
2eug	nonantibody_chain
2evk	nonantibody_chain
2evp	nonantibody_chain
2evw	nonantibody_chain
2exc	nonantibody_chain
2exm	nonantibody_chain
2exz	nonantibody_chain
2ey1	nonantibody_chain
2ey2	nonantibody_chain
2ey5	nonantibody_chain
2ey6	nonantibody_chain
2eyf	nonantibody_chain
2eyh	nonantibody_chain
2eyj	nonantibody_chain
2eyl	nonantibody_chain
2eym	nonantibody_chain
2eyo	nonantibody_chain
2eyp	nonantibody_chain
2eyr	nonantibody_chain
2eys	nonantibody_chain
2eyt	nonantibody_chain
2ez7	nonantibody_chain
2f0c	nonantibody_chain
2f0d	nonantibody_chain
2f0e	nonantibody_chain
2f0f	nonantibody_chain
2f0g	nonantibody_chain
2f0h	nonantibody_chain
2f0i	nonantibody_chain
2f0j	nonantibody_chain
2f0k	nonantibody_chain
2f0l	nonantibody_chain
2f0m	nonantibody_chain
2f0n	nonantibody_chain
2f0o	nonantibody_chain
2f0p	nonantibody_chain
2f0q	nonantibody_chain
2f0s	nonantibody_chain
2f0t	nonantibody_chain
2f0u	nonantibody_chain
2f0v	nonantibody_chain
2f0w	nonantibody_chain
2f14	nonantibody_chain
2f19	cdr_similar
2f1g	nonantibody_chain
2f21	nonantibody_chain
2f2c	nonantibody_chain
2f2n	nonantibody_chain
2f2o	nonantibody_chain
2f2p	nonantibody_chain
2f2q	nonantibody_chain
2f2u	nonantibody_chain
2f30	nonantibody_chain
2f32	nonantibody_chain
2f3c	nonantibody_chain
2f3k	nonantibody_chain
2f3l	nonantibody_chain
2f3y	nonantibody_chain
2f3z	nonantibody_chain
2f47	nonantibody_chain
2f49	nonantibody_chain
2f4a	nonantibody_chain
2f4g	nonantibody_chain
2f4j	nonantibody_chain
2f4k	nonantibody_chain
2f4y	nonantibody_chain
2f51	nonantibody_chain
2f53	nonantibody_chain
2f56	nonantibody_chain
2f57	nonantibody_chain
2f58	cdr_similar
2f5a	cdr_similar
2f5b	cdr_similar
2f5m	nonantibody_chain
2f5w	nonantibody_chain
2f60	nonantibody_chain
2f6b	nonantibody_chain
2f6e	nonantibody_chain
2f6f	nonantibody_chain
2f6j	nonantibody_chain
2f6t	nonantibody_chain
2f6v	nonantibody_chain
2f6w	nonantibody_chain
2f6y	nonantibody_chain
2f6z	nonantibody_chain
2f70	nonantibody_chain
2f71	nonantibody_chain
2f74	nonantibody_chain
2f7d	nonantibody_chain
2f7e	nonantibody_chain
2f7x	nonantibody_chain
2f7z	nonantibody_chain
2f80	nonantibody_chain
2f81	nonantibody_chain
2f83	nonantibody_chain
2f8g	nonantibody_chain
2f8o	nonantibody_chain
2f91	nonantibody_chain
2f9b	nonantibody_chain
2f9l	nonantibody_chain
2f9m	nonantibody_chain
2f9n	nonantibody_chain
2f9o	nonantibody_chain
2f9p	nonantibody_chain
2f9s	nonantibody_chain
2fa2	nonantibody_chain
2fa4	nonantibody_chain
2fap	nonantibody_chain
2fat	released_antibody_only
2faz	nonantibody_chain
2fb4	cdr_similar
2fb8	nonantibody_chain
2fbb	nonantibody_chain
2fbd	nonantibody_chain
2fbj	cdr_untransferred
2fbz	nonantibody_chain
2fc1	nonantibody_chain
2fc2	nonantibody_chain
2fcb	nonantibody_chain
2fch	nonantibody_chain
2fcm	nonantibody_chain
2fcn	nonantibody_chain
2fcq	nonantibody_chain
2fcs	nonantibody_chain
2fd6	released
2fda	nonantibody_chain
2fdd	nonantibody_chain
2fde	nonantibody_chain
2fe4	nonantibody_chain
2fep	nonantibody_chain
2feq	nonantibody_chain
2fes	nonantibody_chain
2ff3	nonantibody_chain
2ff6	nonantibody_chain
2ffq	nonantibody_chain
2fg5	nonantibody_chain
2fgu	nonantibody_chain
2fgv	nonantibody_chain
2fgw	cdr_similar
2fh9	nonantibody_chain
2fhe	nonantibody_chain
2fi3	nonantibody_chain
2fi4	nonantibody_chain
2fi5	nonantibody_chain
2fib	nonantibody_chain
2fid	nonantibody_chain
2fif	nonantibody_chain
2fik	nonantibody_chain
2fir	nonantibody_chain
2fjm	nonantibody_chain
2fjn	nonantibody_chain
2fju	nonantibody_chain
2fke	nonantibody_chain
2fkg	nonantibody_chain
2flb	nonantibody_chain
2fle	nonantibody_chain
2flr	nonantibody_chain
2fls	nonantibody_chain
2flt	nonantibody_chain
2flz	nonantibody_chain
2fmb	nonantibody_chain
2fmg	nonantibody_chain
2fmj	nonantibody_chain
2fmz	nonantibody_chain
2fn4	nonantibody_chain
2fnj	nonantibody_chain
2fnk	nonantibody_chain
2fnm	nonantibody_chain
2fnn	nonantibody_chain
2fns	nonantibody_chain
2fnt	nonantibody_chain
2fnw	nonantibody_chain
2fo0	nonantibody_chain
2fo4	nonantibody_chain
2fo5	nonantibody_chain
2fo9	nonantibody_chain
2foa	nonantibody_chain
2fob	nonantibody_chain
2foc	nonantibody_chain
2fod	nonantibody_chain
2foe	nonantibody_chain
2fof	nonantibody_chain
2fog	nonantibody_chain
2foh	nonantibody_chain
2foq	nonantibody_chain
2fos	nonantibody_chain
2fot	nonantibody_chain
2fou	nonantibody_chain
2fov	nonantibody_chain
2foy	nonantibody_chain
2fpz	nonantibody_chain
2fq9	nonantibody_chain
2fra	nonantibody_chain
2frc	nonantibody_chain
2frf	nonantibody_chain
2fri	nonantibody_chain
2frj	nonantibody_chain
2frk	nonantibody_chain
2frq	nonantibody_chain
2fs8	nonantibody_chain
2fs9	nonantibody_chain
2fsa	nonantibody_chain
2ft2	nonantibody_chain
2ft6	nonantibody_chain
2ft7	nonantibody_chain
2ft8	nonantibody_chain
2fta	nonantibody_chain
2ftd	nonantibody_chain
2ftl	nonantibody_chain
2ftm	nonantibody_chain
2fud	nonantibody_chain
2fv8	nonantibody_chain
2fvd	nonantibody_chain
2fw4	nonantibody_chain
2fwg	nonantibody_chain
2fwh	nonantibody_chain
2fwo	nonantibody_chain
2fwq	nonantibody_chain
2fww	nonantibody_chain
2fx4	nonantibody_chain
2fx6	nonantibody_chain
2fx7	nonantibody_chain
2fx9	nonantibody_chain
2fxd	nonantibody_chain
2fxe	nonantibody_chain
2fxi	nonantibody_chain
2fxr	nonantibody_chain
2fy7	nonantibody_chain
2fya	nonantibody_chain
2fyb	nonantibody_chain
2fyc	nonantibody_chain
2fyd	nonantibody_chain
2fye	nonantibody_chain
2fyy	nonantibody_chain
2fz3	nonantibody_chain
2fzh	nonantibody_chain
2fzi	nonantibody_chain
2fzu	nonantibody_chain
2fzz	nonantibody_chain
2g00	nonantibody_chain
2g0n	nonantibody_chain
2g0r	nonantibody_chain
2g0s	nonantibody_chain
2g0v	nonantibody_chain
2g0x	nonantibody_chain
2g0y	nonantibody_chain
2g0z	nonantibody_chain
2g10	nonantibody_chain
2g11	nonantibody_chain
2g12	nonantibody_chain
2g14	nonantibody_chain
2g16	nonantibody_chain
2g2f	nonantibody_chain
2g2h	nonantibody_chain
2g2i	nonantibody_chain
2g2r	cdr_similar
2g2s	nonantibody_chain
2g2u	nonantibody_chain
2g2w	nonantibody_chain
2g3d	nonantibody_chain
2g3r	nonantibody_chain
2g45	nonantibody_chain
2g4d	nonantibody_chain
2g4n	nonantibody_chain
2g4p	nonantibody_chain
2g4q	nonantibody_chain
2g4t	nonantibody_chain
2g4u	nonantibody_chain
2g4v	nonantibody_chain
2g4w	nonantibody_chain
2g4x	nonantibody_chain
2g51	nonantibody_chain
2g52	nonantibody_chain
2g55	nonantibody_chain
2g59	nonantibody_chain
2g5n	nonantibody_chain
2g5v	nonantibody_chain
2g5z	nonantibody_chain
2g60	cdr_similar
2g69	nonantibody_chain
2g6b	nonantibody_chain
2g6d	nonantibody_chain
2g6e	nonantibody_chain
2g6h	nonantibody_chain
2g6i	nonantibody_chain
2g6j	nonantibody_chain
2g6k	nonantibody_chain
2g6l	nonantibody_chain
2g6m	nonantibody_chain
2g6n	nonantibody_chain
2g6o	nonantibody_chain
2g6q	nonantibody_chain
2g75	cdr_similar
2g7c	nonantibody_chain
2g7y	nonantibody_chain
2g81	nonantibody_chain
2g83	nonantibody_chain
2g87	nonantibody_chain
2g8c	nonantibody_chain
2g8q	nonantibody_chain
2g8r	nonantibody_chain
2g8t	nonantibody_chain
2g99	nonantibody_chain
2g9a	nonantibody_chain
2g9h	nonantibody_chain
2ga4	nonantibody_chain
2gal	nonantibody_chain
2gaz	nonantibody_chain
2gbj	nonantibody_chain
2gbk	nonantibody_chain
2gbm	nonantibody_chain
2gbn	nonantibody_chain
2gbr	nonantibody_chain
2gcn	nonantibody_chain
2gco	nonantibody_chain
2gcp	nonantibody_chain
2gcy	cdr_similar
2gd8	nonantibody_chain
2gdd	nonantibody_chain
2gde	nonantibody_chain
2gdn	nonantibody_chain
2gdo	nonantibody_chain
2geh	nonantibody_chain
2gfc	nonantibody_chain
2ggm	nonantibody_chain
2gh2	nonantibody_chain
2gh5	nonantibody_chain
2ghg	nonantibody_chain
2ghl	nonantibody_chain
2ghm	nonantibody_chain
2ghu	nonantibody_chain
2ghw	released
2ghz	nonantibody_chain
2gi0	nonantibody_chain
2gi7	nonantibody_chain
2gi9	nonantibody_chain
2git	nonantibody_chain
2gj5	nonantibody_chain
2gj6	nonantibody_chain
2gj7	nonantibody_chain
2gjd	nonantibody_chain
2gjt	nonantibody_chain
2gjz	cdr_similar
2gk0	cdr_similar
2gko	nonantibody_chain
2gkr	nonantibody_chain
2gkt	nonantibody_chain
2gkv	nonantibody_chain
2glr	nonantibody_chain
2gmi	nonantibody_chain
2gmt	nonantibody_chain
2gnf	nonantibody_chain
2gng	nonantibody_chain
2gnh	nonantibody_chain
2gni	nonantibody_chain
2gnj	nonantibody_chain
2gnl	nonantibody_chain
2gnq	nonantibody_chain
2gp9	nonantibody_chain
2gps	nonantibody_chain
2gqg	nonantibody_chain
2grc	nonantibody_chain
2grn	nonantibody_chain
2gro	nonantibody_chain
2grp	nonantibody_chain
2grq	nonantibody_chain
2grr	nonantibody_chain
2grt	nonantibody_chain
2gs2	nonantibody_chain
2gs6	nonantibody_chain
2gs7	nonantibody_chain
2gsg	cdr_similar
2gsp	nonantibody_chain
2gsr	nonantibody_chain
2gss	nonantibody_chain
2gst	nonantibody_chain
2gt7	nonantibody_chain
2gt8	nonantibody_chain
2gt9	nonantibody_chain
2gtb	nonantibody_chain
2gtu	nonantibody_chain
2gtw	nonantibody_chain
2gtz	nonantibody_chain
2gu8	nonantibody_chain
2guo	nonantibody_chain
2gv0	nonantibody_chain
2gv5	nonantibody_chain
2gv6	nonantibody_chain
2gv7	nonantibody_chain
2gvd	nonantibody_chain
2gvz	nonantibody_chain
2gw2	nonantibody_chain
2gw3	nonantibody_chain
2gw5	nonantibody_chain
2gx0	nonantibody_chain
2gx4	nonantibody_chain
2gz7	nonantibody_chain
2gz8	nonantibody_chain
2gz9	nonantibody_chain
2h01	nonantibody_chain
2h02	nonantibody_chain
2h03	nonantibody_chain
2h04	nonantibody_chain
2h0g	nonantibody_chain
2h0h	nonantibody_chain
2h0i	nonantibody_chain
2h0t	nonantibody_chain
2h0y	nonantibody_chain
2h10	nonantibody_chain
2h13	nonantibody_chain
2h14	nonantibody_chain
2h15	nonantibody_chain
2h1d	nonantibody_chain
2h1g	nonantibody_chain
2h1p	nonantibody_chain
2h1u	nonantibody_chain
2h26	nonantibody_chain
2h2h	nonantibody_chain
2h2z	nonantibody_chain
2h32	cdr_similar
2h4g	nonantibody_chain
2h4k	nonantibody_chain
2h4n	nonantibody_chain
2h4p	nonantibody_chain
2h4q	nonantibody_chain
2h5i	nonantibody_chain
2h5j	nonantibody_chain
2h5o	nonantibody_chain
2h5p	nonantibody_chain
2h5q	nonantibody_chain
2h5r	nonantibody_chain
2h5s	nonantibody_chain
2h5z	nonantibody_chain
2h61	nonantibody_chain
2h65	nonantibody_chain
2h68	nonantibody_chain
2h6d	nonantibody_chain
2h6k	nonantibody_chain
2h6n	nonantibody_chain
2h6p	nonantibody_chain
2h6q	nonantibody_chain
2h6v	nonantibody_chain
2h6x	nonantibody_chain
2h6y	nonantibody_chain
2h6z	nonantibody_chain
2h70	nonantibody_chain
2h71	nonantibody_chain
2h72	nonantibody_chain
2h73	nonantibody_chain
2h74	nonantibody_chain
2h75	nonantibody_chain
2h76	nonantibody_chain
2h7j	nonantibody_chain
2h7v	nonantibody_chain
2h8d	nonantibody_chain
2h8f	nonantibody_chain
2h8p	cdr_similar
2h9e	nonantibody_chain
2h9j	nonantibody_chain
2h9k	nonantibody_chain
2h9l	nonantibody_chain
2h9m	nonantibody_chain
2h9n	nonantibody_chain
2h9p	nonantibody_chain
2h9t	nonantibody_chain
2h9v	nonantibody_chain
2h9w	nonantibody_chain
2hah	nonantibody_chain
2hai	nonantibody_chain
2haq	nonantibody_chain
2hb1	nonantibody_chain
2hb2	nonantibody_chain
2hb3	nonantibody_chain
2hb4	nonantibody_chain
2hbc	nonantibody_chain
2hbd	nonantibody_chain
2hbe	nonantibody_chain
2hbf	nonantibody_chain
2hc0	nonantibody_chain
2hc1	nonantibody_chain
2hc2	nonantibody_chain
2hcg	nonantibody_chain
2hco	nonantibody_chain
2hct	nonantibody_chain
2hd4	nonantibody_chain
2hd5	nonantibody_chain
2hd6	nonantibody_chain
2he9	nonantibody_chain
2hea	nonantibody_chain
2heb	nonantibody_chain
2hec	nonantibody_chain
2hed	nonantibody_chain
2hee	nonantibody_chain
2hef	nonantibody_chain
2hel	nonantibody_chain
2hev	nonantibody_chain
2hew	nonantibody_chain
2hex	nonantibody_chain
2hey	nonantibody_chain
2hfc	nonantibody_chain
2hfe	cdr_similar
2hff	cdr_similar
2hfg	cdr_similar
2hft	nonantibody_chain
2hfw	nonantibody_chain
2hg0	nonantibody_chain
2hg5	cdr_similar
2hgd	nonantibody_chain
2hgf	nonantibody_chain
2hgy	nonantibody_chain
2hh0	released
2hh5	nonantibody_chain
2hhb	nonantibody_chain
2hhd	nonantibody_chain
2hhe	nonantibody_chain
2hhn	nonantibody_chain
2hi7	nonantibody_chain
2hij	nonantibody_chain
2hio	nonantibody_chain
2hiw	nonantibody_chain
2hjf	cdr_similar
2hjk	nonantibody_chain
2hjl	nonantibody_chain
2hjo	nonantibody_chain
2hkd	nonantibody_chain
2hkf	cdr_similar
2hkh	cdr_similar
2hkk	nonantibody_chain
2hl4	nonantibody_chain
2hla	nonantibody_chain
2hlc	nonantibody_chain
2hm1	nonantibody_chain
2hn7	nonantibody_chain
2hnc	nonantibody_chain
2hnl	nonantibody_chain
2hnq	nonantibody_chain
2hnt	nonantibody_chain
2hob	nonantibody_chain
2hoc	nonantibody_chain
2hog	nonantibody_chain
2hoh	nonantibody_chain
2hpe	nonantibody_chain
2hpf	nonantibody_chain
2hpp	nonantibody_chain
2hpq	nonantibody_chain
2hpr	nonantibody_chain
2hpy	nonantibody_chain
2hpz	nonantibody_chain
2hqj	nonantibody_chain
2hqk	nonantibody_chain
2hqw	nonantibody_chain
2hqz	nonantibody_chain
2hrp	cdr_similar
2hrs	nonantibody_chain
2hs1	nonantibody_chain
2hs2	nonantibody_chain
2hs7	nonantibody_chain
2hs9	nonantibody_chain
2hsh	nonantibody_chain
2hso	nonantibody_chain
2hth	nonantibody_chain
2htx	nonantibody_chain
2hu1	nonantibody_chain
2hu3	nonantibody_chain
2hub	nonantibody_chain
2hue	nonantibody_chain
2huk	nonantibody_chain
2hul	nonantibody_chain
2hum	nonantibody_chain
2hvf	nonantibody_chain
2hvj	cdr_similar
2hvk	cdr_similar
2hvx	nonantibody_chain
2hw6	nonantibody_chain
2hw7	nonantibody_chain
2hwl	nonantibody_chain
2hwz	cdr_similar
2hx2	nonantibody_chain
2hx3	nonantibody_chain
2hx4	nonantibody_chain
2hx7	nonantibody_chain
2hx8	nonantibody_chain
2hx9	nonantibody_chain
2hxa	nonantibody_chain
2hxk	nonantibody_chain
2hxl	nonantibody_chain
2hxq	nonantibody_chain
2hxx	nonantibody_chain
2hxz	nonantibody_chain
2hy0	nonantibody_chain
2hy6	nonantibody_chain
2hz0	nonantibody_chain
2hz4	nonantibody_chain
2hze	nonantibody_chain
2hzf	nonantibody_chain
2hzi	nonantibody_chain
2i08	nonantibody_chain
2i0a	nonantibody_chain
2i0d	nonantibody_chain
2i1u	nonantibody_chain
2i1x	nonantibody_chain
2i1y	nonantibody_chain
2i20	nonantibody_chain
2i21	nonantibody_chain
2i25	nonantibody_chain
2i26	nonantibody_chain
2i27	cdr_untransferred
2i2z	nonantibody_chain
2i30	nonantibody_chain
2i36	nonantibody_chain
2i37	nonantibody_chain
2i3r	nonantibody_chain
2i3u	nonantibody_chain
2i42	nonantibody_chain
2i4a	nonantibody_chain
2i4d	nonantibody_chain
2i4e	nonantibody_chain
2i4g	nonantibody_chain
2i4h	nonantibody_chain
2i4u	nonantibody_chain
2i4v	nonantibody_chain
2i4w	nonantibody_chain
2i4x	nonantibody_chain
2i53	nonantibody_chain
2i5v	nonantibody_chain
2i5x	nonantibody_chain
2i5z	nonantibody_chain
2i65	nonantibody_chain
2i66	nonantibody_chain
2i67	nonantibody_chain
2i69	nonantibody_chain
2i6z	nonantibody_chain
2i75	nonantibody_chain
2i7o	nonantibody_chain
2i7s	nonantibody_chain
2i81	nonantibody_chain
2i9e	nonantibody_chain
2iad	nonantibody_chain
2ial	nonantibody_chain
2iam	nonantibody_chain
2ibi	nonantibody_chain
2ic1	nonantibody_chain
2ic5	nonantibody_chain
2ica	nonantibody_chain
2id8	nonantibody_chain
2idc	nonantibody_chain
2idf	nonantibody_chain
2idw	nonantibody_chain
2ie3	nonantibody_chain
2ie4	nonantibody_chain
2ien	nonantibody_chain
2ieo	nonantibody_chain
2iey	nonantibody_chain
2if0	nonantibody_chain
2iff	nonantibody_chain
2ifg	nonantibody_chain
2ifq	nonantibody_chain
2ig0	nonantibody_chain
2igc	nonantibody_chain
2igf	cdr_similar
2igv	nonantibody_chain
2igw	nonantibody_chain
2ih1	cdr_similar
2ih3	cdr_similar
2ihb	nonantibody_chain
2ihl	nonantibody_chain
2ii0	nonantibody_chain
2iiy	nonantibody_chain
2ijo	nonantibody_chain
2ik8	nonantibody_chain
2ili	nonantibody_chain
2iln	nonantibody_chain
2imm	cdr_similar
2imn	cdr_similar
2imz	nonantibody_chain
2in0	nonantibody_chain
2in4	nonantibody_chain
2in8	nonantibody_chain
2in9	nonantibody_chain
2inq	nonantibody_chain
2io0	nonantibody_chain
2io1	nonantibody_chain
2io3	nonantibody_chain
2io5	nonantibody_chain
2iof	nonantibody_chain
2ioi	nonantibody_chain
2iom	nonantibody_chain
2ioo	nonantibody_chain
2iot	nonantibody_chain
2iov	nonantibody_chain
2ipk	nonantibody_chain
2ipt	cdr_similar
2ipu	cdr_similar
2ipz	nonantibody_chain
2iq9	cdr_similar
2iqa	cdr_similar
2iqf	nonantibody_chain
2iqg	nonantibody_chain
2irz	nonantibody_chain
2is0	nonantibody_chain
2it4	nonantibody_chain
2it5	nonantibody_chain
2it6	nonantibody_chain
2itc	cdr_similar
2itd	cdr_similar
2itk	nonantibody_chain
2itn	nonantibody_chain
2ito	nonantibody_chain
2itp	nonantibody_chain
2itq	nonantibody_chain
2itt	nonantibody_chain
2itu	nonantibody_chain
2itv	nonantibody_chain
2itx	nonantibody_chain
2ity	nonantibody_chain
2iug	nonantibody_chain
2iuh	nonantibody_chain
2iui	nonantibody_chain
2ivm	nonantibody_chain
2ivx	nonantibody_chain
2iwe	nonantibody_chain
2iwg	nonantibody_chain
2ix7	nonantibody_chain
2ixt	nonantibody_chain
2iy0	nonantibody_chain
2iy1	nonantibody_chain
2iyc	nonantibody_chain
2iyd	nonantibody_chain
2iyo	nonantibody_chain
2izv	nonantibody_chain
2j0i	nonantibody_chain
2j0v	nonantibody_chain
2j1l	nonantibody_chain
2j1q	nonantibody_chain
2j1w	nonantibody_chain
2j1x	nonantibody_chain
2j1y	nonantibody_chain
2j1z	nonantibody_chain
2j20	nonantibody_chain
2j21	nonantibody_chain
2j23	nonantibody_chain
2j24	nonantibody_chain
2j27	nonantibody_chain
2j2u	nonantibody_chain
2j30	nonantibody_chain
2j31	nonantibody_chain
2j32	nonantibody_chain
2j33	nonantibody_chain
2j34	nonantibody_chain
2j38	nonantibody_chain
2j4i	nonantibody_chain
2j4w	cdr_similar
2j51	nonantibody_chain
2j52	nonantibody_chain
2j53	nonantibody_chain
2j5e	nonantibody_chain
2j5l	cdr_similar
2j6b	nonantibody_chain
2j6c	nonantibody_chain
2j6m	nonantibody_chain
2j7q	nonantibody_chain
2j7z	nonantibody_chain
2j88	cdr_similar
2j8x	nonantibody_chain
2j90	nonantibody_chain
2j94	nonantibody_chain
2j95	nonantibody_chain
2j9h	nonantibody_chain
2j9k	nonantibody_chain
2j9m	nonantibody_chain
2j9n	nonantibody_chain
2jab	nonantibody_chain
2jac	nonantibody_chain
2jad	nonantibody_chain
2jaf	nonantibody_chain
2jag	nonantibody_chain
2jam	nonantibody_chain
2jav	nonantibody_chain
2jc6	nonantibody_chain
2jdo	nonantibody_chain
2jdr	nonantibody_chain
2jds	nonantibody_chain
2jdt	nonantibody_chain
2jdv	nonantibody_chain
2jel	nonantibody_chain
2jet	nonantibody_chain
2jf5	nonantibody_chain
2jfl	nonantibody_chain
2jfm	nonantibody_chain
2jgb	nonantibody_chain
2jgq	nonantibody_chain
2jgy	nonantibody_chain
2jgz	nonantibody_chain
2jh0	nonantibody_chain
2jh5	nonantibody_chain
2jh6	nonantibody_chain
2jhe	nonantibody_chain
2jho	nonantibody_chain
2jhq	nonantibody_chain
2jic	nonantibody_chain
2jit	nonantibody_chain
2jiv	nonantibody_chain
2jjs	nonantibody_chain
2jjt	nonantibody_chain
2jju	nonantibody_chain
2jjv	nonantibody_chain
2jjw	nonantibody_chain
2jk2	nonantibody_chain
2jk5	cdr_similar
2jld	nonantibody_chain
2jm0	nonantibody_chain
2jsv	nonantibody_chain
2ju6	nonantibody_chain
2jvc	nonantibody_chain
2jwz	nonantibody_chain
2jxd	nonantibody_chain
2k0j	nonantibody_chain
2k0p	nonantibody_chain
2k2a	nonantibody_chain
2k61	nonantibody_chain
2kb9	nonantibody_chain
2kfx	nonantibody_chain
2ki9	nonantibody_chain
2knt	nonantibody_chain
2kq4	nonantibody_chain
2ksz	nonantibody_chain
2ktm	nonantibody_chain
2kug	nonantibody_chain
2kuh	nonantibody_chain
2kv4	nonantibody_chain
2l78	nonantibody_chain
2l7l	nonantibody_chain
2lfm	nonantibody_chain
2lgf	nonantibody_chain
2lgi	nonantibody_chain
2lh8	nonantibody_chain
2lhg	nonantibody_chain
2lhm	nonantibody_chain
2llo	nonantibody_chain
2llq	nonantibody_chain
2lrq	nonantibody_chain
2lv6	nonantibody_chain
2lve	cdr_similar
2lym	nonantibody_chain
2lyo	nonantibody_chain
2lyz	nonantibody_chain
2lz2	nonantibody_chain
2m0x	nonantibody_chain
2m7k	nonantibody_chain
2m7m	nonantibody_chain
2m7n	nonantibody_chain
2m9r	nonantibody_chain
2m9s	nonantibody_chain
2mbe	nonantibody_chain
2mbo	nonantibody_chain
2mbq	nonantibody_chain
2mbw	nonantibody_chain
2mcg	cdr_similar
2mcp	cdr_similar
2mea	nonantibody_chain
2meb	nonantibody_chain
2mec	nonantibody_chain
2med	nonantibody_chain
2mee	nonantibody_chain
2mef	nonantibody_chain
2meg	nonantibody_chain
2meh	nonantibody_chain
2mei	nonantibody_chain
2mga	nonantibody_chain
2mgb	nonantibody_chain
2mgc	nonantibody_chain
2mgd	nonantibody_chain
2mge	nonantibody_chain
2mgf	nonantibody_chain
2mgg	nonantibody_chain
2mgh	nonantibody_chain
2mgi	nonantibody_chain
2mgj	nonantibody_chain
2mgk	nonantibody_chain
2mgl	nonantibody_chain
2mgm	nonantibody_chain
2mgt	nonantibody_chain
2mha	nonantibody_chain
2mhb	nonantibody_chain
2mip	nonantibody_chain
2mj5	nonantibody_chain
2mll	nonantibody_chain
2mor	nonantibody_chain
2mpa	cdr_similar
2msg	nonantibody_chain
2mxp	nonantibody_chain
2mya	nonantibody_chain
2myb	nonantibody_chain
2myc	nonantibody_chain
2myd	nonantibody_chain
2mye	nonantibody_chain
2ncs	nonantibody_chain
2nct	nonantibody_chain
2ngr	nonantibody_chain
2nl9	nonantibody_chain
2nla	nonantibody_chain
2nlj	cdr_similar
2nmx	nonantibody_chain
2nmy	nonantibody_chain
2nmz	nonantibody_chain
2nn1	nonantibody_chain
2nn3	nonantibody_chain
2nn7	nonantibody_chain
2nng	nonantibody_chain
2nnk	nonantibody_chain
2nno	nonantibody_chain
2nnp	nonantibody_chain
2nns	nonantibody_chain
2nnv	nonantibody_chain
2no3	nonantibody_chain
2nod	nonantibody_chain
2nos	nonantibody_chain
2np8	nonantibody_chain
2nph	nonantibody_chain
2nqd	nonantibody_chain
2nqy	nonantibody_chain
2nrl	nonantibody_chain
2nrm	nonantibody_chain
2nrn	nonantibody_chain
2nse	nonantibody_chain
2nsr	nonantibody_chain
2nss	nonantibody_chain
2nt7	nonantibody_chain
2nta	nonantibody_chain
2ntf	cdr_similar
2ntg	nonantibody_chain
2nth	nonantibody_chain
2ntr	nonantibody_chain
2nts	released
2ntu	nonantibody_chain
2nu0	nonantibody_chain
2nu1	nonantibody_chain
2nu2	nonantibody_chain
2nu3	nonantibody_chain
2nu4	nonantibody_chain
2nuc	nonantibody_chain
2nui	nonantibody_chain
2nvk	nonantibody_chain
2nw2	nonantibody_chain
2nw3	nonantibody_chain
2nwd	nonantibody_chain
2nwg	nonantibody_chain
2nwn	nonantibody_chain
2nwo	nonantibody_chain
2nwp	nonantibody_chain
2nwy	nonantibody_chain
2nwz	nonantibody_chain
2nx0	nonantibody_chain
2nxb	nonantibody_chain
2nxd	nonantibody_chain
2nxl	nonantibody_chain
2nxm	nonantibody_chain
2nxq	nonantibody_chain
2nxr	nonantibody_chain
2nxs	nonantibody_chain
2nxt	nonantibody_chain
2nxy	nonantibody_chain
2nxz	nonantibody_chain
2ny0	nonantibody_chain
2ny1	nonantibody_chain
2ny2	nonantibody_chain
2ny3	nonantibody_chain
2ny4	nonantibody_chain
2ny5	nonantibody_chain
2ny6	nonantibody_chain
2nz6	nonantibody_chain
2nz8	nonantibody_chain
2nzu	nonantibody_chain
2nzv	nonantibody_chain
2o02	nonantibody_chain
2o05	nonantibody_chain
2o06	nonantibody_chain
2o07	nonantibody_chain
2o0l	nonantibody_chain
2o0u	nonantibody_chain
2o1y	nonantibody_chain
2o21	nonantibody_chain
2o22	nonantibody_chain
2o24	nonantibody_chain
2o25	nonantibody_chain
2o29	nonantibody_chain
2o2b	nonantibody_chain
2o2f	nonantibody_chain
2o2m	nonantibody_chain
2o2n	nonantibody_chain
2o2u	nonantibody_chain
2o3q	nonantibody_chain
2o3r	nonantibody_chain
2o3s	nonantibody_chain
2o3t	nonantibody_chain
2o3u	nonantibody_chain
2o40	nonantibody_chain
2o4k	nonantibody_chain
2o4l	nonantibody_chain
2o4n	nonantibody_chain
2o4p	nonantibody_chain
2o4s	nonantibody_chain
2o4w	nonantibody_chain
2o4z	nonantibody_chain
2o52	nonantibody_chain
2o58	nonantibody_chain
2o5b	nonantibody_chain
2o5g	nonantibody_chain
2o5k	nonantibody_chain
2o5l	nonantibody_chain
2o5m	nonantibody_chain
2o5o	nonantibody_chain
2o5q	nonantibody_chain
2o5s	nonantibody_chain
2o5t	nonantibody_chain
2o5x	cdr_similar
2o5y	cdr_similar
2o5z	cdr_similar
2o60	nonantibody_chain
2o6c	nonantibody_chain
2o6d	nonantibody_chain
2o6e	nonantibody_chain
2o6f	nonantibody_chain
2o6v	nonantibody_chain
2o79	nonantibody_chain
2o7a	nonantibody_chain
2o7h	nonantibody_chain
2o7k	nonantibody_chain
2o7n	nonantibody_chain
2o85	nonantibody_chain
2o87	nonantibody_chain
2o8a	nonantibody_chain
2o8g	nonantibody_chain
2o8t	nonantibody_chain
2o8u	nonantibody_chain
2o8v	nonantibody_chain
2o8w	nonantibody_chain
2o98	nonantibody_chain
2o9k	nonantibody_chain
2o9q	nonantibody_chain
2oa7	nonantibody_chain
2oac	nonantibody_chain
2oad	nonantibody_chain
2oah	nonantibody_chain
2ob4	nonantibody_chain
2obg	nonantibody_chain
2obh	nonantibody_chain
2ocb	nonantibody_chain
2ocf	nonantibody_chain
2ocj	nonantibody_chain
2ocv	nonantibody_chain
2od3	nonantibody_chain
2od8	nonantibody_chain
2odb	nonantibody_chain
2ode	nonantibody_chain
2ody	nonantibody_chain
2oe0	nonantibody_chain
2oe1	nonantibody_chain
2oe3	nonantibody_chain
2oe4	nonantibody_chain
2oe7	nonantibody_chain
2oe9	nonantibody_chain
2oea	nonantibody_chain
2oed	nonantibody_chain
2oen	nonantibody_chain
2of0	nonantibody_chain
2of1	nonantibody_chain
2ofz	nonantibody_chain
2og3	nonantibody_chain
2oh0	nonantibody_chain
2oh8	nonantibody_chain
2oh9	nonantibody_chain
2oha	nonantibody_chain
2ohb	nonantibody_chain
2ohk	nonantibody_chain
2ohl	nonantibody_chain
2ohm	nonantibody_chain
2ohn	nonantibody_chain
2ohp	nonantibody_chain
2ohq	nonantibody_chain
2ohr	nonantibody_chain
2ohs	nonantibody_chain
2oht	nonantibody_chain
2ohu	nonantibody_chain
2oi9	nonantibody_chain
2oj1	nonantibody_chain
2oj9	nonantibody_chain
2ojf	nonantibody_chain
2ojp	nonantibody_chain
2ojr	nonantibody_chain
2ojz	cdr_similar
2ok1	nonantibody_chain
2ok2	nonantibody_chain
2oky	nonantibody_chain
2ol2	nonantibody_chain
2ol3	nonantibody_chain
2ol6	nonantibody_chain
2ol7	nonantibody_chain
2ol8	nonantibody_chain
2old	released_antibody_only
2olg	nonantibody_chain
2om2	nonantibody_chain
2oma	nonantibody_chain
2omb	released_antibody_only
2omn	released_antibody_only
2on8	nonantibody_chain
2one	nonantibody_chain
2onq	nonantibody_chain
2onu	nonantibody_chain
2oo1	nonantibody_chain
2oo8	nonantibody_chain
2oob	nonantibody_chain
2op2	nonantibody_chain
2op3	nonantibody_chain
2op4	cdr_similar
2op9	nonantibody_chain
2oq5	nonantibody_chain
2oqf	nonantibody_chain
2oqu	nonantibody_chain
2or2	nonantibody_chain
2or3	nonantibody_chain
2or9	nonantibody_chain
2orb	cdr_similar
2orm	nonantibody_chain
2oro	nonantibody_chain
2orp	nonantibody_chain
2orq	nonantibody_chain
2orr	nonantibody_chain
2ors	nonantibody_chain
2ort	nonantibody_chain
2os2	nonantibody_chain
2osc	nonantibody_chain
2osf	nonantibody_chain
2osl	nonantibody_chain
2osm	nonantibody_chain
2oss	nonantibody_chain
2osz	nonantibody_chain
2ot5	nonantibody_chain
2otb	nonantibody_chain
2ote	nonantibody_chain
2otp	nonantibody_chain
2otu	cdr_similar
2otv	nonantibody_chain
2otw	cdr_similar
2oty	nonantibody_chain
2otz	nonantibody_chain
2ou0	nonantibody_chain
2ou7	nonantibody_chain
2ou8	nonantibody_chain
2ou9	nonantibody_chain
2oul	nonantibody_chain
2ouo	nonantibody_chain
2ov5	nonantibody_chain
2ow3	nonantibody_chain
2owb	nonantibody_chain
2oxd	nonantibody_chain
2oxj	nonantibody_chain
2oxk	nonantibody_chain
2oxq	nonantibody_chain
2oxs	nonantibody_chain
2oxx	nonantibody_chain
2oxy	nonantibody_chain
2oy1	nonantibody_chain
2oy5	nonantibody_chain
2oy7	nonantibody_chain
2oy8	nonantibody_chain
2oyb	nonantibody_chain
2oz2	nonantibody_chain
2oz4	cdr_similar
2p0w	nonantibody_chain
2p16	nonantibody_chain
2p1f	nonantibody_chain
2p1l	nonantibody_chain
2p24	nonantibody_chain
2p2l	nonantibody_chain
2p33	nonantibody_chain
2p3a	nonantibody_chain
2p3b	nonantibody_chain
2p3c	nonantibody_chain
2p3d	nonantibody_chain
2p3f	nonantibody_chain
2p3g	nonantibody_chain
2p3t	nonantibody_chain
2p3u	nonantibody_chain
2p42	nonantibody_chain
2p43	nonantibody_chain
2p44	nonantibody_chain
2p45	nonantibody_chain
2p46	nonantibody_chain
2p47	nonantibody_chain
2p48	nonantibody_chain
2p49	nonantibody_chain
2p4a	nonantibody_chain
2p4e	nonantibody_chain
2p4i	nonantibody_chain
2p4q	nonantibody_chain
2p4u	nonantibody_chain
2p52	nonantibody_chain
2p55	nonantibody_chain
2p5b	nonantibody_chain
2p5e	nonantibody_chain
2p5p	nonantibody_chain
2p5w	nonantibody_chain
2p5y	nonantibody_chain
2p6z	nonantibody_chain
2p74	nonantibody_chain
2p7s	nonantibody_chain
2p7t	cdr_similar
2p7u	nonantibody_chain
2p86	nonantibody_chain
2p8h	nonantibody_chain
2p8l	cdr_similar
2p8m	cdr_similar
2p8n	nonantibody_chain
2p8o	nonantibody_chain
2p8p	cdr_similar
2p93	nonantibody_chain
2p94	nonantibody_chain
2p95	nonantibody_chain
2pa5	nonantibody_chain
2pad	nonantibody_chain
2pbc	nonantibody_chain
2pbh	nonantibody_chain
2pc0	nonantibody_chain
2pc2	nonantibody_chain
2pcb	nonantibody_chain
2pcc	nonantibody_chain
2pcp	cdr_similar
2pcx	nonantibody_chain
2pe0	nonantibody_chain
2pe1	nonantibody_chain
2pe2	nonantibody_chain
2pe6	nonantibody_chain
2pe9	nonantibody_chain
2pea	nonantibody_chain
2ped	nonantibody_chain
2peg	nonantibody_chain
2pgb	nonantibody_chain
2pgd	nonantibody_chain
2pgh	nonantibody_chain
2pgj	nonantibody_chain
2pgl	nonantibody_chain
2pgq	nonantibody_chain
2pgt	nonantibody_chain
2ph6	nonantibody_chain
2ph8	nonantibody_chain
2phb	nonantibody_chain
2phk	nonantibody_chain
2pi3	nonantibody_chain
2pi7	nonantibody_chain
2pjo	nonantibody_chain
2pjy	nonantibody_chain
2pk5	nonantibody_chain
2pk6	nonantibody_chain
2pkc	nonantibody_chain
2pks	nonantibody_chain
2plu	nonantibody_chain
2plx	nonantibody_chain
2pmw	nonantibody_chain
2pnb	nonantibody_chain
2pns	nonantibody_chain
2pnv	nonantibody_chain
2pnx	nonantibody_chain
2pou	nonantibody_chain
2pov	nonantibody_chain
2pow	nonantibody_chain
2pox	nonantibody_chain
2poy	nonantibody_chain
2ppn	nonantibody_chain
2ppo	nonantibody_chain
2ppp	nonantibody_chain
2ppz	nonantibody_chain
2pq2	nonantibody_chain
2pq3	nonantibody_chain
2pqk	nonantibody_chain
2pqz	nonantibody_chain
2pr3	nonantibody_chain
2pr4	cdr_similar
2pre	nonantibody_chain
2prk	nonantibody_chain
2psq	nonantibody_chain
2psu	nonantibody_chain
2psv	nonantibody_chain
2psx	nonantibody_chain
2psy	nonantibody_chain
2ptc	nonantibody_chain
2ptd	nonantibody_chain
2ptn	nonantibody_chain
2ptw	nonantibody_chain
2ptx	nonantibody_chain
2pty	nonantibody_chain
2ptz	nonantibody_chain
2pu0	nonantibody_chain
2pu1	nonantibody_chain
2pu9	nonantibody_chain
2puk	nonantibody_chain
2puq	nonantibody_chain
2pur	nonantibody_chain
2pux	nonantibody_chain
2pv9	nonantibody_chain
2pvf	nonantibody_chain
2pvh	nonantibody_chain
2pvj	nonantibody_chain
2pvk	nonantibody_chain
2pvl	nonantibody_chain
2pvm	nonantibody_chain
2pvn	nonantibody_chain
2pvo	nonantibody_chain
2pvr	nonantibody_chain
2pw1	cdr_similar
2pw2	cdr_similar
2pw5	nonantibody_chain
2pw7	nonantibody_chain
2pw8	nonantibody_chain
2pwa	nonantibody_chain
2pwb	nonantibody_chain
2pwc	nonantibody_chain
2pwl	nonantibody_chain
2pwr	nonantibody_chain
2pwx	nonantibody_chain
2pxj	nonantibody_chain
2pxy	nonantibody_chain
2py3	nonantibody_chain
2pye	nonantibody_chain
2pyf	nonantibody_chain
2pyk	nonantibody_chain
2pym	nonantibody_chain
2pyn	nonantibody_chain
2pyz	nonantibody_chain
2pz5	nonantibody_chain
2pzp	nonantibody_chain
2pzr	nonantibody_chain
2pzt	nonantibody_chain
2pzu	nonantibody_chain
2pzw	nonantibody_chain
2q0b	nonantibody_chain
2q0m	nonantibody_chain
2q0n	nonantibody_chain
2q15	nonantibody_chain
2q1b	nonantibody_chain
2q1e	cdr_similar
2q1j	nonantibody_chain
2q1q	nonantibody_chain
2q20	cdr_similar
2q21	nonantibody_chain
2q2m	nonantibody_chain
2q2p	nonantibody_chain
2q38	nonantibody_chain
2q39	nonantibody_chain
2q3h	nonantibody_chain
2q3k	nonantibody_chain
2q54	nonantibody_chain
2q55	nonantibody_chain
2q57	nonantibody_chain
2q5a	nonantibody_chain
2q5k	nonantibody_chain
2q63	nonantibody_chain
2q64	nonantibody_chain
2q6d	nonantibody_chain
2q6f	nonantibody_chain
2q6g	nonantibody_chain
2q6p	nonantibody_chain
2q76	cdr_similar
2q7w	nonantibody_chain
2q7y	nonantibody_chain
2q86	nonantibody_chain
2q8a	cdr_similar
2q8b	cdr_similar
2q8c	nonantibody_chain
2q8d	nonantibody_chain
2q8e	nonantibody_chain
2q9d	nonantibody_chain
2q9e	nonantibody_chain
2qa3	nonantibody_chain
2qak	nonantibody_chain
2qar	nonantibody_chain
2qb2	nonantibody_chain
2qb3	nonantibody_chain
2qbp	nonantibody_chain
2qbq	nonantibody_chain
2qbr	nonantibody_chain
2qbs	nonantibody_chain
2qbt	nonantibody_chain
2qc1	nonantibody_chain
2qc2	nonantibody_chain
2qc6	nonantibody_chain
2qca	nonantibody_chain
2qcd	nonantibody_chain
2qce	nonantibody_chain
2qcf	nonantibody_chain
2qcg	nonantibody_chain
2qch	nonantibody_chain
2qci	nonantibody_chain
2qcl	nonantibody_chain
2qcm	nonantibody_chain
2qcn	nonantibody_chain
2qcs	nonantibody_chain
2qcy	nonantibody_chain
2qd6	nonantibody_chain
2qd7	nonantibody_chain
2qd8	nonantibody_chain
2qej	nonantibody_chain
2qep	nonantibody_chain
2qg5	nonantibody_chain
2qhc	nonantibody_chain
2qhm	nonantibody_chain
2qhn	nonantibody_chain
2qho	nonantibody_chain
2qhr	cdr_untransferred
2qhy	nonantibody_chain
2qhz	nonantibody_chain
2qi0	nonantibody_chain
2qi1	nonantibody_chain
2qi3	nonantibody_chain
2qi4	nonantibody_chain
2qi5	nonantibody_chain
2qi6	nonantibody_chain
2qi7	nonantibody_chain
2qic	nonantibody_chain
2qiq	nonantibody_chain
2qj2	nonantibody_chain
2qj4	nonantibody_chain
2qj6	nonantibody_chain
2qk5	nonantibody_chain
2qk8	nonantibody_chain
2qkr	nonantibody_chain
2qkt	nonantibody_chain
2qku	nonantibody_chain
2qkv	nonantibody_chain
2ql1	nonantibody_chain
2ql5	nonantibody_chain
2ql7	nonantibody_chain
2ql9	nonantibody_chain
2qla	nonantibody_chain
2qlb	nonantibody_chain
2qle	nonantibody_chain
2qlf	nonantibody_chain
2qlg	nonantibody_chain
2qlh	nonantibody_chain
2qli	nonantibody_chain
2qlj	nonantibody_chain
2qls	nonantibody_chain
2qmb	nonantibody_chain
2qmd	nonantibody_chain
2qme	nonantibody_chain
2qmf	nonantibody_chain
2qmg	nonantibody_chain
2qmp	nonantibody_chain
2qn5	nonantibody_chain
2qnj	nonantibody_chain
2qnn	nonantibody_chain
2qnp	nonantibody_chain
2qnq	nonantibody_chain
2qo8	nonantibody_chain
2qoa	nonantibody_chain
2qob	nonantibody_chain
2qoc	nonantibody_chain
2qoh	nonantibody_chain
2qp6	nonantibody_chain
2qp8	nonantibody_chain
2qpn	nonantibody_chain
2qqf	nonantibody_chain
2qqg	nonantibody_chain
2qqk	released
2qql	released
2qqn	released
2qrf	nonantibody_chain
2qrz	nonantibody_chain
2qsc	released
2qsp	nonantibody_chain
2qss	nonantibody_chain
2qt2	nonantibody_chain
2qtw	nonantibody_chain
2qu0	nonantibody_chain
2qu1	nonantibody_chain
2qu2	nonantibody_chain
2qu3	nonantibody_chain
2qug	nonantibody_chain
2qur	nonantibody_chain
2quz	nonantibody_chain
2qvs	nonantibody_chain
2qxg	nonantibody_chain
2qxh	nonantibody_chain
2qxi	nonantibody_chain
2qxj	nonantibody_chain
2qxv	nonantibody_chain
2qy0	nonantibody_chain
2qyi	nonantibody_chain
2qyj	nonantibody_chain
2qyu	nonantibody_chain
2qz0	nonantibody_chain
2qz2	nonantibody_chain
2qz3	nonantibody_chain
2qz8	nonantibody_chain
2qzk	nonantibody_chain
2qzl	nonantibody_chain
2r0i	nonantibody_chain
2r0j	nonantibody_chain
2r0k	nonantibody_chain
2r0l	nonantibody_chain
2r0u	nonantibody_chain
2r0w	cdr_similar
2r0y	nonantibody_chain
2r0z	cdr_similar
2r1h	nonantibody_chain
2r1t	nonantibody_chain
2r1u	nonantibody_chain
2r1v	nonantibody_chain
2r1w	cdr_similar
2r1x	cdr_similar
2r1y	cdr_similar
2r23	cdr_similar
2r28	nonantibody_chain
2r29	nonantibody_chain
2r2b	cdr_similar
2r2e	cdr_similar
2r2h	cdr_similar
2r2m	nonantibody_chain
2r2p	nonantibody_chain
2r2v	nonantibody_chain
2r2w	nonantibody_chain
2r2x	nonantibody_chain
2r38	nonantibody_chain
2r3d	nonantibody_chain
2r3f	nonantibody_chain
2r3i	nonantibody_chain
2r3o	nonantibody_chain
2r3p	nonantibody_chain
2r3r	nonantibody_chain
2r3t	nonantibody_chain
2r3w	nonantibody_chain
2r3x	nonantibody_chain
2r43	nonantibody_chain
2r4b	nonantibody_chain
2r4r	nonantibody_chain
2r4s	nonantibody_chain
2r5p	nonantibody_chain
2r5q	nonantibody_chain
2r64	nonantibody_chain
2r69	nonantibody_chain
2r6k	nonantibody_chain
2r6m	nonantibody_chain
2r6n	nonantibody_chain
2r7b	nonantibody_chain
2r80	nonantibody_chain
2r8n	nonantibody_chain
2r99	nonantibody_chain
2r9k	nonantibody_chain
2r9m	nonantibody_chain
2r9n	nonantibody_chain
2r9o	nonantibody_chain
2r9s	nonantibody_chain
2r9v	nonantibody_chain
2ra0	nonantibody_chain
2ra3	nonantibody_chain
2rao	nonantibody_chain
2rap	nonantibody_chain
2rat	nonantibody_chain
2ray	nonantibody_chain
2raz	nonantibody_chain
2rb0	nonantibody_chain
2rb1	nonantibody_chain
2rb2	nonantibody_chain
2rbi	nonantibody_chain
2rbn	nonantibody_chain
2rbo	nonantibody_chain
2rbp	nonantibody_chain
2rbq	nonantibody_chain
2rbr	nonantibody_chain
2rbs	nonantibody_chain
2rcs	cdr_similar
2rdl	nonantibody_chain
2rei	nonantibody_chain
2rex	nonantibody_chain
2rf9	nonantibody_chain
2rfd	nonantibody_chain
2rfi	nonantibody_chain
2rfj	nonantibody_chain
2rft	nonantibody_chain
2rfu	nonantibody_chain
2rfx	nonantibody_chain
2rg3	nonantibody_chain
2rg9	nonantibody_chain
2rga	nonantibody_chain
2rgb	nonantibody_chain
2rgc	nonantibody_chain
2rgd	nonantibody_chain
2rge	nonantibody_chain
2rgg	nonantibody_chain
2rgp	nonantibody_chain
2rgs	nonantibody_chain
2rh1	nonantibody_chain
2rhe	released_antibody_only
2rii	nonantibody_chain
2riv	nonantibody_chain
2riw	nonantibody_chain
2rje	nonantibody_chain
2rjf	nonantibody_chain
2rk3	nonantibody_chain
2rk4	nonantibody_chain
2rk6	nonantibody_chain
2rkf	nonantibody_chain
2rkg	nonantibody_chain
2rku	nonantibody_chain
2rln	nonantibody_chain
2rnf	nonantibody_chain
2rns	nonantibody_chain
2rnt	nonantibody_chain
2sam	nonantibody_chain
2sar	nonantibody_chain
2sbt	nonantibody_chain
2sec	nonantibody_chain
2sgd	nonantibody_chain
2sge	nonantibody_chain
2sgf	nonantibody_chain
2sgp	nonantibody_chain
2sgq	nonantibody_chain
2sic	nonantibody_chain
2sns	nonantibody_chain
2spl	nonantibody_chain
2spm	nonantibody_chain
2spn	nonantibody_chain
2spo	nonantibody_chain
2spz	nonantibody_chain
2st1	nonantibody_chain
2sta	nonantibody_chain
2stb	nonantibody_chain
2tbs	nonantibody_chain
2tec	nonantibody_chain
2tgd	nonantibody_chain
2tgp	nonantibody_chain
2tgt	nonantibody_chain
2thf	nonantibody_chain
2tio	nonantibody_chain
2tir	nonantibody_chain
2tn4	nonantibody_chain
2tnf	nonantibody_chain
2trc	nonantibody_chain
2trm	nonantibody_chain
2tsa	nonantibody_chain
2tsb	nonantibody_chain
2tun	nonantibody_chain
2ucz	nonantibody_chain
2ugi	nonantibody_chain
2upj	nonantibody_chain
2uud	cdr_similar
2uuf	nonantibody_chain
2uug	nonantibody_chain
2uuj	nonantibody_chain
2uuk	nonantibody_chain
2uuy	nonantibody_chain
2uv2	nonantibody_chain
2uv3	nonantibody_chain
2uvx	nonantibody_chain
2uvy	nonantibody_chain
2uvz	nonantibody_chain
2uw0	nonantibody_chain
2uw3	nonantibody_chain
2uw4	nonantibody_chain
2uw5	nonantibody_chain
2uw6	nonantibody_chain
2uw7	nonantibody_chain
2uw8	nonantibody_chain
2uw9	nonantibody_chain
2uwl	nonantibody_chain
2uwo	nonantibody_chain
2uxn	nonantibody_chain
2uxr	nonantibody_chain
2uxz	nonantibody_chain
2uy0	nonantibody_chain
2uyz	nonantibody_chain
2uzi	nonantibody_chain
2uzn	nonantibody_chain
2uzo	nonantibody_chain
2uzt	nonantibody_chain
2uzu	nonantibody_chain
2uzv	nonantibody_chain
2uzw	nonantibody_chain
2v01	nonantibody_chain
2v02	nonantibody_chain
2v0b	nonantibody_chain
2v0d	nonantibody_chain
2v0u	nonantibody_chain
2v0w	nonantibody_chain
2v17	cdr_similar
2v1a	nonantibody_chain
2v1b	nonantibody_chain
2v1d	nonantibody_chain
2v1e	nonantibody_chain
2v1f	nonantibody_chain
2v1g	nonantibody_chain
2v1h	nonantibody_chain
2v1i	nonantibody_chain
2v1j	nonantibody_chain
2v1k	nonantibody_chain
2v1y	nonantibody_chain
2v2c	nonantibody_chain
2v2d	nonantibody_chain
2v2g	nonantibody_chain
2v2h	nonantibody_chain
2v30	nonantibody_chain
2v32	nonantibody_chain
2v35	nonantibody_chain
2v3h	nonantibody_chain
2v3o	nonantibody_chain
2v4h	nonantibody_chain
2v4z	nonantibody_chain
2v59	nonantibody_chain
2v5b	nonantibody_chain
2v5l	nonantibody_chain
2v5q	nonantibody_chain
2v6n	nonantibody_chain
2v6o	nonantibody_chain
2v6q	nonantibody_chain
2v7h	cdr_similar
2v7o	nonantibody_chain
2v8b	nonantibody_chain
2v8w	nonantibody_chain
2v8x	nonantibody_chain
2v8y	nonantibody_chain
2v95	nonantibody_chain
2vaa	nonantibody_chain
2vab	nonantibody_chain
2vad	nonantibody_chain
2vas	nonantibody_chain
2vay	nonantibody_chain
2vb1	nonantibody_chain
2vb6	nonantibody_chain
2vbw	nonantibody_chain
2vbx	nonantibody_chain
2vby	nonantibody_chain
2vbz	nonantibody_chain
2vc0	nonantibody_chain
2vc1	nonantibody_chain
2vc3	nonantibody_chain
2vc4	nonantibody_chain
2vco	nonantibody_chain
2vcq	nonantibody_chain
2vcw	nonantibody_chain
2vcx	nonantibody_chain
2vcz	nonantibody_chain
2vd0	nonantibody_chain
2vd1	nonantibody_chain
2vdb	nonantibody_chain
2vdx	nonantibody_chain
2vdy	nonantibody_chain
2vei	nonantibody_chain
2vek	nonantibody_chain
2vel	nonantibody_chain
2vem	nonantibody_chain
2ven	nonantibody_chain
2vfd	nonantibody_chain
2vfe	nonantibody_chain
2vff	nonantibody_chain
2vfg	nonantibody_chain
2vfh	nonantibody_chain
2vfi	nonantibody_chain
2vg9	nonantibody_chain
2vgc	nonantibody_chain
2vgd	nonantibody_chain
2vh0	nonantibody_chain
2vh5	nonantibody_chain
2vh6	nonantibody_chain
2vhs	nonantibody_chain
2vik	nonantibody_chain
2vim	nonantibody_chain
2vir	nonantibody_chain
2vis	nonantibody_chain
2vit	nonantibody_chain
2viu	nonantibody_chain
2vj1	nonantibody_chain
2vj2	nonantibody_chain
2vky	nonantibody_chain
2vl5	cdr_similar
2vlj	nonantibody_chain
2vlk	nonantibody_chain
2vlm	nonantibody_chain
2vlx	nonantibody_chain
2vly	nonantibody_chain
2vlz	nonantibody_chain
2vm0	nonantibody_chain
2vm6	nonantibody_chain
2vn9	nonantibody_chain
2vnl	nonantibody_chain
2vnw	nonantibody_chain
2vny	nonantibody_chain
2vo0	nonantibody_chain
2vo3	nonantibody_chain
2vo6	nonantibody_chain
2vo7	nonantibody_chain
2voc	nonantibody_chain
2vok	nonantibody_chain
2vom	nonantibody_chain
2vpf	nonantibody_chain
2vpg	nonantibody_chain
2vqd	nonantibody_chain
2vr1	nonantibody_chain
2vrr	nonantibody_chain
2vrw	nonantibody_chain
2vsm	nonantibody_chain
2vta	nonantibody_chain
2vth	nonantibody_chain
2vti	nonantibody_chain
2vtj	nonantibody_chain
2vtl	nonantibody_chain
2vtm	nonantibody_chain
2vtn	nonantibody_chain
2vto	nonantibody_chain
2vtp	nonantibody_chain
2vtq	nonantibody_chain
2vtr	nonantibody_chain
2vts	nonantibody_chain
2vtt	nonantibody_chain
2vu3	nonantibody_chain
2vu8	nonantibody_chain
2vuk	nonantibody_chain
2vul	nonantibody_chain
2vuo	nonantibody_chain
2vv9	nonantibody_chain
2vva	nonantibody_chain
2vvb	nonantibody_chain
2vvh	nonantibody_chain
2vvi	nonantibody_chain
2vvj	nonantibody_chain
2vwd	nonantibody_chain
2vwu	nonantibody_chain
2vwv	nonantibody_chain
2vww	nonantibody_chain
2vwx	nonantibody_chain
2vwy	nonantibody_chain
2vwz	nonantibody_chain
2vx0	nonantibody_chain
2vx1	nonantibody_chain
2vxn	nonantibody_chain
2vxq	released
2vxt	cdr_similar
2vxu	cdr_similar
2vxv	cdr_similar
2vz6	nonantibody_chain
2w05	nonantibody_chain
2w06	nonantibody_chain
2w0f	cdr_similar
2w0j	nonantibody_chain
2w0k	cdr_similar
2w0l	cdr_similar
2w17	nonantibody_chain
2w1h	nonantibody_chain
2w1i	nonantibody_chain
2w1l	nonantibody_chain
2w1m	nonantibody_chain
2w1x	nonantibody_chain
2w1y	nonantibody_chain
2w24	nonantibody_chain
2w25	nonantibody_chain
2w29	nonantibody_chain
2w2j	nonantibody_chain
2w2m	nonantibody_chain
2w2n	nonantibody_chain
2w2o	nonantibody_chain
2w2p	nonantibody_chain
2w2q	nonantibody_chain
2w2t	nonantibody_chain
2w2v	nonantibody_chain
2w2x	nonantibody_chain
2w3i	nonantibody_chain
2w3k	nonantibody_chain
2w3l	nonantibody_chain
2w4j	nonantibody_chain
2w4k	nonantibody_chain
2w4o	nonantibody_chain
2w59	nonantibody_chain
2w5a	nonantibody_chain
2w5b	nonantibody_chain
2w5g	nonantibody_chain
2w5h	nonantibody_chain
2w5i	nonantibody_chain
2w5k	nonantibody_chain
2w5l	nonantibody_chain
2w5m	nonantibody_chain
2w60	cdr_similar
2w65	cdr_similar
2w6n	nonantibody_chain
2w6o	nonantibody_chain
2w6p	nonantibody_chain
2w6v	nonantibody_chain
2w6w	nonantibody_chain
2w6x	nonantibody_chain
2w6y	nonantibody_chain
2w70	nonantibody_chain
2w72	nonantibody_chain
2w73	nonantibody_chain
2w7x	nonantibody_chain
2w8z	nonantibody_chain
2w90	nonantibody_chain
2w96	nonantibody_chain
2w97	nonantibody_chain
2w99	nonantibody_chain
2w9d	cdr_similar
2w9e	nonantibody_chain
2w9f	nonantibody_chain
2w9n	nonantibody_chain
2w9s	nonantibody_chain
2w9t	nonantibody_chain
2w9z	nonantibody_chain
2wah	nonantibody_chain
2waj	nonantibody_chain
2war	nonantibody_chain
2wb3	nonantibody_chain
2wba	nonantibody_chain
2wcx	nonantibody_chain
2wd2	nonantibody_chain
2wd3	nonantibody_chain
2wdp	nonantibody_chain
2wdt	nonantibody_chain
2weg	nonantibody_chain
2weh	nonantibody_chain
2wei	nonantibody_chain
2wej	nonantibody_chain
2wel	nonantibody_chain
2weo	nonantibody_chain
2wfi	nonantibody_chain
2wfj	nonantibody_chain
2wh0	nonantibody_chain
2wh6	nonantibody_chain
2wh7	nonantibody_chain
2whh	nonantibody_chain
2wj7	nonantibody_chain
2wjk	nonantibody_chain
2wjl	nonantibody_chain
2wjw	nonantibody_chain
2wkp	nonantibody_chain
2wkq	nonantibody_chain
2wkr	nonantibody_chain
2wkz	nonantibody_chain
2wl0	nonantibody_chain
2wlw	nonantibody_chain
2wm9	nonantibody_chain
2wmn	nonantibody_chain
2wmo	nonantibody_chain
2wmq	nonantibody_chain
2wmr	nonantibody_chain
2wms	nonantibody_chain
2wmt	nonantibody_chain
2wmu	nonantibody_chain
2wmv	nonantibody_chain
2wmw	nonantibody_chain
2wmx	nonantibody_chain
2wnt	nonantibody_chain
2wph	nonantibody_chain
2wpi	nonantibody_chain
2wpj	nonantibody_chain
2wpk	nonantibody_chain
2wpl	nonantibody_chain
2wpm	nonantibody_chain
2wpy	nonantibody_chain
2wpz	nonantibody_chain
2wq0	nonantibody_chain
2wq1	nonantibody_chain
2wq2	nonantibody_chain
2wq3	nonantibody_chain
2wqb	nonantibody_chain
2wqe	nonantibody_chain
2wql	nonantibody_chain
2wqo	nonantibody_chain
2wqr	nonantibody_chain
2wrm	nonantibody_chain
2ws2	nonantibody_chain
2wsq	nonantibody_chain
2wsr	nonantibody_chain
2wtc	nonantibody_chain
2wtd	nonantibody_chain
2wti	nonantibody_chain
2wtj	nonantibody_chain
2wtw	nonantibody_chain
2wuv	nonantibody_chain
2wuw	nonantibody_chain
2ww6	nonantibody_chain
2wwz	nonantibody_chain
2wx0	nonantibody_chain
2wx1	nonantibody_chain
2wxc	nonantibody_chain
2wyg	nonantibody_chain
2wyj	nonantibody_chain
2wyx	nonantibody_chain
2x0a	nonantibody_chain
2x0g	nonantibody_chain
2x0l	nonantibody_chain
2x0u	nonantibody_chain
2x0v	nonantibody_chain
2x0w	nonantibody_chain
2x16	nonantibody_chain
2x1o	released_antibody_only
2x1p	released_antibody_only
2x1q	released_antibody_only
2x1r	nonantibody_chain
2x1s	nonantibody_chain
2x1t	nonantibody_chain
2x1u	nonantibody_chain
2x1v	nonantibody_chain
2x25	nonantibody_chain
2x2a	nonantibody_chain
2x2c	nonantibody_chain
2x2d	nonantibody_chain
2x2g	nonantibody_chain
2x39	nonantibody_chain
2x4n	nonantibody_chain
2x4o	nonantibody_chain
2x4p	nonantibody_chain
2x4q	nonantibody_chain
2x4r	nonantibody_chain
2x4s	nonantibody_chain
2x4t	nonantibody_chain
2x4u	nonantibody_chain
2x4w	nonantibody_chain
2x4x	nonantibody_chain
2x51	nonantibody_chain
2x6d	nonantibody_chain
2x6e	nonantibody_chain
2x6m	released
2x70	nonantibody_chain
2x71	nonantibody_chain
2x72	nonantibody_chain
2x7r	nonantibody_chain
2x7s	nonantibody_chain
2x7t	nonantibody_chain
2x7u	nonantibody_chain
2x81	nonantibody_chain
2x83	nonantibody_chain
2x89	nonantibody_chain
2x8e	nonantibody_chain
2x8g	nonantibody_chain
2x8h	nonantibody_chain
2x8i	nonantibody_chain
2x99	nonantibody_chain
2x9f	nonantibody_chain
2xa0	nonantibody_chain
2xa3	released_antibody_only
2xa8	cdr_similar
2xaf	nonantibody_chain
2xag	nonantibody_chain
2xah	nonantibody_chain
2xaj	nonantibody_chain
2xaq	nonantibody_chain
2xas	nonantibody_chain
2xb7	nonantibody_chain
2xbi	nonantibody_chain
2xbj	nonantibody_chain
2xbq	nonantibody_chain
2xbr	nonantibody_chain
2xbs	nonantibody_chain
2xc2	nonantibody_chain
2xch	nonantibody_chain
2xck	nonantibody_chain
2xee	nonantibody_chain
2xeh	nonantibody_chain
2xew	nonantibody_chain
2xey	nonantibody_chain
2xez	nonantibody_chain
2xf0	nonantibody_chain
2xfx	nonantibody_chain
2xgy	nonantibody_chain
2xh5	nonantibody_chain
2xhw	nonantibody_chain
2xik	nonantibody_chain
2xiw	nonantibody_chain
2xjw	nonantibody_chain
2xk3	nonantibody_chain
2xk4	nonantibody_chain
2xk5	nonantibody_chain
2xk6	nonantibody_chain
2xk7	nonantibody_chain
2xk8	nonantibody_chain
2xk9	nonantibody_chain
2xkc	nonantibody_chain
2xkd	nonantibody_chain
2xke	nonantibody_chain
2xkf	nonantibody_chain
2xkn	cdr_similar
2xl2	nonantibody_chain
2xl3	nonantibody_chain
2xm9	nonantibody_chain
2xmw	nonantibody_chain
2xmy	nonantibody_chain
2xmz	nonantibody_chain
2xn3	nonantibody_chain
2xna	nonantibody_chain
2xnb	nonantibody_chain
2xne	nonantibody_chain
2xnm	nonantibody_chain
2xnn	nonantibody_chain
2xno	nonantibody_chain
2xnp	nonantibody_chain
2xns	nonantibody_chain
2xog	nonantibody_chain
2xoi	nonantibody_chain
2xp3	nonantibody_chain
2xp4	nonantibody_chain
2xp5	nonantibody_chain
2xp6	nonantibody_chain
2xp7	nonantibody_chain
2xp8	nonantibody_chain
2xp9	nonantibody_chain
2xpa	nonantibody_chain
2xpb	nonantibody_chain
2xpg	nonantibody_chain
2xph	nonantibody_chain
2xqb	released
2xql	nonantibody_chain
2xqz	nonantibody_chain
2xr0	nonantibody_chain
2xr5	nonantibody_chain
2xr6	nonantibody_chain
2xra	cdr_similar
2xre	nonantibody_chain
2xrm	nonantibody_chain
2xrq	nonantibody_chain
2xrw	nonantibody_chain
2xs0	nonantibody_chain
2xsc	nonantibody_chain
2xsi	nonantibody_chain
2xsx	nonantibody_chain
2xt1	released
2xth	nonantibody_chain
2xtj	nonantibody_chain
2xtt	nonantibody_chain
2xu1	nonantibody_chain
2xu3	nonantibody_chain
2xu4	nonantibody_chain
2xu5	nonantibody_chain
2xuu	nonantibody_chain
2xv3	nonantibody_chain
2xv6	released
2xvd	nonantibody_chain
2xvv	nonantibody_chain
2xvw	nonantibody_chain
2xw9	nonantibody_chain
2xwa	nonantibody_chain
2xwh	nonantibody_chain
2xwr	nonantibody_chain
2xwt	cdr_similar
2xwy	nonantibody_chain
2xxc	released_antibody_only
2xxd	nonantibody_chain
2xxm	released
2xye	nonantibody_chain
2xyf	nonantibody_chain
2xyg	nonantibody_chain
2xyh	nonantibody_chain
2xyi	nonantibody_chain
2xym	nonantibody_chain
2xyn	nonantibody_chain
2xyp	nonantibody_chain
2xzd	nonantibody_chain
2xzg	nonantibody_chain
2xzq	cdr_similar
2xzs	nonantibody_chain
2xzt	nonantibody_chain
2y07	cdr_similar
2y0a	nonantibody_chain
2y0b	nonantibody_chain
2y0g	nonantibody_chain
2y1l	nonantibody_chain
2y1y	nonantibody_chain
2y1z	nonantibody_chain
2y2f	nonantibody_chain
2y37	nonantibody_chain
2y4i	nonantibody_chain
2y4p	nonantibody_chain
2y4v	nonantibody_chain
2y5b	nonantibody_chain
2y5t	cdr_similar
2y5y	nonantibody_chain
2y61	nonantibody_chain
2y62	nonantibody_chain
2y63	nonantibody_chain
2y6m	nonantibody_chain
2y6o	nonantibody_chain
2y6s	cdr_similar
2y6z	nonantibody_chain
2y70	nonantibody_chain
2y7l	nonantibody_chain
2y7m	nonantibody_chain
2y7n	nonantibody_chain
2y7o	nonantibody_chain
2y7q	nonantibody_chain
2y91	nonantibody_chain
2ya9	nonantibody_chain
2yaa	nonantibody_chain
2yab	nonantibody_chain
2yad	nonantibody_chain
2yak	nonantibody_chain
2yay	nonantibody_chain
2yba	nonantibody_chain
2ybf	nonantibody_chain
2ybg	nonantibody_chain
2ybh	nonantibody_chain
2ybi	nonantibody_chain
2ybj	nonantibody_chain
2ybl	nonantibody_chain
2ybm	nonantibody_chain
2ybn	nonantibody_chain
2ybp	nonantibody_chain
2ybr	released
2ybs	nonantibody_chain
2yc1	released
2ycc	nonantibody_chain
2ycf	nonantibody_chain
2ycq	nonantibody_chain
2ycr	nonantibody_chain
2ycs	nonantibody_chain
2ydg	nonantibody_chain
2ydj	nonantibody_chain
2ydk	nonantibody_chain
2ydo	nonantibody_chain
2ydu	nonantibody_chain
2ydv	nonantibody_chain
2ydw	nonantibody_chain
2ydz	nonantibody_chain
2ye0	nonantibody_chain
2ye1	nonantibody_chain
2yek	nonantibody_chain
2yel	nonantibody_chain
2yem	nonantibody_chain
2yer	nonantibody_chain
2yex	nonantibody_chain
2yez	nonantibody_chain
2yfp	nonantibody_chain
2yfv	nonantibody_chain
2yfw	nonantibody_chain
2ygg	nonantibody_chain
2ygv	nonantibody_chain
2yho	nonantibody_chain
2yiq	nonantibody_chain
2yir	nonantibody_chain
2yit	nonantibody_chain
2yj1	nonantibody_chain
2yj2	nonantibody_chain
2yj7	nonantibody_chain
2yj8	nonantibody_chain
2yj9	nonantibody_chain
2yjb	nonantibody_chain
2yjc	nonantibody_chain
2yk1	cdr_untransferred
2yk3	nonantibody_chain
2ykl	cdr_untransferred
2ylh	nonantibody_chain
2ym3	nonantibody_chain
2ym4	nonantibody_chain
2ym5	nonantibody_chain
2ym6	nonantibody_chain
2ym7	nonantibody_chain
2ym8	nonantibody_chain
2ymx	released_antibody_only
2ymz	nonantibody_chain
2yn1	nonantibody_chain
2yn8	nonantibody_chain
2yna	nonantibody_chain
2ynb	nonantibody_chain
2ynr	nonantibody_chain
2yns	nonantibody_chain
2ynx	nonantibody_chain
2yo3	nonantibody_chain
2yoi	nonantibody_chain
2yp2	nonantibody_chain
2yp3	nonantibody_chain
2yp4	nonantibody_chain
2yp5	nonantibody_chain
2yp7	nonantibody_chain
2yp8	nonantibody_chain
2yp9	nonantibody_chain
2ypi	nonantibody_chain
2ypk	nonantibody_chain
2ypl	nonantibody_chain
2ypm	nonantibody_chain
2ypv	cdr_similar
2yq6	nonantibody_chain
2yq7	nonantibody_chain
2yss	nonantibody_chain
2yv0	nonantibody_chain
2yvb	nonantibody_chain
2yvc	nonantibody_chain
2ywp	nonantibody_chain
2yx5	nonantibody_chain
2yxf	nonantibody_chain
2yxj	nonantibody_chain
2yza	nonantibody_chain
2yzu	nonantibody_chain
2z12	nonantibody_chain
2z18	nonantibody_chain
2z19	nonantibody_chain
2z1g	nonantibody_chain
2z1h	nonantibody_chain
2z1i	nonantibody_chain
2z1j	nonantibody_chain
2z1o	nonantibody_chain
2z2e	nonantibody_chain
2z2f	nonantibody_chain
2z2t	nonantibody_chain
2z2x	nonantibody_chain
2z2y	nonantibody_chain
2z2z	nonantibody_chain
2z30	nonantibody_chain
2z31	nonantibody_chain
2z35	nonantibody_chain
2z3c	nonantibody_chain
2z3d	nonantibody_chain
2z3e	nonantibody_chain
2z4o	nonantibody_chain
2z4q	cdr_similar
2z54	nonantibody_chain
2z55	nonantibody_chain
2z56	nonantibody_chain
2z57	nonantibody_chain
2z58	nonantibody_chain
2z5h	nonantibody_chain
2z5i	nonantibody_chain
2z5j	nonantibody_chain
2z5k	nonantibody_chain
2z5m	nonantibody_chain
2z5n	nonantibody_chain
2z5o	nonantibody_chain
2z60	nonantibody_chain
2z6f	nonantibody_chain
2z6n	nonantibody_chain
2z6s	nonantibody_chain
2z6t	nonantibody_chain
2z6w	nonantibody_chain
2z6y	nonantibody_chain
2z79	nonantibody_chain
2z7f	nonantibody_chain
2z8c	nonantibody_chain
2z91	cdr_similar
2z92	cdr_similar
2z93	cdr_similar
2z94	nonantibody_chain
2z9g	nonantibody_chain
2z9j	nonantibody_chain
2z9k	nonantibody_chain
2z9l	nonantibody_chain
2z9t	nonantibody_chain
2za4	nonantibody_chain
2zc9	nonantibody_chain
2zcb	nonantibody_chain
2zcc	nonantibody_chain
2zch	nonantibody_chain
2zck	nonantibody_chain
2zcl	nonantibody_chain
2zd8	nonantibody_chain
2zda	nonantibody_chain
2zdk	nonantibody_chain
2zdl	nonantibody_chain
2zdm	nonantibody_chain
2zdn	nonantibody_chain
2zdt	nonantibody_chain
2zdu	nonantibody_chain
2zdv	nonantibody_chain
2zdz	nonantibody_chain
2ze1	nonantibody_chain
2zeq	nonantibody_chain
2zet	nonantibody_chain
2zf0	nonantibody_chain
2zfb	nonantibody_chain
2zfe	nonantibody_chain
2zff	nonantibody_chain
2zfp	nonantibody_chain
2zfq	nonantibody_chain
2zfr	nonantibody_chain
2zfs	nonantibody_chain
2zft	nonantibody_chain
2zfy	nonantibody_chain
2zg0	nonantibody_chain
2zga	nonantibody_chain
2zgb	nonantibody_chain
2zgc	nonantibody_chain
2zgh	nonantibody_chain
2zgj	nonantibody_chain
2zgx	nonantibody_chain
2zhd	nonantibody_chain
2zhe	nonantibody_chain
2zhf	nonantibody_chain
2zhq	nonantibody_chain
2zhr	nonantibody_chain
2zhs	nonantibody_chain
2zht	nonantibody_chain
2zhu	nonantibody_chain
2zhv	nonantibody_chain
2zhw	nonantibody_chain
2zi2	nonantibody_chain
2zij	nonantibody_chain
2zik	nonantibody_chain
2zil	nonantibody_chain
2ziq	nonantibody_chain
2zjc	nonantibody_chain
2zjf	nonantibody_chain
2zjh	nonantibody_chain
2zji	nonantibody_chain
2zjj	nonantibody_chain
2zjl	nonantibody_chain
2zjm	nonantibody_chain
2zjn	nonantibody_chain
2zjs	cdr_untransferred
2zjw	nonantibody_chain
2zjx	nonantibody_chain
2zjy	nonantibody_chain
2zjz	nonantibody_chain
2zkh	cdr_similar
2zkn	nonantibody_chain
2zks	nonantibody_chain
2zl1	nonantibody_chain
2zlt	nonantibody_chain
2zlu	nonantibody_chain
2zlv	nonantibody_chain
2zlw	nonantibody_chain
2zlx	nonantibody_chain
2zmc	nonantibody_chain
2zmd	nonantibody_chain
2zmm	nonantibody_chain
2zn7	nonantibody_chain
2znc	nonantibody_chain
2znh	nonantibody_chain
2znk	nonantibody_chain
2znv	nonantibody_chain
2znw	nonantibody_chain
2znx	nonantibody_chain
2zo3	nonantibody_chain
2zo6	nonantibody_chain
2zo7	nonantibody_chain
2zol	nonantibody_chain
2zp0	nonantibody_chain
2zpk	cdr_similar
2zpm	nonantibody_chain
2zpo	nonantibody_chain
2zpq	nonantibody_chain
2zpr	nonantibody_chain
2zps	nonantibody_chain
2zpx	nonantibody_chain
2zpy	nonantibody_chain
2zq1	nonantibody_chain
2zq2	nonantibody_chain
2zq3	nonantibody_chain
2zq4	nonantibody_chain
2zq7	nonantibody_chain
2zq8	nonantibody_chain
2zq9	nonantibody_chain
2zqa	nonantibody_chain
2zqb	nonantibody_chain
2zqc	nonantibody_chain
2zqd	nonantibody_chain
2zqs	nonantibody_chain
2zqt	nonantibody_chain
2zqu	nonantibody_chain
2zqv	nonantibody_chain
2zr4	nonantibody_chain
2zr5	nonantibody_chain
2zr6	nonantibody_chain
2zrq	nonantibody_chain
2zsn	nonantibody_chain
2zso	nonantibody_chain
2zsp	nonantibody_chain
2zsq	nonantibody_chain
2zsr	nonantibody_chain
2zss	nonantibody_chain
2zst	nonantibody_chain
2zsv	nonantibody_chain
2zsx	nonantibody_chain
2zsy	nonantibody_chain
2zsz	nonantibody_chain
2zt0	nonantibody_chain
2zt1	nonantibody_chain
2zt2	nonantibody_chain
2zt3	nonantibody_chain
2zt4	nonantibody_chain
2zti	nonantibody_chain
2ztn	nonantibody_chain
2zu2	nonantibody_chain
2zu4	nonantibody_chain
2zu5	nonantibody_chain
2zup	nonantibody_chain
2zv2	nonantibody_chain
2zvk	nonantibody_chain
2zvm	nonantibody_chain
2zvn	nonantibody_chain
2zvo	nonantibody_chain
2zvx	nonantibody_chain
2zw0	nonantibody_chain
2zw1	nonantibody_chain
2zwb	nonantibody_chain
2zwl	nonantibody_chain
2zwp	nonantibody_chain
2zya	nonantibody_chain
2zyd	nonantibody_chain
2zye	nonantibody_chain
2zyg	nonantibody_chain
2zyp	nonantibody_chain
2zza	nonantibody_chain
2zzl	nonantibody_chain
2zzo	nonantibody_chain
2zzq	nonantibody_chain
2zzu	nonantibody_chain
32c2	cdr_similar
35c8	cdr_similar
3a0c	nonantibody_chain
3a0d	nonantibody_chain
3a0e	nonantibody_chain
3a0g	nonantibody_chain
3a1b	nonantibody_chain
3a1q	nonantibody_chain
3a1r	nonantibody_chain
3a2g	nonantibody_chain
3a2o	nonantibody_chain
3a33	nonantibody_chain
3a34	nonantibody_chain
3a3c	nonantibody_chain
3a3n	nonantibody_chain
3a3o	nonantibody_chain
3a3p	nonantibody_chain
3a3q	nonantibody_chain
3a3r	nonantibody_chain
3a4s	nonantibody_chain
3a5e	nonantibody_chain
3a5j	nonantibody_chain
3a5k	nonantibody_chain
3a5l	nonantibody_chain
3a5m	nonantibody_chain
3a5n	nonantibody_chain
3a5o	nonantibody_chain
3a67	nonantibody_chain
3a6b	nonantibody_chain
3a6c	nonantibody_chain
3a6s	nonantibody_chain
3a6t	nonantibody_chain
3a6u	nonantibody_chain
3a6v	nonantibody_chain
3a7f	nonantibody_chain
3a7g	nonantibody_chain
3a7h	nonantibody_chain
3a7i	nonantibody_chain
3a7j	nonantibody_chain
3a7t	nonantibody_chain
3a7v	nonantibody_chain
3a7w	nonantibody_chain
3a7x	nonantibody_chain
3a7y	nonantibody_chain
3a7z	nonantibody_chain
3a80	nonantibody_chain
3a81	nonantibody_chain
3a82	nonantibody_chain
3a83	nonantibody_chain
3a84	nonantibody_chain
3a85	nonantibody_chain
3a86	nonantibody_chain
3a87	nonantibody_chain
3a88	nonantibody_chain
3a89	nonantibody_chain
3a8a	nonantibody_chain
3a8b	nonantibody_chain
3a8c	nonantibody_chain
3a8d	nonantibody_chain
3a8z	nonantibody_chain
3a90	nonantibody_chain
3a91	nonantibody_chain
3a92	nonantibody_chain
3a93	nonantibody_chain
3a94	nonantibody_chain
3a95	nonantibody_chain
3a96	nonantibody_chain
3a9j	nonantibody_chain
3a9k	nonantibody_chain
3aa2	nonantibody_chain
3aa3	nonantibody_chain
3aa4	nonantibody_chain
3aa5	nonantibody_chain
3aas	nonantibody_chain
3aat	nonantibody_chain
3aau	nonantibody_chain
3aav	nonantibody_chain
3aaz	cdr_similar
3ab0	released
3abd	nonantibody_chain
3abe	nonantibody_chain
3adf	nonantibody_chain
3ag0	nonantibody_chain
3ag9	nonantibody_chain
3agg	nonantibody_chain
3agh	nonantibody_chain
3agi	nonantibody_chain
3agl	nonantibody_chain
3agm	nonantibody_chain
3ah8	nonantibody_chain
3aha	nonantibody_chain
3ai4	nonantibody_chain
3ai5	nonantibody_chain
3ai8	nonantibody_chain
3aid	nonantibody_chain
3aiq	nonantibody_chain
3air	nonantibody_chain
3ais	nonantibody_chain
3aiu	nonantibody_chain
3aiv	nonantibody_chain
3aiw	nonantibody_chain
3aj8	nonantibody_chain
3aj9	nonantibody_chain
3ajn	nonantibody_chain
3ajy	nonantibody_chain
3ajz	nonantibody_chain
3ak0	nonantibody_chain
3ako	nonantibody_chain
3akp	nonantibody_chain
3akq	nonantibody_chain
3akr	nonantibody_chain
3aks	nonantibody_chain
3akt	nonantibody_chain
3alb	nonantibody_chain
3aln	nonantibody_chain
3alo	nonantibody_chain
3am6	nonantibody_chain
3am7	nonantibody_chain
3am8	nonantibody_chain
3ama	nonantibody_chain
3amb	nonantibody_chain
3amy	nonantibody_chain
3ans	nonantibody_chain
3ant	nonantibody_chain
3aox	nonantibody_chain
3apc	nonantibody_chain
3apd	nonantibody_chain
3apf	nonantibody_chain
3aqa	nonantibody_chain
3aqv	nonantibody_chain
3arb	nonantibody_chain
3ard	nonantibody_chain
3are	nonantibody_chain
3arf	nonantibody_chain
3arg	nonantibody_chain
3ase	nonantibody_chain
3ask	nonantibody_chain
3at2	nonantibody_chain
3at3	nonantibody_chain
3at4	nonantibody_chain
3at5	nonantibody_chain
3at6	nonantibody_chain
3ati	nonantibody_chain
3atk	nonantibody_chain
3atl	nonantibody_chain
3atm	nonantibody_chain
3atn	nonantibody_chain
3ato	nonantibody_chain
3atw	nonantibody_chain
3au1	nonantibody_chain
3aub	nonantibody_chain
3auc	nonantibody_chain
3aud	nonantibody_chain
3aue	nonantibody_chain
3aug	nonantibody_chain
3aui	nonantibody_chain
3aul	nonantibody_chain
3aum	nonantibody_chain
3ave	nonantibody_chain
3avr	nonantibody_chain
3avz	nonantibody_chain
3aw0	nonantibody_chain
3aw1	nonantibody_chain
3aw6	nonantibody_chain
3aw7	nonantibody_chain
3axc	nonantibody_chain
3axl	nonantibody_chain
3axw	nonantibody_chain
3ay4	nonantibody_chain
3az4	nonantibody_chain
3az5	nonantibody_chain
3az6	nonantibody_chain
3az7	nonantibody_chain
3azu	nonantibody_chain
3b08	nonantibody_chain
3b0a	nonantibody_chain
3b0b	nonantibody_chain
3b0i	nonantibody_chain
3b0k	nonantibody_chain
3b0o	nonantibody_chain
3b1l	nonantibody_chain
3b23	nonantibody_chain
3b2t	nonantibody_chain
3b2v	cdr_similar
3b32	nonantibody_chain
3b36	nonantibody_chain
3b38	nonantibody_chain
3b3a	nonantibody_chain
3b3i	nonantibody_chain
3b3m	nonantibody_chain
3b3n	nonantibody_chain
3b3o	nonantibody_chain
3b3p	nonantibody_chain
3b3x	nonantibody_chain
3b4f	nonantibody_chain
3b5g	cdr_similar
3b5l	nonantibody_chain
3b6l	nonantibody_chain
3b6r	nonantibody_chain
3b6s	nonantibody_chain
3b72	nonantibody_chain
3b7o	nonantibody_chain
3b7v	nonantibody_chain
3b80	nonantibody_chain
3b95	nonantibody_chain
3b9f	nonantibody_chain
3b9l	nonantibody_chain
3b9m	nonantibody_chain
3b9v	cdr_similar
3ba2	nonantibody_chain
3bae	nonantibody_chain
3bas	nonantibody_chain
3bat	nonantibody_chain
3bbt	nonantibody_chain
3bbw	nonantibody_chain
3bc3	nonantibody_chain
3bc4	nonantibody_chain
3bce	nonantibody_chain
3bcm	nonantibody_chain
3bcn	nonantibody_chain
3bco	nonantibody_chain
3bcp	nonantibody_chain
3bcq	nonantibody_chain
3bd3	released_antibody_only
3bd4	released_antibody_only
3bd5	released_antibody_only
3bdx	cdr_similar
3bdy	nonantibody_chain
3be9	nonantibody_chain
3bef	nonantibody_chain
3bei	nonantibody_chain
3bel	nonantibody_chain
3bet	nonantibody_chain
3beu	nonantibody_chain
3bev	nonantibody_chain
3bew	nonantibody_chain
3bf6	nonantibody_chain
3bg4	nonantibody_chain
3bg8	nonantibody_chain
3bgb	nonantibody_chain
3bgc	nonantibody_chain
3bgg	nonantibody_chain
3bgj	nonantibody_chain
3bgm	nonantibody_chain
3bgo	nonantibody_chain
3bgt	nonantibody_chain
3bh3	nonantibody_chain
3bh8	nonantibody_chain
3bh9	nonantibody_chain
3bhb	nonantibody_chain
3bhe	nonantibody_chain
3bhy	nonantibody_chain
3bik	nonantibody_chain
3bir	nonantibody_chain
3bis	nonantibody_chain
3biu	nonantibody_chain
3biv	nonantibody_chain
3bj1	nonantibody_chain
3bj2	nonantibody_chain
3bj3	nonantibody_chain
3bjl	cdr_similar
3bk0	nonantibody_chain
3bkc	cdr_similar
3bkj	nonantibody_chain
3bkm	cdr_similar
3bky	nonantibody_chain
3bl0	nonantibody_chain
3bl1	nonantibody_chain
3bl2	nonantibody_chain
3bl6	nonantibody_chain
3blg	nonantibody_chain
3blh	nonantibody_chain
3blm	nonantibody_chain
3blq	nonantibody_chain
3blr	nonantibody_chain
3blt	nonantibody_chain
3blu	nonantibody_chain
3bm8	nonantibody_chain
3bn3	nonantibody_chain
3bo8	nonantibody_chain
3boa	nonantibody_chain
3bom	nonantibody_chain
3bp4	nonantibody_chain
3bp7	nonantibody_chain
3bpc	cdr_similar
3bpf	nonantibody_chain
3bpm	nonantibody_chain
3bpp	nonantibody_chain
3bps	nonantibody_chain
3bqc	nonantibody_chain
3bqm	nonantibody_chain
3bqn	nonantibody_chain
3bqr	nonantibody_chain
3bqu	cdr_similar
3bra	nonantibody_chain
3bsq	nonantibody_chain
3bt2	released
3bt6	nonantibody_chain
3bt8	nonantibody_chain
3btd	nonantibody_chain
3btf	nonantibody_chain
3btg	nonantibody_chain
3bth	nonantibody_chain
3btk	nonantibody_chain
3btm	nonantibody_chain
3btq	nonantibody_chain
3btr	nonantibody_chain
3btt	nonantibody_chain
3btw	nonantibody_chain
3bu3	nonantibody_chain
3bu4	nonantibody_chain
3bu5	nonantibody_chain
3bu6	nonantibody_chain
3buf	nonantibody_chain
3bug	nonantibody_chain
3buh	nonantibody_chain
3buk	nonantibody_chain
3buy	nonantibody_chain
3bv9	nonantibody_chain
3bva	nonantibody_chain
3bvb	nonantibody_chain
3bvj	nonantibody_chain
3bvn	nonantibody_chain
3bw9	nonantibody_chain
3bwa	nonantibody_chain
3bwb	nonantibody_chain
3bwc	nonantibody_chain
3bwd	nonantibody_chain
3bwj	nonantibody_chain
3bwk	nonantibody_chain
3bwu	nonantibody_chain
3bx1	nonantibody_chain
3bxk	nonantibody_chain
3bxl	nonantibody_chain
3bxn	nonantibody_chain
3bxr	nonantibody_chain
3bxs	nonantibody_chain
3by4	nonantibody_chain
3bya	nonantibody_chain
3byb	nonantibody_chain
3byd	nonantibody_chain
3byy	nonantibody_chain
3bzd	nonantibody_chain
3bzf	nonantibody_chain
3c05	nonantibody_chain
3c08	cdr_similar
3c0g	nonantibody_chain
3c0h	nonantibody_chain
3c0i	nonantibody_chain
3c0j	nonantibody_chain
3c0r	nonantibody_chain
3c13	nonantibody_chain
3c14	nonantibody_chain
3c15	nonantibody_chain
3c16	nonantibody_chain
3c1k	nonantibody_chain
3c1s	nonantibody_chain
3c27	nonantibody_chain
3c2a	cdr_similar
3c2c	nonantibody_chain
3c2s	nonantibody_chain
3c3g	nonantibody_chain
3c3h	nonantibody_chain
3c4c	nonantibody_chain
3c4f	nonantibody_chain
3c4o	nonantibody_chain
3c4p	nonantibody_chain
3c5a	nonantibody_chain
3c5k	nonantibody_chain
3c5s	cdr_untransferred
3c5w	nonantibody_chain
3c5x	nonantibody_chain
3c62	nonantibody_chain
3c63	nonantibody_chain
3c6e	nonantibody_chain
3c6w	nonantibody_chain
3c7k	nonantibody_chain
3c7p	nonantibody_chain
3c7u	nonantibody_chain
3c7v	nonantibody_chain
3c7w	nonantibody_chain
3c7y	nonantibody_chain
3c7z	nonantibody_chain
3c80	nonantibody_chain
3c81	nonantibody_chain
3c82	nonantibody_chain
3c83	nonantibody_chain
3c8k	nonantibody_chain
3c8q	nonantibody_chain
3c8r	nonantibody_chain
3c8s	nonantibody_chain
3c8w	nonantibody_chain
3c9c	nonantibody_chain
3c9e	nonantibody_chain
3c9k	nonantibody_chain
3c9n	nonantibody_chain
3ca2	nonantibody_chain
3caa	nonantibody_chain
3caj	nonantibody_chain
3cap	nonantibody_chain
3cb2	nonantibody_chain
3cb7	nonantibody_chain
3cb9	nonantibody_chain
3cbe	nonantibody_chain
3cbj	nonantibody_chain
3cbk	nonantibody_chain
3cc5	nonantibody_chain
3ccd	nonantibody_chain
3cd1	nonantibody_chain
3cd2	nonantibody_chain
3cd4	nonantibody_chain
3cd9	nonantibody_chain
3cdc	cdr_similar
3cdf	cdr_similar
3cdo	nonantibody_chain
3cdq	nonantibody_chain
3cdr	nonantibody_chain
3cdt	nonantibody_chain
3cdv	nonantibody_chain
3cdy	cdr_similar
3cen	nonantibody_chain
3cf6	nonantibody_chain
3cfb	cdr_untransferred
3cfc	cdr_untransferred
3cfd	cdr_similar
3cfe	cdr_similar
3cfs	nonantibody_chain
3cfv	nonantibody_chain
3cg5	nonantibody_chain
3cgf	nonantibody_chain
3cgi	nonantibody_chain
3cgo	nonantibody_chain
3ch5	nonantibody_chain
3chb	nonantibody_chain
3ci5	nonantibody_chain
3ci7	nonantibody_chain
3cib	nonantibody_chain
3cic	nonantibody_chain
3cid	nonantibody_chain
3cip	nonantibody_chain
3ciu	nonantibody_chain
3cjb	nonantibody_chain
3cjc	nonantibody_chain
3cjk	nonantibody_chain
3ck0	cdr_similar
3ck4	nonantibody_chain
3cka	nonantibody_chain
3ckf	nonantibody_chain
3ckg	nonantibody_chain
3ckt	nonantibody_chain
3ckw	nonantibody_chain
3ckx	nonantibody_chain
3cle	cdr_similar
3clf	cdr_similar
3cln	nonantibody_chain
3cly	nonantibody_chain
3cmo	cdr_similar
3cmz	nonantibody_chain
3cnq	nonantibody_chain
3co0	nonantibody_chain
3coc	nonantibody_chain
3cod	nonantibody_chain
3coh	nonantibody_chain
3cok	nonantibody_chain
3con	nonantibody_chain
3cpl	nonantibody_chain
3cpt	nonantibody_chain
3cqu	nonantibody_chain
3cqw	nonantibody_chain
3cr2	nonantibody_chain
3cr4	nonantibody_chain
3cr5	nonantibody_chain
3crp	nonantibody_chain
3crt	nonantibody_chain
3cru	nonantibody_chain
3cs7	nonantibody_chain
3csf	nonantibody_chain
3csg	nonantibody_chain
3csh	nonantibody_chain
3csi	nonantibody_chain
3csj	nonantibody_chain
3cst	nonantibody_chain
3ctf	nonantibody_chain
3ctg	nonantibody_chain
3cu8	nonantibody_chain
3cup	nonantibody_chain
3cva	nonantibody_chain
3cvi	cdr_similar
3cwe	nonantibody_chain
3cwl	nonantibody_chain
3cwm	nonantibody_chain
3cx9	nonantibody_chain
3cxd	cdr_similar
3cy5	nonantibody_chain
3cy6	nonantibody_chain
3cyh	nonantibody_chain
3cyt	nonantibody_chain
3cyu	nonantibody_chain
3cyw	nonantibody_chain
3cyx	nonantibody_chain
3cza	nonantibody_chain
3czf	nonantibody_chain
3czt	nonantibody_chain
3czv	nonantibody_chain
3d05	nonantibody_chain
3d06	nonantibody_chain
3d07	nonantibody_chain
3d08	nonantibody_chain
3d09	nonantibody_chain
3d0e	nonantibody_chain
3d0l	cdr_similar
3d0n	nonantibody_chain
3d0v	cdr_similar
3d0y	nonantibody_chain
3d0z	nonantibody_chain
3d10	nonantibody_chain
3d11	nonantibody_chain
3d14	nonantibody_chain
3d15	nonantibody_chain
3d17	nonantibody_chain
3d18	nonantibody_chain
3d1a	nonantibody_chain
3d1k	nonantibody_chain
3d1x	nonantibody_chain
3d1y	nonantibody_chain
3d1z	nonantibody_chain
3d20	nonantibody_chain
3d25	nonantibody_chain
3d2i	nonantibody_chain
3d2k	nonantibody_chain
3d39	nonantibody_chain
3d3t	nonantibody_chain
3d3v	nonantibody_chain
3d43	nonantibody_chain
3d49	nonantibody_chain
3d4a	nonantibody_chain
3d4f	nonantibody_chain
3d4m	nonantibody_chain
3d4q	nonantibody_chain
3d4s	nonantibody_chain
3d4w	nonantibody_chain
3d4x	nonantibody_chain
3d5g	nonantibody_chain
3d5i	nonantibody_chain
3d5j	nonantibody_chain
3d5u	nonantibody_chain
3d5v	nonantibody_chain
3d5w	nonantibody_chain
3d5x	nonantibody_chain
3d62	nonantibody_chain
3d65	nonantibody_chain
3d69	cdr_similar
3d6e	nonantibody_chain
3d6g	nonantibody_chain
3d6o	nonantibody_chain
3d6p	nonantibody_chain
3d6q	nonantibody_chain
3d6s	nonantibody_chain
3d7b	nonantibody_chain
3d7c	nonantibody_chain
3d7m	nonantibody_chain
3d7o	nonantibody_chain
3d7v	nonantibody_chain
3d7w	nonantibody_chain
3d85	cdr_similar
3d8g	nonantibody_chain
3d8w	nonantibody_chain
3d8y	nonantibody_chain
3d8z	nonantibody_chain
3d92	nonantibody_chain
3d93	nonantibody_chain
3d94	nonantibody_chain
3d9a	nonantibody_chain
3d9c	nonantibody_chain
3d9q	nonantibody_chain
3d9v	nonantibody_chain
3d9z	nonantibody_chain
3da2	nonantibody_chain
3da6	nonantibody_chain
3da7	nonantibody_chain
3da9	nonantibody_chain
3dae	nonantibody_chain
3daj	nonantibody_chain
3dat	nonantibody_chain
3dau	nonantibody_chain
3daz	nonantibody_chain
3db6	nonantibody_chain
3db8	nonantibody_chain
3dbc	nonantibody_chain
3dbd	nonantibody_chain
3dbe	nonantibody_chain
3dbf	nonantibody_chain
3dbp	nonantibody_chain
3dbs	nonantibody_chain
3dbu	nonantibody_chain
3dbx	nonantibody_chain
3dc3	nonantibody_chain
3dc9	nonantibody_chain
3dcc	nonantibody_chain
3dcg	nonantibody_chain
3dck	nonantibody_chain
3dcr	nonantibody_chain
3dcs	nonantibody_chain
3dcw	nonantibody_chain
3dd0	nonantibody_chain
3dd3	nonantibody_chain
3dd8	nonantibody_chain
3ddc	nonantibody_chain
3ddz	nonantibody_chain
3de0	nonantibody_chain
3de1	nonantibody_chain
3de2	nonantibody_chain
3de3	nonantibody_chain
3de4	nonantibody_chain
3de5	nonantibody_chain
3de6	nonantibody_chain
3de7	nonantibody_chain
3de8	nonantibody_chain
3de9	nonantibody_chain
3deh	nonantibody_chain
3dei	nonantibody_chain
3dej	nonantibody_chain
3dek	nonantibody_chain
3den	nonantibody_chain
3df9	nonantibody_chain
3dfa	nonantibody_chain
3dfc	nonantibody_chain
3dfj	nonantibody_chain
3dfl	nonantibody_chain
3dfr	nonantibody_chain
3dgg	cdr_similar
3dgh	nonantibody_chain
3dgk	nonantibody_chain
3dgq	nonantibody_chain
3dgy	nonantibody_chain
3dh2	nonantibody_chain
3dh5	nonantibody_chain
3dh6	nonantibody_chain
3dh9	nonantibody_chain
3dhj	nonantibody_chain
3dhk	nonantibody_chain
3dhm	nonantibody_chain
3dhq	nonantibody_chain
3dht	nonantibody_chain
3di7	nonantibody_chain
3di8	nonantibody_chain
3di9	nonantibody_chain
3dib	nonantibody_chain
3dic	nonantibody_chain
3die	nonantibody_chain
3dif	cdr_similar
3dj5	nonantibody_chain
3dj6	nonantibody_chain
3dj7	nonantibody_chain
3dj9	nonantibody_chain
3djg	nonantibody_chain
3djj	nonantibody_chain
3djk	nonantibody_chain
3djo	nonantibody_chain
3djp	nonantibody_chain
3djq	nonantibody_chain
3djv	nonantibody_chain
3djx	nonantibody_chain
3dk1	nonantibody_chain
3dk3	nonantibody_chain
3dk4	nonantibody_chain
3dk6	nonantibody_chain
3dk7	nonantibody_chain
3dk8	nonantibody_chain
3dk9	nonantibody_chain
3dke	nonantibody_chain
3dko	nonantibody_chain
3dks	nonantibody_chain
3dlw	nonantibody_chain
3dmm	nonantibody_chain
3dmv	nonantibody_chain
3dmx	nonantibody_chain
3dmz	nonantibody_chain
3dn0	nonantibody_chain
3dn1	nonantibody_chain
3dn2	nonantibody_chain
3dn3	nonantibody_chain
3dn4	nonantibody_chain
3dn6	nonantibody_chain
3dn8	nonantibody_chain
3dna	nonantibody_chain
3dnd	nonantibody_chain
3dne	nonantibody_chain
3dnk	nonantibody_chain
3do3	nonantibody_chain
3dox	nonantibody_chain
3dp9	nonantibody_chain
3dpd	nonantibody_chain
3dpw	nonantibody_chain
3dpx	nonantibody_chain
3dpz	nonantibody_chain
3dq1	nonantibody_chain
3dq2	nonantibody_chain
3dq3	nonantibody_chain
3dq4	nonantibody_chain
3dq5	nonantibody_chain
3dq6	nonantibody_chain
3dq7	nonantibody_chain
3dq8	nonantibody_chain
3dq9	nonantibody_chain
3dqa	nonantibody_chain
3dqb	nonantibody_chain
3dqc	nonantibody_chain
3dqd	nonantibody_chain
3dqe	nonantibody_chain
3dqf	nonantibody_chain
3dqh	nonantibody_chain
3dqi	nonantibody_chain
3dqj	nonantibody_chain
3dqk	nonantibody_chain
3dql	nonantibody_chain
3dqm	nonantibody_chain
3dqn	nonantibody_chain
3dqo	nonantibody_chain
3dqr	nonantibody_chain
3dqs	nonantibody_chain
3dqt	nonantibody_chain
3dqu	nonantibody_chain
3drb	nonantibody_chain
3drc	nonantibody_chain
3dre	nonantibody_chain
3drm	nonantibody_chain
3dro	cdr_similar
3drq	cdr_similar
3drt	cdr_similar
3dsf	cdr_similar
3dt0	nonantibody_chain
3dtm	nonantibody_chain
3dtx	nonantibody_chain
3du0	nonantibody_chain
3du8	nonantibody_chain
3dui	nonantibody_chain
3dur	cdr_similar
3dus	cdr_similar
3dut	nonantibody_chain
3duu	cdr_similar
3dux	nonantibody_chain
3dv3	nonantibody_chain
3dv4	cdr_similar
3dv6	cdr_similar
3dv7	nonantibody_chain
3dvb	nonantibody_chain
3dvc	nonantibody_chain
3dvd	nonantibody_chain
3dve	nonantibody_chain
3dvf	released_antibody_only
3dvg	nonantibody_chain
3dvi	cdr_similar
3dvj	nonantibody_chain
3dvk	nonantibody_chain
3dvm	nonantibody_chain
3dvq	nonantibody_chain
3dvr	nonantibody_chain
3dvs	nonantibody_chain
3dvu	nonantibody_chain
3dw0	nonantibody_chain
3dw1	nonantibody_chain
3dw3	nonantibody_chain
3dwe	nonantibody_chain
3dwj	nonantibody_chain
3dwz	nonantibody_chain
3dx6	nonantibody_chain
3dx7	nonantibody_chain
3dx8	nonantibody_chain
3dx9	nonantibody_chain
3dxg	nonantibody_chain
3dxh	nonantibody_chain
3dxn	nonantibody_chain
3dy0	nonantibody_chain
3dy7	nonantibody_chain
3dyb	nonantibody_chain
3dyr	nonantibody_chain
3dzg	nonantibody_chain
3dzh	nonantibody_chain
3dzi	nonantibody_chain
3dzj	nonantibody_chain
3dzk	nonantibody_chain
3dzq	nonantibody_chain
3dzw	nonantibody_chain
3e0b	nonantibody_chain
3e0n	nonantibody_chain
3e0p	nonantibody_chain
3e16	nonantibody_chain
3e1x	nonantibody_chain
3e1z	nonantibody_chain
3e2h	nonantibody_chain
3e2k	nonantibody_chain
3e2l	nonantibody_chain
3e2m	nonantibody_chain
3e3b	nonantibody_chain
3e3e	nonantibody_chain
3e3t	nonantibody_chain
3e46	nonantibody_chain
3e4n	nonantibody_chain
3e55	nonantibody_chain
3e5a	nonantibody_chain
3e5i	nonantibody_chain
3e5o	nonantibody_chain
3e65	nonantibody_chain
3e67	nonantibody_chain
3e68	nonantibody_chain
3e6f	nonantibody_chain
3e6h	nonantibody_chain
3e6l	nonantibody_chain
3e6n	nonantibody_chain
3e6o	nonantibody_chain
3e6p	nonantibody_chain
3e6t	nonantibody_chain
3e6y	nonantibody_chain
3e7b	nonantibody_chain
3e7i	nonantibody_chain
3e7m	nonantibody_chain
3e7o	nonantibody_chain
3e7s	nonantibody_chain
3e7t	nonantibody_chain
3e87	nonantibody_chain
3e88	nonantibody_chain
3e8d	nonantibody_chain
3e8l	nonantibody_chain
3e8n	nonantibody_chain
3e91	nonantibody_chain
3e95	nonantibody_chain
3e9f	nonantibody_chain
3e9g	nonantibody_chain
3e9j	nonantibody_chain
3ea1	nonantibody_chain
3ea2	nonantibody_chain
3ea3	nonantibody_chain
3ea7	nonantibody_chain
3ea8	nonantibody_chain
3ea9	nonantibody_chain
3eah	nonantibody_chain
3eai	nonantibody_chain
3eaj	nonantibody_chain
3eak	released_antibody_only
3eax	nonantibody_chain
3eb1	nonantibody_chain
3eb6	nonantibody_chain
3ebd	nonantibody_chain
3ebf	nonantibody_chain
3ebn	nonantibody_chain
3ebz	nonantibody_chain
3ec0	nonantibody_chain
3ec5	nonantibody_chain
3ecb	nonantibody_chain
3ecg	nonantibody_chain
3ecl	nonantibody_chain
3ecx	nonantibody_chain
3ecz	nonantibody_chain
3ed9	nonantibody_chain
3eda	nonantibody_chain
3edb	nonantibody_chain
3edq	nonantibody_chain
3edr	nonantibody_chain
3edx	nonantibody_chain
3ee0	nonantibody_chain
3ee2	nonantibody_chain
3ee5	nonantibody_chain
3eec	nonantibody_chain
3eed	nonantibody_chain
3eei	nonantibody_chain
3eex	nonantibody_chain
3efd	cdr_similar
3efi	nonantibody_chain
3eft	nonantibody_chain
3efu	nonantibody_chain
3efw	nonantibody_chain
3efx	nonantibody_chain
3eg6	nonantibody_chain
3egg	nonantibody_chain
3egk	nonantibody_chain
3egs	cdr_similar
3eh9	nonantibody_chain
3eha	nonantibody_chain
3ehv	nonantibody_chain
3ej5	nonantibody_chain
3ejc	nonantibody_chain
3ek4	nonantibody_chain
3ek7	nonantibody_chain
3ek8	nonantibody_chain
3ekc	nonantibody_chain
3ekh	nonantibody_chain
3ekj	nonantibody_chain
3ekk	nonantibody_chain
3ekn	nonantibody_chain
3ekp	nonantibody_chain
3ekq	nonantibody_chain
3ekt	nonantibody_chain
3ekv	nonantibody_chain
3ekw	nonantibody_chain
3ekx	nonantibody_chain
3eky	nonantibody_chain
3el0	nonantibody_chain
3el1	nonantibody_chain
3el4	nonantibody_chain
3el5	nonantibody_chain
3el9	nonantibody_chain
3ela	nonantibody_chain
3elj	nonantibody_chain
3ell	nonantibody_chain
3eln	nonantibody_chain
3em3	nonantibody_chain
3em4	nonantibody_chain
3em6	nonantibody_chain
3emg	nonantibody_chain
3emh	nonantibody_chain
3emp	nonantibody_chain
3ems	nonantibody_chain
3ene	nonantibody_chain
3enk	nonantibody_chain
3enl	nonantibody_chain
3ens	nonantibody_chain
3eo0	cdr_similar
3eo9	released_antibody_only
3eok	nonantibody_chain
3eot	cdr_similar
3eov	nonantibody_chain
3eq0	nonantibody_chain
3eqb	nonantibody_chain
3eqc	nonantibody_chain
3eqd	nonantibody_chain
3eqf	nonantibody_chain
3eqg	nonantibody_chain
3eqh	nonantibody_chain
3eqi	nonantibody_chain
3era	nonantibody_chain
3erj	nonantibody_chain
3esi	nonantibody_chain
3est	nonantibody_chain
3eta	nonantibody_chain
3eu0	nonantibody_chain
3eu1	nonantibody_chain
3eug	nonantibody_chain
3eux	nonantibody_chain
3euy	nonantibody_chain
3euz	nonantibody_chain
3ev0	nonantibody_chain
3ev1	nonantibody_chain
3ev2	nonantibody_chain
3ev3	nonantibody_chain
3ev4	nonantibody_chain
3ev5	nonantibody_chain
3ev6	nonantibody_chain
3evj	nonantibody_chain
3evr	nonantibody_chain
3evu	nonantibody_chain
3evv	nonantibody_chain
3ewt	nonantibody_chain
3ewu	nonantibody_chain
3ewv	nonantibody_chain
3eww	nonantibody_chain
3ewx	nonantibody_chain
3ewy	nonantibody_chain
3ex1	nonantibody_chain
3ex2	nonantibody_chain
3ex3	nonantibody_chain
3ex4	nonantibody_chain
3ex6	nonantibody_chain
3exd	nonantibody_chain
3exo	nonantibody_chain
3exu	nonantibody_chain
3eyf	cdr_similar
3eyj	nonantibody_chain
3eyk	nonantibody_chain
3eyo	cdr_similar
3eyq	cdr_similar
3eys	cdr_similar
3eyu	cdr_similar
3eyv	cdr_similar
3eza	nonantibody_chain
3eze	nonantibody_chain
3ezr	nonantibody_chain
3ezv	nonantibody_chain
3f0b	nonantibody_chain
3f0q	nonantibody_chain
3f0s	nonantibody_chain
3f0u	nonantibody_chain
3f0v	nonantibody_chain
3f0x	nonantibody_chain
3f12	cdr_similar
3f1s	nonantibody_chain
3f1w	nonantibody_chain
3f1y	nonantibody_chain
3f3q	nonantibody_chain
3f3r	nonantibody_chain
3f3z	nonantibody_chain
3f49	nonantibody_chain
3f4x	nonantibody_chain
3f4y	nonantibody_chain
3f58	cdr_similar
3f5g	nonantibody_chain
3f5u	nonantibody_chain
3f5v	nonantibody_chain
3f5w	cdr_similar
3f61	nonantibody_chain
3f68	nonantibody_chain
3f69	nonantibody_chain
3f6u	nonantibody_chain
3f6y	nonantibody_chain
3f6z	nonantibody_chain
3f74	nonantibody_chain
3f75	nonantibody_chain
3f78	nonantibody_chain
3f7b	nonantibody_chain
3f7m	nonantibody_chain
3f7o	nonantibody_chain
3f7u	nonantibody_chain
3f7v	cdr_similar
3f7y	cdr_similar
3f7z	nonantibody_chain
3f86	nonantibody_chain
3f87	nonantibody_chain
3f88	nonantibody_chain
3f8e	nonantibody_chain
3f8g	nonantibody_chain
3f8v	nonantibody_chain
3f92	nonantibody_chain
3f99	nonantibody_chain
3f9a	nonantibody_chain
3f9b	nonantibody_chain
3f9e	nonantibody_chain
3f9f	nonantibody_chain
3f9g	nonantibody_chain
3f9h	nonantibody_chain
3f9l	nonantibody_chain
3f9n	nonantibody_chain
3fa0	nonantibody_chain
3fad	nonantibody_chain
3fap	nonantibody_chain
3fb5	cdr_similar
3fb6	cdr_similar
3fb7	cdr_similar
3fb8	cdr_similar
3fc2	nonantibody_chain
3fc5	nonantibody_chain
3fct	cdr_similar
3fdl	nonantibody_chain
3fdm	nonantibody_chain
3fdn	nonantibody_chain
3fdt	nonantibody_chain
3fe0	nonantibody_chain
3fe3	nonantibody_chain
3fe4	nonantibody_chain
3fev	nonantibody_chain
3ffa	nonantibody_chain
3ffb	nonantibody_chain
3ffd	released
3ffg	nonantibody_chain
3ffp	nonantibody_chain
3fh9	nonantibody_chain
3fhi	nonantibody_chain
3fhr	nonantibody_chain
3fi2	nonantibody_chain
3fi3	nonantibody_chain
3fi5	nonantibody_chain
3fil	nonantibody_chain
3fjq	nonantibody_chain
3fjt	nonantibody_chain
3fkt	nonantibody_chain
3fkz	nonantibody_chain
3fl0	nonantibody_chain
3fl1	nonantibody_chain
3fl3	nonantibody_chain
3fl5	nonantibody_chain
3fmg	cdr_similar
3fn0	released
3fn1	nonantibody_chain
3fn3	nonantibody_chain
3fo0	cdr_similar
3fo1	cdr_similar
3fo2	cdr_similar
3fo9	cdr_similar
3fol	nonantibody_chain
3fom	nonantibody_chain
3fon	nonantibody_chain
3fop	nonantibody_chain
3fp6	nonantibody_chain
3fp7	nonantibody_chain
3fp8	nonantibody_chain
3fpm	nonantibody_chain
3fpy	nonantibody_chain
3fq0	nonantibody_chain
3fq1	nonantibody_chain
3fq2	nonantibody_chain
3fqc	nonantibody_chain
3fqe	nonantibody_chain
3fqf	nonantibody_chain
3fqh	nonantibody_chain
3fql	nonantibody_chain
3fqn	nonantibody_chain
3fqo	nonantibody_chain
3fqr	nonantibody_chain
3fqs	nonantibody_chain
3fqt	nonantibody_chain
3fqu	nonantibody_chain
3fqv	nonantibody_chain
3fqw	nonantibody_chain
3fqx	nonantibody_chain
3fqy	nonantibody_chain
3fqz	nonantibody_chain
3fra	nonantibody_chain
3frb	nonantibody_chain
3frd	nonantibody_chain
3fre	nonantibody_chain
3frf	nonantibody_chain
3frz	nonantibody_chain
3fs4	nonantibody_chain
3fs9	nonantibody_chain
3fsa	nonantibody_chain
3fsh	nonantibody_chain
3fsm	nonantibody_chain
3fsv	nonantibody_chain
3fsw	nonantibody_chain
3fsz	nonantibody_chain
3ft0	nonantibody_chain
3ft2	nonantibody_chain
3ft3	nonantibody_chain
3ft4	nonantibody_chain
3ftg	nonantibody_chain
3fv8	nonantibody_chain
3fvf	nonantibody_chain
3fw3	nonantibody_chain
3fwb	nonantibody_chain
3fwn	nonantibody_chain
3fwq	nonantibody_chain
3fxw	nonantibody_chain
3fy8	nonantibody_chain
3fy9	nonantibody_chain
3fyg	nonantibody_chain
3fyj	nonantibody_chain
3fyk	nonantibody_chain
3fyv	nonantibody_chain
3fyw	nonantibody_chain
3fz1	nonantibody_chain
3fza	nonantibody_chain
3fzd	nonantibody_chain
3fzu	released_antibody_only
3fzz	nonantibody_chain
3g01	nonantibody_chain
3g04	cdr_similar
3g08	nonantibody_chain
3g0m	nonantibody_chain
3g0s	nonantibody_chain
3g0v	nonantibody_chain
3g1g	nonantibody_chain
3g1i	nonantibody_chain
3g21	nonantibody_chain
3g26	nonantibody_chain
3g28	nonantibody_chain
3g29	nonantibody_chain
3g2s	nonantibody_chain
3g2t	nonantibody_chain
3g2u	nonantibody_chain
3g2v	nonantibody_chain
3g2w	nonantibody_chain
3g2y	nonantibody_chain
3g2z	nonantibody_chain
3g30	nonantibody_chain
3g31	nonantibody_chain
3g32	nonantibody_chain
3g34	nonantibody_chain
3g35	nonantibody_chain
3g3d	nonantibody_chain
3g3m	nonantibody_chain
3g3v	nonantibody_chain
3g3w	nonantibody_chain
3g3x	nonantibody_chain
3g43	nonantibody_chain
3g5v	cdr_similar
3g5x	cdr_similar
3g5y	cdr_similar
3g5z	cdr_similar
3g6a	released_antibody_only
3g6d	released
3g7a	nonantibody_chain
3g7l	nonantibody_chain
3g7t	nonantibody_chain
3g7w	nonantibody_chain
3g82	nonantibody_chain
3g8c	nonantibody_chain
3g8d	nonantibody_chain
3g90	nonantibody_chain
3g9a	nonantibody_chain
3g9l	nonantibody_chain
3g9n	nonantibody_chain
3g9r	nonantibody_chain
3gal	nonantibody_chain
3gb2	nonantibody_chain
3gb7	cdr_similar
3gb9	nonantibody_chain
3gbl	nonantibody_chain
3gbn	nonantibody_chain
3gc3	nonantibody_chain
3gcg	nonantibody_chain
3gcw	nonantibody_chain
3gcx	nonantibody_chain
3gdj	nonantibody_chain
3gdl	nonantibody_chain
3gdm	nonantibody_chain
3gex	nonantibody_chain
3gft	nonantibody_chain
3gg3	nonantibody_chain
3gga	nonantibody_chain
3ggf	nonantibody_chain
3ggq	nonantibody_chain
3ggs	nonantibody_chain
3ggu	nonantibody_chain
3ggv	nonantibody_chain
3ggw	cdr_untransferred
3ggx	nonantibody_chain
3ghb	cdr_similar
3ghe	released
3gi0	nonantibody_chain
3gi4	nonantibody_chain
3gi5	nonantibody_chain
3gi6	nonantibody_chain
3gi8	cdr_similar
3gi9	cdr_similar
3gic	nonantibody_chain
3giv	nonantibody_chain
3giz	cdr_similar
3gj0	nonantibody_chain
3gj1	nonantibody_chain
3gj2	nonantibody_chain
3gj3	nonantibody_chain
3gj4	nonantibody_chain
3gj5	nonantibody_chain
3gj6	nonantibody_chain
3gj7	nonantibody_chain
3gj8	nonantibody_chain
3gje	cdr_similar
3gjp	nonantibody_chain
3gjq	nonantibody_chain
3gjr	nonantibody_chain
3gjs	nonantibody_chain
3gjt	nonantibody_chain
3gjz	nonantibody_chain
3gk1	nonantibody_chain
3gk2	nonantibody_chain
3gk4	nonantibody_chain
3gk8	cdr_similar
3gkv	nonantibody_chain
3gkw	cdr_similar
3gm1	nonantibody_chain
3gml	nonantibody_chain
3gmm	nonantibody_chain
3gmn	nonantibody_chain
3gmo	nonantibody_chain
3gmp	nonantibody_chain
3gmq	nonantibody_chain
3gmr	nonantibody_chain
3gmw	nonantibody_chain
3gn4	nonantibody_chain
3gni	nonantibody_chain
3gnm	cdr_similar
3go1	cdr_similar
3gof	nonantibody_chain
3gop	nonantibody_chain
3gou	nonantibody_chain
3gov	nonantibody_chain
3gp2	nonantibody_chain
3gpm	nonantibody_chain
3gpn	nonantibody_chain
3gqg	nonantibody_chain
3gqi	nonantibody_chain
3gql	nonantibody_chain
3gqp	nonantibody_chain
3grs	nonantibody_chain
3grt	nonantibody_chain
3grw	cdr_similar
3gsn	nonantibody_chain
3gso	nonantibody_chain
3gsp	nonantibody_chain
3gsq	nonantibody_chain
3gsr	nonantibody_chain
3gss	nonantibody_chain
3gst	nonantibody_chain
3gsu	nonantibody_chain
3gsv	nonantibody_chain
3gsw	nonantibody_chain
3gsx	nonantibody_chain
3gt3	nonantibody_chain
3gt4	nonantibody_chain
3gtu	nonantibody_chain
3gu4	nonantibody_chain
3gu5	nonantibody_chain
3gu6	nonantibody_chain
3gu7	nonantibody_chain
3gu8	nonantibody_chain
3gub	nonantibody_chain
3gui	nonantibody_chain
3guj	nonantibody_chain
3guk	nonantibody_chain
3gul	nonantibody_chain
3gum	nonantibody_chain
3gun	nonantibody_chain
3guo	nonantibody_chain
3gup	nonantibody_chain
3gur	nonantibody_chain
3gus	nonantibody_chain
3gv4	nonantibody_chain
3gv6	nonantibody_chain
3gvg	nonantibody_chain
3gvu	nonantibody_chain
3gwo	nonantibody_chain
3gy2	nonantibody_chain
3gy3	nonantibody_chain
3gy4	nonantibody_chain
3gy5	nonantibody_chain
3gy6	nonantibody_chain
3gy7	nonantibody_chain
3gy8	nonantibody_chain
3gyl	nonantibody_chain
3gym	nonantibody_chain
3gz0	nonantibody_chain
3gzf	nonantibody_chain
3h01	nonantibody_chain
3h08	nonantibody_chain
3h0e	nonantibody_chain
3h0t	cdr_similar
3h0y	nonantibody_chain
3h0z	nonantibody_chain
3h10	nonantibody_chain
3h11	nonantibody_chain
3h1p	nonantibody_chain
3h1u	nonantibody_chain
3h2u	nonantibody_chain
3h2v	nonantibody_chain
3h30	nonantibody_chain
3h3p	cdr_similar
3h4k	nonantibody_chain
3h57	nonantibody_chain
3h58	nonantibody_chain
3h5b	nonantibody_chain
3h5c	nonantibody_chain
3h5w	nonantibody_chain
3h7b	nonantibody_chain
3h7d	nonantibody_chain
3h7p	nonantibody_chain
3h81	nonantibody_chain
3h8c	nonantibody_chain
3h8k	nonantibody_chain
3h8q	nonantibody_chain
3h91	nonantibody_chain
3h93	nonantibody_chain
3h9h	nonantibody_chain
3h9o	nonantibody_chain
3h9r	nonantibody_chain
3h9s	nonantibody_chain
3h9y	nonantibody_chain
3h9z	nonantibody_chain
3ha6	nonantibody_chain
3haf	nonantibody_chain
3hag	nonantibody_chain
3hak	nonantibody_chain
3han	nonantibody_chain
3hao	nonantibody_chain
3hap	nonantibody_chain
3haq	nonantibody_chain
3har	nonantibody_chain
3has	nonantibody_chain
3hat	nonantibody_chain
3hau	nonantibody_chain
3haw	nonantibody_chain
3hb6	nonantibody_chain
3hbo	nonantibody_chain
3hc0	cdr_similar
3hc3	cdr_similar
3hc4	cdr_similar
3hc9	nonantibody_chain
3hcm	nonantibody_chain
3hct	nonantibody_chain
3hcu	nonantibody_chain
3hcv	nonantibody_chain
3hd3	nonantibody_chain
3hdk	nonantibody_chain
3he2	nonantibody_chain
3he6	nonantibody_chain
3he7	nonantibody_chain
3hej	nonantibody_chain
3hen	nonantibody_chain
3heo	nonantibody_chain
3hep	nonantibody_chain
3heq	nonantibody_chain
3her	nonantibody_chain
3hes	nonantibody_chain
3het	nonantibody_chain
3heu	nonantibody_chain
3hev	nonantibody_chain
3hew	nonantibody_chain
3hex	nonantibody_chain
3hey	nonantibody_chain
3hez	nonantibody_chain
3hf4	nonantibody_chain
3hfm	nonantibody_chain
3hfp	nonantibody_chain
3hg0	nonantibody_chain
3hg1	nonantibody_chain
3hgn	nonantibody_chain
3hgp	nonantibody_chain
3hh3	nonantibody_chain
3hh4	nonantibody_chain
3hh5	nonantibody_chain
3hh6	nonantibody_chain
3hh7	nonantibody_chain
3hha	nonantibody_chain
3hhb	nonantibody_chain
3hhv	nonantibody_chain
3hi5	cdr_similar
3hio	nonantibody_chain
3hj5	nonantibody_chain
3hjm	nonantibody_chain
3hjo	nonantibody_chain
3hjx	nonantibody_chain
3hk3	nonantibody_chain
3hk6	nonantibody_chain
3hkf	nonantibody_chain
3hki	nonantibody_chain
3hkj	nonantibody_chain
3hkn	nonantibody_chain
3hko	nonantibody_chain
3hkq	nonantibody_chain
3hkr	nonantibody_chain
3hkt	nonantibody_chain
3hku	nonantibody_chain
3hla	nonantibody_chain
3hlj	nonantibody_chain
3hlo	nonantibody_chain
3hlw	nonantibody_chain
3hm3	nonantibody_chain
3hmi	nonantibody_chain
3hmn	nonantibody_chain
3hmo	nonantibody_chain
3hmp	nonantibody_chain
3hms	nonantibody_chain
3hmt	nonantibody_chain
3hmw	cdr_similar
3hmx	cdr_similar
3hn4	nonantibody_chain
3hnb	nonantibody_chain
3hni	nonantibody_chain
3hnj	nonantibody_chain
3hnk	nonantibody_chain
3hnl	nonantibody_chain
3hns	released_antibody_only
3hnt	released_antibody_only
3hnv	released_antibody_only
3hny	nonantibody_chain
3hob	nonantibody_chain
3hoh	nonantibody_chain
3hp3	nonantibody_chain
3hpi	nonantibody_chain
3hpj	nonantibody_chain
3hpl	cdr_similar
3hpt	nonantibody_chain
3hrc	nonantibody_chain
3hre	nonantibody_chain
3hrf	nonantibody_chain
3hrw	nonantibody_chain
3hs4	nonantibody_chain
3hsn	nonantibody_chain
3hso	nonantibody_chain
3hsp	nonantibody_chain
3hsy	nonantibody_chain
3ht6	nonantibody_chain
3ht7	nonantibody_chain
3ht8	nonantibody_chain
3ht9	nonantibody_chain
3htb	nonantibody_chain
3htd	nonantibody_chain
3htf	nonantibody_chain
3htg	nonantibody_chain
3hto	nonantibody_chain
3htp	nonantibody_chain
3htq	nonantibody_chain
3htt	nonantibody_chain
3hu8	nonantibody_chain
3hu9	nonantibody_chain
3hua	nonantibody_chain
3huk	nonantibody_chain
3huo	nonantibody_chain
3huq	nonantibody_chain
3hvf	nonantibody_chain
3hvp	nonantibody_chain
3hvq	nonantibody_chain
3hwl	nonantibody_chain
3hwn	nonantibody_chain
3hxg	nonantibody_chain
3hxi	nonantibody_chain
3hxn	nonantibody_chain
3hy2	nonantibody_chain
3hyh	nonantibody_chain
3hyu	nonantibody_chain
3hzc	nonantibody_chain
3hzk	cdr_similar
3hzm	cdr_similar
3hzv	cdr_similar
3hzy	cdr_similar
3i02	cdr_similar
3i06	nonantibody_chain
3i19	nonantibody_chain
3i1g	nonantibody_chain
3i1y	nonantibody_chain
3i28	nonantibody_chain
3i29	nonantibody_chain
3i2c	released_antibody_only
3i2l	nonantibody_chain
3i2y	nonantibody_chain
3i30	nonantibody_chain
3i34	nonantibody_chain
3i36	nonantibody_chain
3i37	nonantibody_chain
3i3s	nonantibody_chain
3i4b	nonantibody_chain
3i4i	nonantibody_chain
3i4w	nonantibody_chain
3i50	nonantibody_chain
3i5c	nonantibody_chain
3i67	nonantibody_chain
3i6c	nonantibody_chain
3i6f	nonantibody_chain
3i6g	nonantibody_chain
3i6h	nonantibody_chain
3i6j	nonantibody_chain
3i6k	nonantibody_chain
3i6l	nonantibody_chain
3i6o	nonantibody_chain
3i6u	nonantibody_chain
3i75	cdr_similar
3i77	nonantibody_chain
3i78	nonantibody_chain
3i7e	nonantibody_chain
3i7q	nonantibody_chain
3i7r	nonantibody_chain
3i7s	nonantibody_chain
3i7w	nonantibody_chain
3i7x	nonantibody_chain
3i7y	nonantibody_chain
3i7z	nonantibody_chain
3i80	nonantibody_chain
3i81	nonantibody_chain
3i8a	nonantibody_chain
3i8w	nonantibody_chain
3i9g	cdr_similar
3i9j	nonantibody_chain
3i9k	nonantibody_chain
3i9l	nonantibody_chain
3i9m	nonantibody_chain
3i9n	nonantibody_chain
3i9o	nonantibody_chain
3ia3	nonantibody_chain
3ia4	nonantibody_chain
3ia5	nonantibody_chain
3ia9	nonantibody_chain
3iai	nonantibody_chain
3iaw	nonantibody_chain
3ib4	nonantibody_chain
3ibc	nonantibody_chain
3ibe	nonantibody_chain
3ibf	nonantibody_chain
3ibi	nonantibody_chain
3ibl	nonantibody_chain
3ibn	nonantibody_chain
3ibo	nonantibody_chain
3ibu	nonantibody_chain
3ic0	nonantibody_chain
3ic2	nonantibody_chain
3icf	nonantibody_chain
3ich	nonantibody_chain
3ici	nonantibody_chain
3id2	nonantibody_chain
3id3	nonantibody_chain
3id4	nonantibody_chain
3idc	nonantibody_chain
3idg	cdr_similar
3idi	cdr_similar
3idj	cdr_similar
3idm	cdr_similar
3idn	cdr_similar
3ido	nonantibody_chain
3idp	nonantibody_chain
3idx	cdr_similar
3ie3	nonantibody_chain
3iej	nonantibody_chain
3ieo	nonantibody_chain
3iet	cdr_similar
3if1	cdr_similar
3if7	nonantibody_chain
3ifj	nonantibody_chain
3ifk	nonantibody_chain
3ifl	cdr_similar
3ifn	nonantibody_chain
3ifo	cdr_similar
3ifw	nonantibody_chain
3ig6	nonantibody_chain
3ig7	nonantibody_chain
3iga	cdr_similar
3igb	nonantibody_chain
3igd	nonantibody_chain
3igg	nonantibody_chain
3igh	nonantibody_chain
3igp	nonantibody_chain
3ihc	nonantibody_chain
3ihd	nonantibody_chain
3ihe	nonantibody_chain
3ihf	nonantibody_chain
3ihz	nonantibody_chain
3ii5	nonantibody_chain
3iig	nonantibody_chain
3iih	nonantibody_chain
3iit	nonantibody_chain
3iiw	nonantibody_chain
3iiy	nonantibody_chain
3ij0	nonantibody_chain
3ij1	nonantibody_chain
3ij2	nonantibody_chain
3ijc	nonantibody_chain
3ijh	cdr_similar
3ijs	cdr_similar
3iju	nonantibody_chain
3ijv	nonantibody_chain
3ijy	cdr_similar
3ik3	nonantibody_chain
3ik7	nonantibody_chain
3ik8	nonantibody_chain
3ika	nonantibody_chain
3ikc	cdr_similar
3ikd	nonantibody_chain
3ikg	nonantibody_chain
3il8	nonantibody_chain
3ilb	nonantibody_chain
3ilc	nonantibody_chain
3ilp	nonantibody_chain
3ilq	nonantibody_chain
3ily	nonantibody_chain
3ima	nonantibody_chain
3in0	nonantibody_chain
3in2	nonantibody_chain
3in3	nonantibody_chain
3in4	nonantibody_chain
3ind	nonantibody_chain
3ine	nonantibody_chain
3inf	nonantibody_chain
3inh	nonantibody_chain
3inq	nonantibody_chain
3inu	cdr_similar
3io8	nonantibody_chain
3io9	nonantibody_chain
3ion	nonantibody_chain
3iop	nonantibody_chain
3ioq	nonantibody_chain
3iq5	nonantibody_chain
3iq6	nonantibody_chain
3iqa	nonantibody_chain
3iqj	nonantibody_chain
3iqo	nonantibody_chain
3iqq	nonantibody_chain
3iqu	nonantibody_chain
3iqv	nonantibody_chain
3irc	nonantibody_chain
3irt	nonantibody_chain
3iru	nonantibody_chain
3iso	nonantibody_chain
3iti	nonantibody_chain
3itn	nonantibody_chain
3iu4	cdr_similar
3iut	nonantibody_chain
3iv2	nonantibody_chain
3ivh	nonantibody_chain
3iwj	nonantibody_chain
3iwl	nonantibody_chain
3iwx	nonantibody_chain
3ix6	nonantibody_chain
3ix9	nonantibody_chain
3ixa	nonantibody_chain
3ixo	nonantibody_chain
3ixt	nonantibody_chain
3iy0	cdr_similar
3iy1	cdr_similar
3iy2	cdr_similar
3iy3	cdr_similar
3iy4	cdr_similar
3iy6	released_antibody_only
3iy7	released_antibody_only
3j1s	released
3j2s	nonantibody_chain
3j3z	cdr_similar
3j4g	nonantibody_chain
3j6k	nonantibody_chain
3j6p	nonantibody_chain
3j93	cdr_similar
3jau	cdr_similar
3jbc	released
3jbd	released
3jbf	cdr_untransferred
3jbg	cdr_untransferred
3jbi	nonantibody_chain
3jbk	nonantibody_chain
3jpw	nonantibody_chain
3jpx	nonantibody_chain
3jpy	nonantibody_chain
3jpz	nonantibody_chain
3jq3	nonantibody_chain
3jr6	nonantibody_chain
3js2	nonantibody_chain
3js5	nonantibody_chain
3jsv	nonantibody_chain
3jt2	nonantibody_chain
3jt3	nonantibody_chain
3jt4	nonantibody_chain
3jt5	nonantibody_chain
3jt6	nonantibody_chain
3jt7	nonantibody_chain
3jt8	nonantibody_chain
3jt9	nonantibody_chain
3jta	nonantibody_chain
3jtb	nonantibody_chain
3jtd	nonantibody_chain
3ju8	nonantibody_chain
3juh	nonantibody_chain
3jvg	nonantibody_chain
3jvi	nonantibody_chain
3jvj	nonantibody_chain
3jvk	nonantibody_chain
3jvl	nonantibody_chain
3jvm	nonantibody_chain
3jvr	nonantibody_chain
3jvs	nonantibody_chain
3jvt	nonantibody_chain
3jvw	nonantibody_chain
3jvx	nonantibody_chain
3jvy	nonantibody_chain
3jw1	nonantibody_chain
3jw2	nonantibody_chain
3jw3	nonantibody_chain
3jw5	nonantibody_chain
3jwc	nonantibody_chain
3jwf	nonantibody_chain
3jwk	nonantibody_chain
3jwm	nonantibody_chain
3jwo	nonantibody_chain
3jws	nonantibody_chain
3jwt	nonantibody_chain
3jwu	nonantibody_chain
3jwv	nonantibody_chain
3jww	nonantibody_chain
3jwx	nonantibody_chain
3jwy	nonantibody_chain
3jwz	nonantibody_chain
3jx0	nonantibody_chain
3jx1	nonantibody_chain
3jx2	nonantibody_chain
3jx3	nonantibody_chain
3jx4	nonantibody_chain
3jx5	nonantibody_chain
3jx6	nonantibody_chain
3jxt	nonantibody_chain
3jyj	nonantibody_chain
3jyr	nonantibody_chain
3jz1	nonantibody_chain
3jz2	nonantibody_chain
3jzf	nonantibody_chain
3jzg	nonantibody_chain
3jzh	nonantibody_chain
3jzi	nonantibody_chain
3jzn	nonantibody_chain
3k0m	nonantibody_chain
3k0n	nonantibody_chain
3k0o	nonantibody_chain
3k0p	nonantibody_chain
3k0q	nonantibody_chain
3k0r	nonantibody_chain
3k1k	nonantibody_chain
3k24	nonantibody_chain
3k26	nonantibody_chain
3k27	nonantibody_chain
3k2c	nonantibody_chain
3k2f	nonantibody_chain
3k2m	nonantibody_chain
3k2r	nonantibody_chain
3k2u	nonantibody_chain
3k34	nonantibody_chain
3k4v	nonantibody_chain
3k5u	nonantibody_chain
3k5v	nonantibody_chain
3k65	nonantibody_chain
3k74	nonantibody_chain
3k7b	nonantibody_chain
3k7e	nonantibody_chain
3k7k	nonantibody_chain
3k7r	nonantibody_chain
3k7u	released
3k7v	nonantibody_chain
3k7w	nonantibody_chain
3k7y	nonantibody_chain
3k7z	nonantibody_chain
3k80	released
3k81	released
3k82	nonantibody_chain
3k8b	nonantibody_chain
3k8y	nonantibody_chain
3k9a	nonantibody_chain
3k9l	nonantibody_chain
3k9m	nonantibody_chain
3k9n	nonantibody_chain
3k9o	nonantibody_chain
3k9p	nonantibody_chain
3k9x	nonantibody_chain
3k9z	nonantibody_chain
3ka0	nonantibody_chain
3ka2	nonantibody_chain
3kab	nonantibody_chain
3kac	nonantibody_chain
3kad	nonantibody_chain
3kaf	nonantibody_chain
3kag	nonantibody_chain
3kah	nonantibody_chain
3kai	nonantibody_chain
3kam	nonantibody_chain
3kb7	nonantibody_chain
3kcc	nonantibody_chain
3kce	nonantibody_chain
3kcg	nonantibody_chain
3kch	nonantibody_chain
3kcm	nonantibody_chain
3kcs	nonantibody_chain
3kct	nonantibody_chain
3kd0	nonantibody_chain
3kdb	nonantibody_chain
3kdc	nonantibody_chain
3kdd	nonantibody_chain
3kdm	cdr_similar
3kex	nonantibody_chain
3kf0	nonantibody_chain
3kf4	nonantibody_chain
3kf9	nonantibody_chain
3kfa	nonantibody_chain
3kfn	nonantibody_chain
3kfp	nonantibody_chain
3kfq	nonantibody_chain
3kfr	nonantibody_chain
3kfs	nonantibody_chain
3kfy	nonantibody_chain
3kga	nonantibody_chain
3kgp	nonantibody_chain
3khv	nonantibody_chain
3kia	nonantibody_chain
3kid	nonantibody_chain
3kig	nonantibody_chain
3kj0	nonantibody_chain
3kj1	nonantibody_chain
3kj2	nonantibody_chain
3kj6	nonantibody_chain
3kjf	nonantibody_chain
3kjn	nonantibody_chain
3kjq	nonantibody_chain
3kjt	nonantibody_chain
3kk8	nonantibody_chain
3kk9	nonantibody_chain
3kkm	nonantibody_chain
3kkn	nonantibody_chain
3kku	nonantibody_chain
3kkv	nonantibody_chain
3kkx	nonantibody_chain
3kl6	nonantibody_chain
3kla	nonantibody_chain
3km6	nonantibody_chain
3kmn	nonantibody_chain
3kmo	nonantibody_chain
3kmx	nonantibody_chain
3kmy	nonantibody_chain
3kn0	nonantibody_chain
3kn5	nonantibody_chain
3kn6	nonantibody_chain
3knd	nonantibody_chain
3kne	nonantibody_chain
3koi	nonantibody_chain
3kok	nonantibody_chain
3kon	nonantibody_chain
3koo	nonantibody_chain
3kpe	nonantibody_chain
3kpl	nonantibody_chain
3kpm	nonantibody_chain
3kpn	nonantibody_chain
3kpo	nonantibody_chain
3kpp	nonantibody_chain
3kpq	nonantibody_chain
3kps	nonantibody_chain
3kqb	nonantibody_chain
3kqc	nonantibody_chain
3kqd	nonantibody_chain
3kqe	nonantibody_chain
3kqi	nonantibody_chain
3kr3	cdr_similar
3krr	nonantibody_chain
3krs	nonantibody_chain
3ks3	nonantibody_chain
3kse	nonantibody_chain
3kt2	nonantibody_chain
3kt5	nonantibody_chain
3ktl	nonantibody_chain
3ku3	nonantibody_chain
3ku5	nonantibody_chain
3ku6	nonantibody_chain
3kuc	nonantibody_chain
3kud	nonantibody_chain
3kul	nonantibody_chain
3kv4	nonantibody_chain
3kvf	nonantibody_chain
3kvx	nonantibody_chain
3kw5	nonantibody_chain
3kw9	nonantibody_chain
3kwa	nonantibody_chain
3kwb	nonantibody_chain
3kww	nonantibody_chain
3kwz	nonantibody_chain
3kx1	nonantibody_chain
3kxg	nonantibody_chain
3kxh	nonantibody_chain
3kxm	nonantibody_chain
3kxn	nonantibody_chain
3kxo	nonantibody_chain
3kxq	nonantibody_chain
3ky2	nonantibody_chain
3kyk	cdr_similar
3kyn	nonantibody_chain
3kyo	nonantibody_chain
3kz0	nonantibody_chain
3kz7	nonantibody_chain
3kza	nonantibody_chain
3kzy	nonantibody_chain
3kzz	nonantibody_chain
3l00	nonantibody_chain
3l08	nonantibody_chain
3l0h	nonantibody_chain
3l0k	nonantibody_chain
3l0n	nonantibody_chain
3l0w	nonantibody_chain
3l0x	nonantibody_chain
3l10	nonantibody_chain
3l13	nonantibody_chain
3l14	nonantibody_chain
3l16	nonantibody_chain
3l17	nonantibody_chain
3l1g	nonantibody_chain
3l1k	nonantibody_chain
3l1l	nonantibody_chain
3l1m	nonantibody_chain
3l1o	cdr_similar
3l1s	nonantibody_chain
3l1y	nonantibody_chain
3l1z	nonantibody_chain
3l2i	nonantibody_chain
3l2x	nonantibody_chain
3l38	nonantibody_chain
3l3a	nonantibody_chain
3l3d	nonantibody_chain
3l3g	nonantibody_chain
3l3h	nonantibody_chain
3l3i	nonantibody_chain
3l3j	nonantibody_chain
3l3k	nonantibody_chain
3l3q	nonantibody_chain
3l54	nonantibody_chain
3l58	nonantibody_chain
3l59	nonantibody_chain
3l5b	nonantibody_chain
3l5c	nonantibody_chain
3l5d	nonantibody_chain
3l5e	nonantibody_chain
3l5f	nonantibody_chain
3l5x	cdr_similar
3l64	nonantibody_chain
3l7e	cdr_similar
3l8p	nonantibody_chain
3l8y	nonantibody_chain
3l8z	nonantibody_chain
3l92	nonantibody_chain
3l93	nonantibody_chain
3l9i	nonantibody_chain
3l9j	nonantibody_chain
3l9l	nonantibody_chain
3l9m	nonantibody_chain
3l9n	nonantibody_chain
3l9s	nonantibody_chain
3l9v	nonantibody_chain
3la1	nonantibody_chain
3lau	nonantibody_chain
3law	nonantibody_chain
3lb0	nonantibody_chain
3lbh	nonantibody_chain
3lbi	nonantibody_chain
3lbn	nonantibody_chain
3lbs	nonantibody_chain
3lc3	nonantibody_chain
3lc5	nonantibody_chain
3lc8	nonantibody_chain
3lc9	nonantibody_chain
3lcj	nonantibody_chain
3lcs	nonantibody_chain
3lct	nonantibody_chain
3ld8	released
3ldb	released
3ldi	nonantibody_chain
3ldj	nonantibody_chain
3ldm	nonantibody_chain
3ldx	nonantibody_chain
3ldz	nonantibody_chain
3le1	nonantibody_chain
3le3	nonantibody_chain
3le5	nonantibody_chain
3le6	nonantibody_chain
3lev	cdr_similar
3lex	cdr_similar
3ley	cdr_similar
3lez	nonantibody_chain
3lf3	nonantibody_chain
3lf4	nonantibody_chain
3lf6	nonantibody_chain
3lfg	nonantibody_chain
3lfn	nonantibody_chain
3lfp	nonantibody_chain
3lfq	nonantibody_chain
3lfs	nonantibody_chain
3lfy	nonantibody_chain
3lg4	nonantibody_chain
3lgc	nonantibody_chain
3lgf	nonantibody_chain
3lgl	nonantibody_chain
3lgr	nonantibody_chain
3lh0	nonantibody_chain
3lhg	nonantibody_chain
3lhm	nonantibody_chain
3lhp	cdr_similar
3li6	nonantibody_chain
3lis	nonantibody_chain
3liw	nonantibody_chain
3liz	cdr_similar
3lj3	nonantibody_chain
3ljj	nonantibody_chain
3ljo	nonantibody_chain
3lk0	nonantibody_chain
3lk1	nonantibody_chain
3lkn	nonantibody_chain
3lko	nonantibody_chain
3lkp	nonantibody_chain
3lkq	nonantibody_chain
3lkr	nonantibody_chain
3lks	nonantibody_chain
3lle	nonantibody_chain
3lm0	nonantibody_chain
3lm5	nonantibody_chain
3lmg	nonantibody_chain
3lmj	cdr_similar
3ln2	nonantibody_chain
3ln4	nonantibody_chain
3ln5	nonantibody_chain
3ln9	released_antibody_only
3lnk	nonantibody_chain
3lnw	nonantibody_chain
3lo5	nonantibody_chain
3low	nonantibody_chain
3lpa	nonantibody_chain
3lpb	nonantibody_chain
3lpc	nonantibody_chain
3lpd	nonantibody_chain
3lph	nonantibody_chain
3lpi	nonantibody_chain
3lpj	nonantibody_chain
3lpk	nonantibody_chain
3lq5	nonantibody_chain
3lqa	nonantibody_chain
3lqd	nonantibody_chain
3lr7	nonantibody_chain
3lr9	nonantibody_chain
3lrb	nonantibody_chain
3lrg	cdr_similar
3lrh	cdr_similar
3ls3	nonantibody_chain
3ls4	released_antibody_only
3ls5	released_antibody_only
3lsa	nonantibody_chain
3lu9	nonantibody_chain
3lv3	nonantibody_chain
3lva	nonantibody_chain
3lvc	nonantibody_chain
3lvd	nonantibody_chain
3lve	cdr_similar
3lw1	nonantibody_chain
3lwn	nonantibody_chain
3lx0	nonantibody_chain
3lxe	nonantibody_chain
3lxo	nonantibody_chain
3lxr	nonantibody_chain
3lxs	nonantibody_chain
3ly3	nonantibody_chain
3ly4	nonantibody_chain
3ly7	nonantibody_chain
3ly8	nonantibody_chain
3ly9	nonantibody_chain
3lya	nonantibody_chain
3lym	nonantibody_chain
3lyo	nonantibody_chain
3lyt	nonantibody_chain
3lyz	nonantibody_chain
3lz2	nonantibody_chain
3lzf	nonantibody_chain
3lzm	nonantibody_chain
3lzs	nonantibody_chain
3lzt	nonantibody_chain
3lzu	nonantibody_chain
3lzv	nonantibody_chain
3m04	nonantibody_chain
3m08	nonantibody_chain
3m09	nonantibody_chain
3m10	nonantibody_chain
3m11	nonantibody_chain
3m14	nonantibody_chain
3m15	nonantibody_chain
3m18	nonantibody_chain
3m1j	nonantibody_chain
3m1k	nonantibody_chain
3m1q	nonantibody_chain
3m1s	nonantibody_chain
3m1w	nonantibody_chain
3m21	nonantibody_chain
3m2j	nonantibody_chain
3m2k	nonantibody_chain
3m2n	nonantibody_chain
3m2w	nonantibody_chain
3m2x	nonantibody_chain
3m2y	nonantibody_chain
3m2z	nonantibody_chain
3m35	nonantibody_chain
3m36	nonantibody_chain
3m37	nonantibody_chain
3m38	nonantibody_chain
3m39	nonantibody_chain
3m3a	nonantibody_chain
3m3b	nonantibody_chain
3m3j	nonantibody_chain
3m3s	nonantibody_chain
3m3t	nonantibody_chain
3m3u	nonantibody_chain
3m3v	nonantibody_chain
3m3x	nonantibody_chain
3m40	nonantibody_chain
3m42	nonantibody_chain
3m48	nonantibody_chain
3m4b	nonantibody_chain
3m4c	nonantibody_chain
3m4f	nonantibody_chain
3m50	nonantibody_chain
3m51	nonantibody_chain
3m5e	nonantibody_chain
3m5s	nonantibody_chain
3m5t	nonantibody_chain
3m61	nonantibody_chain
3m67	nonantibody_chain
3m6b	nonantibody_chain
3m6f	nonantibody_chain
3m6h	nonantibody_chain
3m71	nonantibody_chain
3m72	nonantibody_chain
3m73	nonantibody_chain
3m74	nonantibody_chain
3m75	nonantibody_chain
3m76	nonantibody_chain
3m77	nonantibody_chain
3m78	nonantibody_chain
3m79	nonantibody_chain
3m7b	nonantibody_chain
3m7c	nonantibody_chain
3m7e	nonantibody_chain
3m7l	nonantibody_chain
3m7q	nonantibody_chain
3m8o	cdr_similar
3m93	nonantibody_chain
3m94	nonantibody_chain
3m96	nonantibody_chain
3m98	nonantibody_chain
3m9f	nonantibody_chain
3m9j	nonantibody_chain
3m9k	nonantibody_chain
3m9y	nonantibody_chain
3ma6	nonantibody_chain
3ma7	nonantibody_chain
3ma9	released
3maa	nonantibody_chain
3mac	released
3map	nonantibody_chain
3mar	nonantibody_chain
3mas	nonantibody_chain
3mb6	nonantibody_chain
3mb7	nonantibody_chain
3mbl	nonantibody_chain
3mbp	nonantibody_chain
3mbv	nonantibody_chain
3mbx	cdr_similar
3mc0	nonantibody_chain
3mcg	cdr_similar
3mck	cdr_similar
3mcl	cdr_similar
3mcy	nonantibody_chain
3mdy	nonantibody_chain
3mdz	nonantibody_chain
3meb	nonantibody_chain
3meh	nonantibody_chain
3meu	nonantibody_chain
3mf6	nonantibody_chain
3mf7	nonantibody_chain
3mf8	nonantibody_chain
3mf9	nonantibody_chain
3mfa	nonantibody_chain
3mfc	nonantibody_chain
3mff	nonantibody_chain
3mfg	nonantibody_chain
3mfj	nonantibody_chain
3mfr	nonantibody_chain
3mfs	nonantibody_chain
3mft	nonantibody_chain
3mfu	nonantibody_chain
3mhb	nonantibody_chain
3mhc	nonantibody_chain
3mhi	nonantibody_chain
3mhl	nonantibody_chain
3mhm	nonantibody_chain
3mho	nonantibody_chain
3mhr	nonantibody_chain
3mhs	nonantibody_chain
3mhw	nonantibody_chain
3mi2	nonantibody_chain
3mi4	nonantibody_chain
3mi9	nonantibody_chain
3mia	nonantibody_chain
3mj8	released_antibody_only
3mj9	released
3mjg	nonantibody_chain
3mjp	nonantibody_chain
3mju	nonantibody_chain
3mjw	nonantibody_chain
3mk8	nonantibody_chain
3mk9	nonantibody_chain
3mkb	nonantibody_chain
3mke	nonantibody_chain
3mkf	nonantibody_chain
3mkp	nonantibody_chain
3ml2	nonantibody_chain
3ml5	nonantibody_chain
3ml8	nonantibody_chain
3ml9	nonantibody_chain
3mlh	nonantibody_chain
3mlr	cdr_similar
3mlu	nonantibody_chain
3mlv	cdr_similar
3mlw	cdr_similar
3mlx	cdr_similar
3mly	nonantibody_chain
3mlz	nonantibody_chain
3mmf	nonantibody_chain
3mms	nonantibody_chain
3mn0	nonantibody_chain
3mn3	nonantibody_chain
3mna	nonantibody_chain
3mnb	nonantibody_chain
3mnc	nonantibody_chain
3mnh	nonantibody_chain
3mni	nonantibody_chain
3mnj	nonantibody_chain
3mnk	nonantibody_chain
3mns	nonantibody_chain
3mnu	nonantibody_chain
3mnv	cdr_similar
3mnw	cdr_similar
3mnx	nonantibody_chain
3mnz	cdr_similar
3mo1	cdr_similar
3mo3	nonantibody_chain
3mo6	nonantibody_chain
3mo7	nonantibody_chain
3mo8	nonantibody_chain
3mo9	nonantibody_chain
3moa	cdr_similar
3mob	cdr_similar
3moc	nonantibody_chain
3mod	cdr_similar
3mok	nonantibody_chain
3mol	nonantibody_chain
3mom	nonantibody_chain
3mp9	nonantibody_chain
3mr9	nonantibody_chain
3mrb	nonantibody_chain
3mrc	nonantibody_chain
3mrd	nonantibody_chain
3mre	nonantibody_chain
3mrf	nonantibody_chain
3mrg	nonantibody_chain
3mrh	nonantibody_chain
3mri	nonantibody_chain
3mrj	nonantibody_chain
3mrk	nonantibody_chain
3mrl	nonantibody_chain
3mrm	nonantibody_chain
3mrn	nonantibody_chain
3mro	nonantibody_chain
3mrp	nonantibody_chain
3mrq	nonantibody_chain
3mrr	nonantibody_chain
3ms6	nonantibody_chain
3ms9	nonantibody_chain
3msh	nonantibody_chain
3msl	nonantibody_chain
3msx	nonantibody_chain
3msz	nonantibody_chain
3mtf	nonantibody_chain
3mtn	nonantibody_chain
3mty	nonantibody_chain
3mu0	nonantibody_chain
3mu1	nonantibody_chain
3mu4	nonantibody_chain
3mu5	nonantibody_chain
3mu8	nonantibody_chain
3mud	nonantibody_chain
3muh	released_antibody_only
3muk	nonantibody_chain
3mul	nonantibody_chain
3mv5	nonantibody_chain
3mv7	nonantibody_chain
3mv8	nonantibody_chain
3mv9	nonantibody_chain
3mvh	nonantibody_chain
3mvv	nonantibody_chain
3mw7	nonantibody_chain
3mwi	nonantibody_chain
3mwj	nonantibody_chain
3mwk	nonantibody_chain
3mwl	nonantibody_chain
3mwo	nonantibody_chain
3mwq	nonantibody_chain
3mwr	nonantibody_chain
3mws	nonantibody_chain
3mx8	nonantibody_chain
3mxd	nonantibody_chain
3mxe	nonantibody_chain
3mxf	nonantibody_chain
3mxg	nonantibody_chain
3mxp	nonantibody_chain
3mxr	nonantibody_chain
3mxs	nonantibody_chain
3mxv	cdr_similar
3mxw	cdr_similar
3mxx	nonantibody_chain
3my1	nonantibody_chain
3myg	nonantibody_chain
3myi	nonantibody_chain
3myj	nonantibody_chain
3myq	nonantibody_chain
3myw	nonantibody_chain
3myz	nonantibody_chain
3mz5	nonantibody_chain
3mzc	nonantibody_chain
3mzq	nonantibody_chain
3mzr	nonantibody_chain
3mzt	nonantibody_chain
3n0d	nonantibody_chain
3n0e	nonantibody_chain
3n0n	nonantibody_chain
3n2p	nonantibody_chain
3n2r	nonantibody_chain
3n30	nonantibody_chain
3n32	nonantibody_chain
3n3g	nonantibody_chain
3n3i	nonantibody_chain
3n3j	nonantibody_chain
3n3k	nonantibody_chain
3n4b	nonantibody_chain
3n4c	nonantibody_chain
3n4g	nonantibody_chain
3n4h	nonantibody_chain
3n4i	nonantibody_chain
3n52	nonantibody_chain
3n55	nonantibody_chain
3n5p	nonantibody_chain
3n5q	nonantibody_chain
3n5r	nonantibody_chain
3n5s	nonantibody_chain
3n5t	nonantibody_chain
3n5u	nonantibody_chain
3n5v	nonantibody_chain
3n5w	nonantibody_chain
3n5x	nonantibody_chain
3n5y	nonantibody_chain
3n5z	nonantibody_chain
3n60	nonantibody_chain
3n61	nonantibody_chain
3n62	nonantibody_chain
3n63	nonantibody_chain
3n64	nonantibody_chain
3n65	nonantibody_chain
3n66	nonantibody_chain
3n67	nonantibody_chain
3n68	nonantibody_chain
3n69	nonantibody_chain
3n6a	nonantibody_chain
3n6b	nonantibody_chain
3n6c	nonantibody_chain
3n6d	nonantibody_chain
3n6e	nonantibody_chain
3n6f	nonantibody_chain
3n6g	nonantibody_chain
3n6i	nonantibody_chain
3n7o	nonantibody_chain
3n7w	nonantibody_chain
3n8i	nonantibody_chain
3n8l	nonantibody_chain
3n8r	nonantibody_chain
3n8s	nonantibody_chain
3n9a	nonantibody_chain
3n9c	nonantibody_chain
3n9e	nonantibody_chain
3n9g	cdr_similar
3n9j	nonantibody_chain
3n9l	nonantibody_chain
3n9n	nonantibody_chain
3n9o	nonantibody_chain
3n9p	nonantibody_chain
3n9q	nonantibody_chain
3n9x	nonantibody_chain
3na4	nonantibody_chain
3na9	cdr_similar
3naa	cdr_similar
3nab	cdr_similar
3nac	cdr_similar
3nax	nonantibody_chain
3nay	nonantibody_chain
3nb5	nonantibody_chain
3nba	nonantibody_chain
3nbf	nonantibody_chain
3nbk	nonantibody_chain
3nbl	nonantibody_chain
3nbt	nonantibody_chain
3nc8	nonantibody_chain
3ncj	cdr_similar
3nck	nonantibody_chain
3ncl	nonantibody_chain
3nda	nonantibody_chain
3ndd	nonantibody_chain
3nde	nonantibody_chain
3ndf	nonantibody_chain
3ndg	nonantibody_chain
3nds	nonantibody_chain
3ndt	nonantibody_chain
3ndu	nonantibody_chain
3ndw	nonantibody_chain
3ndx	nonantibody_chain
3ne4	nonantibody_chain
3ned	nonantibody_chain
3nej	nonantibody_chain
3nez	nonantibody_chain
3nf0	nonantibody_chain
3nfe	nonantibody_chain
3nfn	nonantibody_chain
3nfs	cdr_similar
3ng6	nonantibody_chain
3nga	nonantibody_chain
3nhe	nonantibody_chain
3nhh	nonantibody_chain
3ni5	nonantibody_chain
3ni6	nonantibody_chain
3ni9	nonantibody_chain
3nia	nonantibody_chain
3nie	nonantibody_chain
3niz	nonantibody_chain
3nj9	nonantibody_chain
3njf	nonantibody_chain
3njg	nonantibody_chain
3njh	nonantibody_chain
3nji	nonantibody_chain
3njj	nonantibody_chain
3njk	nonantibody_chain
3njl	nonantibody_chain
3njm	nonantibody_chain
3njn	nonantibody_chain
3nk8	nonantibody_chain
3nk9	nonantibody_chain
3nkf	nonantibody_chain
3nkk	nonantibody_chain
3nkx	nonantibody_chain
3nl7	nonantibody_chain
3nlb	nonantibody_chain
3nld	nonantibody_chain
3nle	nonantibody_chain
3nlf	nonantibody_chain
3nlg	nonantibody_chain
3nlh	nonantibody_chain
3nli	nonantibody_chain
3nlj	nonantibody_chain
3nlk	nonantibody_chain
3nlm	nonantibody_chain
3nln	nonantibody_chain
3nlo	nonantibody_chain
3nlp	nonantibody_chain
3nlq	nonantibody_chain
3nlr	nonantibody_chain
3nls	nonantibody_chain
3nlt	nonantibody_chain
3nlu	nonantibody_chain
3nlv	nonantibody_chain
3nlw	nonantibody_chain
3nlx	nonantibody_chain
3nly	nonantibody_chain
3nlz	nonantibody_chain
3nm0	nonantibody_chain
3nm4	nonantibody_chain
3nm5	nonantibody_chain
3nm6	nonantibody_chain
3nmi	nonantibody_chain
3nmj	nonantibody_chain
3nmk	nonantibody_chain
3nml	nonantibody_chain
3nmm	nonantibody_chain
3nnt	nonantibody_chain
3nny	nonantibody_chain
3nnz	nonantibody_chain
3nob	nonantibody_chain
3nod	nonantibody_chain
3nof	nonantibody_chain
3non	nonantibody_chain
3noo	nonantibody_chain
3noq	nonantibody_chain
3nor	nonantibody_chain
3nos	nonantibody_chain
3nov	nonantibody_chain
3np3	nonantibody_chain
3np4	nonantibody_chain
3np8	nonantibody_chain
3npc	nonantibody_chain
3npo	nonantibody_chain
3nps	nonantibody_chain
3nq3	nonantibody_chain
3nq9	nonantibody_chain
3nqj	nonantibody_chain
3nqs	nonantibody_chain
3nqt	nonantibody_chain
3nqu	nonantibody_chain
3nr2	nonantibody_chain
3nrm	nonantibody_chain
3nrp	nonantibody_chain
3nrq	nonantibody_chain
3ns0	nonantibody_chain
3ns8	nonantibody_chain
3ns9	nonantibody_chain
3nsb	nonantibody_chain
3nse	nonantibody_chain
3nsz	nonantibody_chain
3ntc	cdr_similar
3ntp	nonantibody_chain
3ntx	nonantibody_chain
3nu3	nonantibody_chain
3nu4	nonantibody_chain
3nu5	nonantibody_chain
3nu6	nonantibody_chain
3nu9	nonantibody_chain
3nuc	nonantibody_chain
3nuj	nonantibody_chain
3nun	nonantibody_chain
3nuo	nonantibody_chain
3nup	nonantibody_chain
3nus	nonantibody_chain
3nuu	nonantibody_chain
3nux	nonantibody_chain
3nuy	nonantibody_chain
3nv7	nonantibody_chain
3nw2	nonantibody_chain
3nw5	nonantibody_chain
3nw6	nonantibody_chain
3nw7	nonantibody_chain
3nwq	nonantibody_chain
3nwv	nonantibody_chain
3nwx	nonantibody_chain
3nx8	nonantibody_chain
3nxe	nonantibody_chain
3nxn	nonantibody_chain
3nxp	nonantibody_chain
3nxw	nonantibody_chain
3ny4	nonantibody_chain
3ny5	nonantibody_chain
3ny8	nonantibody_chain
3ny9	nonantibody_chain
3nya	nonantibody_chain
3nyg	nonantibody_chain
3nz6	nonantibody_chain
3nz8	cdr_similar
3nz9	nonantibody_chain
3nza	nonantibody_chain
3nzb	nonantibody_chain
3nzc	nonantibody_chain
3nzh	cdr_similar
3nzs	nonantibody_chain
3nzu	nonantibody_chain
3o0u	nonantibody_chain
3o11	cdr_similar
3o17	nonantibody_chain
3o1g	nonantibody_chain
3o1n	nonantibody_chain
3o1y	nonantibody_chain
3o20	nonantibody_chain
3o23	nonantibody_chain
3o2d	nonantibody_chain
3o2j	nonantibody_chain
3o2m	nonantibody_chain
3o2v	cdr_similar
3o2w	cdr_similar
3o34	nonantibody_chain
3o3a	nonantibody_chain
3o3b	nonantibody_chain
3o3d	nonantibody_chain
3o3e	nonantibody_chain
3o3p	nonantibody_chain
3o3z	nonantibody_chain
3o41	nonantibody_chain
3o45	nonantibody_chain
3o4l	nonantibody_chain
3o4v	nonantibody_chain
3o50	nonantibody_chain
3o51	nonantibody_chain
3o5s	nonantibody_chain
3o5w	nonantibody_chain
3o6k	cdr_similar
3o6l	cdr_similar
3o6m	cdr_similar
3o6t	nonantibody_chain
3o76	nonantibody_chain
3o77	nonantibody_chain
3o78	nonantibody_chain
3o7l	nonantibody_chain
3o7t	nonantibody_chain
3o89	nonantibody_chain
3o8i	nonantibody_chain
3o8x	nonantibody_chain
3o99	nonantibody_chain
3o9a	nonantibody_chain
3o9b	nonantibody_chain
3o9c	nonantibody_chain
3o9d	nonantibody_chain
3o9e	nonantibody_chain
3o9f	nonantibody_chain
3o9g	nonantibody_chain
3o9h	nonantibody_chain
3o9i	nonantibody_chain
3o9w	nonantibody_chain
3oau	cdr_similar
3oaw	nonantibody_chain
3oax	nonantibody_chain
3oay	cdr_similar
3oaz	cdr_similar
3ob0	cdr_similar
3ob6	nonantibody_chain
3ocb	nonantibody_chain
3och	nonantibody_chain
3od5	nonantibody_chain
3odd	nonantibody_chain
3odf	nonantibody_chain
3odk	nonantibody_chain
3odq	nonantibody_chain
3of7	nonantibody_chain
3of8	nonantibody_chain
3of9	nonantibody_chain
3ofm	nonantibody_chain
3ofw	nonantibody_chain
3og7	nonantibody_chain
3ogb	nonantibody_chain
3ogc	cdr_similar
3ogp	nonantibody_chain
3ogq	nonantibody_chain
3ohf	nonantibody_chain
3ohh	nonantibody_chain
3ohn	nonantibody_chain
3oik	nonantibody_chain
3oil	nonantibody_chain
3oim	nonantibody_chain
3oiu	nonantibody_chain
3oiv	nonantibody_chain
3oiw	nonantibody_chain
3oj3	nonantibody_chain
3oj4	nonantibody_chain
3ojd	cdr_similar
3ojp	nonantibody_chain
3ok0	nonantibody_chain
3ok9	nonantibody_chain
3okd	cdr_similar
3oke	cdr_similar
3okk	cdr_similar
3okl	cdr_similar
3okm	cdr_similar
3okn	cdr_similar
3oko	cdr_similar
3oku	nonantibody_chain
3okv	nonantibody_chain
3olm	nonantibody_chain
3omv	nonantibody_chain
3ong	nonantibody_chain
3oni	nonantibody_chain
3ons	nonantibody_chain
3onw	nonantibody_chain
3onz	nonantibody_chain
3oo4	nonantibody_chain
3oo5	nonantibody_chain
3oob	nonantibody_chain
3oog	nonantibody_chain
3oom	nonantibody_chain
3ooz	nonantibody_chain
3oph	nonantibody_chain
3opl	nonantibody_chain
3opp	nonantibody_chain
3opr	nonantibody_chain
3oq7	nonantibody_chain
3oqa	nonantibody_chain
3oqd	nonantibody_chain
3oqr	nonantibody_chain
3oqs	nonantibody_chain
3oqy	nonantibody_chain
3oqz	nonantibody_chain
3or0	nonantibody_chain
3or5	nonantibody_chain
3or6	cdr_similar
3or7	cdr_similar
3ork	nonantibody_chain
3orl	nonantibody_chain
3orm	nonantibody_chain
3orn	nonantibody_chain
3oro	nonantibody_chain
3orp	nonantibody_chain
3ort	nonantibody_chain
3os3	nonantibody_chain
3oso	nonantibody_chain
3osz	nonantibody_chain
3ot1	nonantibody_chain
3otj	nonantibody_chain
3otq	nonantibody_chain
3ots	nonantibody_chain
3otw	nonantibody_chain
3oty	nonantibody_chain
3ou1	nonantibody_chain
3ou3	nonantibody_chain
3ou4	nonantibody_chain
3oua	nonantibody_chain
3oub	nonantibody_chain
3ouc	nonantibody_chain
3oud	nonantibody_chain
3ov6	nonantibody_chain
3ovo	nonantibody_chain
3ovu	nonantibody_chain
3ovv	nonantibody_chain
3ovx	nonantibody_chain
3ovz	nonantibody_chain
3ow3	nonantibody_chain
3ow4	nonantibody_chain
3owf	nonantibody_chain
3owj	nonantibody_chain
3owk	nonantibody_chain
3owl	nonantibody_chain
3owp	nonantibody_chain
3ox5	nonantibody_chain
3ox6	nonantibody_chain
3ox8	nonantibody_chain
3oxc	nonantibody_chain
3oxi	nonantibody_chain
3oxq	nonantibody_chain
3oxr	nonantibody_chain
3oxs	nonantibody_chain
3oxt	nonantibody_chain
3oxv	nonantibody_chain
3oxw	nonantibody_chain
3oxx	nonantibody_chain
3oxz	nonantibody_chain
3oy0	nonantibody_chain
3oy1	nonantibody_chain
3oy3	nonantibody_chain
3oy4	nonantibody_chain
3oy6	nonantibody_chain
3oy8	nonantibody_chain
3oyq	nonantibody_chain
3oys	nonantibody_chain
3oyw	nonantibody_chain
3oz9	released_antibody_only
3p09	nonantibody_chain
3p0g	nonantibody_chain
3p0m	nonantibody_chain
3p0v	released_antibody_only
3p0y	released
3p11	released
3p17	nonantibody_chain
3p1h	nonantibody_chain
3p1n	nonantibody_chain
3p1o	nonantibody_chain
3p1p	nonantibody_chain
3p1q	nonantibody_chain
3p1r	nonantibody_chain
3p1s	nonantibody_chain
3p2a	nonantibody_chain
3p2b	nonantibody_chain
3p2t	nonantibody_chain
3p30	cdr_similar
3p3h	nonantibody_chain
3p3j	nonantibody_chain
3p44	nonantibody_chain
3p4f	nonantibody_chain
3p4m	nonantibody_chain
3p4n	nonantibody_chain
3p4o	nonantibody_chain
3p4u	nonantibody_chain
3p4v	nonantibody_chain
3p4z	nonantibody_chain
3p55	nonantibody_chain
3p58	nonantibody_chain
3p5a	nonantibody_chain
3p5b	nonantibody_chain
3p5l	nonantibody_chain
3p5o	nonantibody_chain
3p5q	nonantibody_chain
3p5u	nonantibody_chain
3p5v	nonantibody_chain
3p5w	nonantibody_chain
3p5x	nonantibody_chain
3p64	nonantibody_chain
3p65	nonantibody_chain
3p66	nonantibody_chain
3p68	nonantibody_chain
3p6z	nonantibody_chain
3p71	nonantibody_chain
3p73	nonantibody_chain
3p77	nonantibody_chain
3p8f	nonantibody_chain
3p8g	nonantibody_chain
3p8m	nonantibody_chain
3p8u	nonantibody_chain
3p92	nonantibody_chain
3p95	nonantibody_chain
3p98	nonantibody_chain
3p9j	nonantibody_chain
3p9l	nonantibody_chain
3p9m	nonantibody_chain
3p9w	nonantibody_chain
3pa7	nonantibody_chain
3pa9	nonantibody_chain
3paa	nonantibody_chain
3pab	nonantibody_chain
3pb1	nonantibody_chain
3pbh	nonantibody_chain
3pcx	nonantibody_chain
3pd0	nonantibody_chain
3pd1	nonantibody_chain
3pdc	nonantibody_chain
3pds	nonantibody_chain
3pe1	nonantibody_chain
3pe2	nonantibody_chain
3pel	nonantibody_chain
3peu	nonantibody_chain
3pev	nonantibody_chain
3pf3	nonantibody_chain
3pfk	nonantibody_chain
3pge	nonantibody_chain
3pgf	nonantibody_chain
3pgt	nonantibody_chain
3ph5	nonantibody_chain
3ph6	nonantibody_chain
3phd	nonantibody_chain
3pho	cdr_similar
3phq	cdr_similar
3phv	nonantibody_chain
3phw	nonantibody_chain
3phx	nonantibody_chain
3pi8	nonantibody_chain
3pi9	nonantibody_chain
3pia	nonantibody_chain
3pik	nonantibody_chain
3pim	nonantibody_chain
3pin	nonantibody_chain
3pj6	nonantibody_chain
3pj8	nonantibody_chain
3pjj	nonantibody_chain
3pjl	nonantibody_chain
3pjn	nonantibody_chain
3pk1	nonantibody_chain
3pl6	nonantibody_chain
3pl7	nonantibody_chain
3plb	nonantibody_chain
3plc	nonantibody_chain
3plk	nonantibody_chain
3plp	nonantibody_chain
3pls	nonantibody_chain
3pm3	nonantibody_chain
3pma	nonantibody_chain
3pmb	nonantibody_chain
3pmf	nonantibody_chain
3pmh	nonantibody_chain
3pmj	nonantibody_chain
3pmp	nonantibody_chain
3pn7	nonantibody_chain
3pnb	nonantibody_chain
3pne	nonantibody_chain
3pnf	nonantibody_chain
3png	nonantibody_chain
3pnh	nonantibody_chain
3pnr	nonantibody_chain
3po1	nonantibody_chain
3po6	nonantibody_chain
3poo	nonantibody_chain
3poz	nonantibody_chain
3pp0	nonantibody_chain
3pp1	nonantibody_chain
3pp3	cdr_similar
3pp4	nonantibody_chain
3ppj	nonantibody_chain
3ppk	nonantibody_chain
3pqr	nonantibody_chain
3pre	nonantibody_chain
3prf	nonantibody_chain
3pri	nonantibody_chain
3prk	nonantibody_chain
3prm	nonantibody_chain
3prp	nonantibody_chain
3prz	nonantibody_chain
3ps6	nonantibody_chain
3psb	nonantibody_chain
3psd	nonantibody_chain
3psl	nonantibody_chain
3psu	nonantibody_chain
3psv	nonantibody_chain
3psw	nonantibody_chain
3pt2	nonantibody_chain
3ptb	nonantibody_chain
3ptd	nonantibody_chain
3ptf	nonantibody_chain
3ptg	nonantibody_chain
3ptl	nonantibody_chain
3ptn	nonantibody_chain
3pud	nonantibody_chain
3pue	nonantibody_chain
3pul	nonantibody_chain
3pup	nonantibody_chain
3pvb	nonantibody_chain
3pvf	nonantibody_chain
3pvg	nonantibody_chain
3pwa	nonantibody_chain
3pwb	nonantibody_chain
3pwc	nonantibody_chain
3pwd	nonantibody_chain
3pwh	nonantibody_chain
3pwj	nonantibody_chain
3pwl	nonantibody_chain
3pwm	nonantibody_chain
3pwn	nonantibody_chain
3pwp	nonantibody_chain
3pwr	nonantibody_chain
3pwu	nonantibody_chain
3pwv	nonantibody_chain
3pwy	nonantibody_chain
3px1	nonantibody_chain
3px8	nonantibody_chain
3px9	nonantibody_chain
3pxf	nonantibody_chain
3pxo	nonantibody_chain
3pxq	nonantibody_chain
3pxr	nonantibody_chain
3pxy	nonantibody_chain
3pxz	nonantibody_chain
3py0	nonantibody_chain
3py1	nonantibody_chain
3py2	nonantibody_chain
3pyh	nonantibody_chain
3pyk	nonantibody_chain
3pyy	nonantibody_chain
3pze	nonantibody_chain
3pzh	nonantibody_chain
3pzk	nonantibody_chain
3q00	nonantibody_chain
3q01	nonantibody_chain
3q04	nonantibody_chain
3q07	nonantibody_chain
3q0h	nonantibody_chain
3q1f	nonantibody_chain
3q1h	nonantibody_chain
3q1s	released
3q25	nonantibody_chain
3q26	nonantibody_chain
3q27	nonantibody_chain
3q28	nonantibody_chain
3q29	nonantibody_chain
3q33	nonantibody_chain
3q37	nonantibody_chain
3q3b	nonantibody_chain
3q3f	nonantibody_chain
3q3j	nonantibody_chain
3q3k	nonantibody_chain
3q40	nonantibody_chain
3q47	nonantibody_chain
3q49	nonantibody_chain
3q4a	nonantibody_chain
3q4c	nonantibody_chain
3q5g	nonantibody_chain
3q5t	nonantibody_chain
3q5u	nonantibody_chain
3q5y	nonantibody_chain
3q6g	cdr_similar
3q74	nonantibody_chain
3q76	nonantibody_chain
3q77	nonantibody_chain
3q8t	nonantibody_chain
3q96	nonantibody_chain
3q99	nonantibody_chain
3q9a	nonantibody_chain
3q9n	nonantibody_chain
3q9p	nonantibody_chain
3q9q	nonantibody_chain
3q9u	nonantibody_chain
3q9w	nonantibody_chain
3q9x	nonantibody_chain
3q9y	nonantibody_chain
3q9z	nonantibody_chain
3qa0	nonantibody_chain
3qaa	nonantibody_chain
3qal	nonantibody_chain
3qam	nonantibody_chain
3qap	nonantibody_chain
3qaq	nonantibody_chain
3qar	nonantibody_chain
3qb3	nonantibody_chain
3qbf	nonantibody_chain
3qbn	nonantibody_chain
3qbv	nonantibody_chain
3qby	nonantibody_chain
3qc7	nonantibody_chain
3qcl	nonantibody_chain
3qcn	nonantibody_chain
3qcq	nonantibody_chain
3qcs	nonantibody_chain
3qct	cdr_similar
3qcu	cdr_similar
3qcv	cdr_similar
3qcx	nonantibody_chain
3qcy	nonantibody_chain
3qd0	nonantibody_chain
3qd3	nonantibody_chain
3qd4	nonantibody_chain
3qda	nonantibody_chain
3qdc	nonantibody_chain
3qdg	nonantibody_chain
3qdj	nonantibody_chain
3qdm	nonantibody_chain
3qdz	nonantibody_chain
3qe0	nonantibody_chain
3qe8	nonantibody_chain
3qeg	cdr_similar
3qek	nonantibody_chain
3qeq	nonantibody_chain
3qeu	nonantibody_chain
3qfd	nonantibody_chain
3qfj	nonantibody_chain
3qfv	nonantibody_chain
3qg6	cdr_similar
3qg7	cdr_similar
3qgh	nonantibody_chain
3qgi	nonantibody_chain
3qgn	nonantibody_chain
3qgw	nonantibody_chain
3qgy	nonantibody_chain
3qh3	nonantibody_chain
3qhf	cdr_similar
3qht	nonantibody_chain
3qhy	nonantibody_chain
3qhz	cdr_similar
3qi1	nonantibody_chain
3qi2	nonantibody_chain
3qi9	nonantibody_chain
3qib	nonantibody_chain
3qih	nonantibody_chain
3qiu	nonantibody_chain
3qiw	nonantibody_chain
3qj6	nonantibody_chain
3qjb	nonantibody_chain
3qjc	nonantibody_chain
3qjd	nonantibody_chain
3qje	nonantibody_chain
3qjf	nonantibody_chain
3qjh	nonantibody_chain
3qjk	nonantibody_chain
3qjz	nonantibody_chain
3qk0	nonantibody_chain
3qk1	nonantibody_chain
3qkd	nonantibody_chain
3qkk	nonantibody_chain
3qkl	nonantibody_chain
3qkm	nonantibody_chain
3qkp	nonantibody_chain
3qkq	nonantibody_chain
3ql0	nonantibody_chain
3ql1	nonantibody_chain
3ql2	nonantibody_chain
3ql3	nonantibody_chain
3ql8	nonantibody_chain
3ql9	nonantibody_chain
3qla	nonantibody_chain
3qlc	nonantibody_chain
3qm5	nonantibody_chain
3qm6	nonantibody_chain
3qm7	nonantibody_chain
3qm8	nonantibody_chain
3qm9	nonantibody_chain
3qma	nonantibody_chain
3qmp	nonantibody_chain
3qmx	nonantibody_chain
3qn6	nonantibody_chain
3qn7	nonantibody_chain
3qn8	nonantibody_chain
3qng	nonantibody_chain
3qnw	nonantibody_chain
3qnx	cdr_similar
3qny	cdr_similar
3qnz	cdr_similar
3qo0	cdr_similar
3qo1	cdr_similar
3qo2	nonantibody_chain
3qp0	nonantibody_chain
3qpg	nonantibody_chain
3qpj	nonantibody_chain
3qpm	nonantibody_chain
3qpx	released_antibody_only
3qq3	nonantibody_chain
3qq4	nonantibody_chain
3qq9	cdr_similar
3qqb	nonantibody_chain
3qqe	nonantibody_chain
3qqf	nonantibody_chain
3qqg	nonantibody_chain
3qqh	nonantibody_chain
3qqj	nonantibody_chain
3qqk	nonantibody_chain
3qql	nonantibody_chain
3qre	nonantibody_chain
3qrg	cdr_similar
3qri	nonantibody_chain
3qrj	nonantibody_chain
3qrk	nonantibody_chain
3qrm	nonantibody_chain
3qro	nonantibody_chain
3qrs	nonantibody_chain
3qrt	nonantibody_chain
3qru	nonantibody_chain
3qrx	nonantibody_chain
3qsd	nonantibody_chain
3qsk	nonantibody_chain
3qsr	nonantibody_chain
3qst	nonantibody_chain
3qtk	nonantibody_chain
3qtl	nonantibody_chain
3qto	nonantibody_chain
3qtq	nonantibody_chain
3qtr	nonantibody_chain
3qts	nonantibody_chain
3qtu	nonantibody_chain
3qtv	nonantibody_chain
3qtw	nonantibody_chain
3qtx	nonantibody_chain
3qtz	nonantibody_chain
3qu0	nonantibody_chain
3qug	nonantibody_chain
3quh	nonantibody_chain
3quk	nonantibody_chain
3qux	nonantibody_chain
3quy	nonantibody_chain
3quz	nonantibody_chain
3qvy	nonantibody_chain
3qvz	nonantibody_chain
3qw0	nonantibody_chain
3qw1	nonantibody_chain
3qwc	nonantibody_chain
3qwj	nonantibody_chain
3qwk	nonantibody_chain
3qwo	nonantibody_chain
3qwq	nonantibody_chain
3qwr	nonantibody_chain
3qx2	nonantibody_chain
3qx4	nonantibody_chain
3qx5	nonantibody_chain
3qxo	nonantibody_chain
3qxp	nonantibody_chain
3qxt	released_antibody_only
3qxu	released_antibody_only
3qxv	released_antibody_only
3qxw	released_antibody_only
3qy4	nonantibody_chain
3qyc	released_antibody_only
3qyk	nonantibody_chain
3qyl	nonantibody_chain
3qyo	nonantibody_chain
3qyu	nonantibody_chain
3qzf	nonantibody_chain
3qzg	nonantibody_chain
3qzh	nonantibody_chain
3qzi	nonantibody_chain
3qzv	nonantibody_chain
3r03	nonantibody_chain
3r08	cdr_similar
3r0m	released_antibody_only
3r0t	nonantibody_chain
3r0w	nonantibody_chain
3r0y	nonantibody_chain
3r16	nonantibody_chain
3r17	nonantibody_chain
3r1g	nonantibody_chain
3r1n	nonantibody_chain
3r1q	nonantibody_chain
3r1s	nonantibody_chain
3r1y	nonantibody_chain
3r21	nonantibody_chain
3r22	nonantibody_chain
3r24	nonantibody_chain
3r28	nonantibody_chain
3r2x	nonantibody_chain
3r2y	nonantibody_chain
3r30	nonantibody_chain
3r33	nonantibody_chain
3r3g	nonantibody_chain
3r3o	nonantibody_chain
3r45	nonantibody_chain
3r49	nonantibody_chain
3r4b	nonantibody_chain
3r4g	nonantibody_chain
3r54	nonantibody_chain
3r56	nonantibody_chain
3r57	nonantibody_chain
3r59	nonantibody_chain
3r5i	nonantibody_chain
3r5j	nonantibody_chain
3r5k	nonantibody_chain
3r6g	nonantibody_chain
3r6l	nonantibody_chain
3r6x	nonantibody_chain
3r71	nonantibody_chain
3r73	nonantibody_chain
3r7b	nonantibody_chain
3r7e	nonantibody_chain
3r7i	nonantibody_chain
3r7n	nonantibody_chain
3r7q	nonantibody_chain
3r7r	nonantibody_chain
3r7s	nonantibody_chain
3r7u	nonantibody_chain
3r7v	nonantibody_chain
3r7y	nonantibody_chain
3r83	nonantibody_chain
3r85	nonantibody_chain
3r8l	nonantibody_chain
3r8m	nonantibody_chain
3r8p	nonantibody_chain
3r8u	nonantibody_chain
3r8v	nonantibody_chain
3r8z	nonantibody_chain
3r93	nonantibody_chain
3r9d	nonantibody_chain
3r9h	nonantibody_chain
3r9n	nonantibody_chain
3r9o	nonantibody_chain
3ra7	cdr_similar
3rah	nonantibody_chain
3rai	nonantibody_chain
3raj	nonantibody_chain
3rak	nonantibody_chain
3ral	nonantibody_chain
3ran	nonantibody_chain
3rap	nonantibody_chain
3rat	nonantibody_chain
3rau	nonantibody_chain
3rba	nonantibody_chain
3rcf	nonantibody_chain
3rcg	nonantibody_chain
3rci	nonantibody_chain
3rcj	nonantibody_chain
3rck	nonantibody_chain
3rcl	nonantibody_chain
3rcz	nonantibody_chain
3rd3	nonantibody_chain
3rd9	nonantibody_chain
3rda	nonantibody_chain
3rdb	nonantibody_chain
3rdc	nonantibody_chain
3rdd	nonantibody_chain
3rdh	nonantibody_chain
3rdt	nonantibody_chain
3rdz	nonantibody_chain
3ref	nonantibody_chain
3reg	nonantibody_chain
3rev	nonantibody_chain
3rew	nonantibody_chain
3rey	nonantibody_chain
3rff	nonantibody_chain
3rfj	nonantibody_chain
3rfm	nonantibody_chain
3rfs	nonantibody_chain
3rg3	nonantibody_chain
3rg4	nonantibody_chain
3rgc	nonantibody_chain
3rge	nonantibody_chain
3rgf	nonantibody_chain
3rgk	nonantibody_chain
3rgv	nonantibody_chain
3rh1	nonantibody_chain
3rhb	nonantibody_chain
3rhc	nonantibody_chain
3rhs	nonantibody_chain
3rhx	nonantibody_chain
3ri1	nonantibody_chain
3ri8	nonantibody_chain
3ri9	nonantibody_chain
3rid	nonantibody_chain
3rj6	nonantibody_chain
3rj7	nonantibody_chain
3rjc	nonantibody_chain
3rjm	nonantibody_chain
3rjn	nonantibody_chain
3rjq	released
3rk5	nonantibody_chain
3rk7	nonantibody_chain
3rk8	nonantibody_chain
3rk9	nonantibody_chain
3rkb	nonantibody_chain
3rkc	nonantibody_chain
3rl1	nonantibody_chain
3rl2	nonantibody_chain
3rld	nonantibody_chain
3rlw	nonantibody_chain
3rly	nonantibody_chain
3rlz	nonantibody_chain
3rm0	nonantibody_chain
3rm1	nonantibody_chain
3rm2	nonantibody_chain
3rm6	nonantibody_chain
3rm7	nonantibody_chain
3rmf	nonantibody_chain
3rml	nonantibody_chain
3rmm	nonantibody_chain
3rmn	nonantibody_chain
3rmo	nonantibody_chain
3rni	nonantibody_chain
3rnt	nonantibody_chain
3rnx	nonantibody_chain
3rof	nonantibody_chain
3rok	nonantibody_chain
3rol	nonantibody_chain
3rom	nonantibody_chain
3roo	nonantibody_chain
3rop	nonantibody_chain
3roy	nonantibody_chain
3rp2	nonantibody_chain
3rpg	nonantibody_chain
3rpi	cdr_untransferred
3rpo	nonantibody_chain
3rpr	nonantibody_chain
3rps	nonantibody_chain
3rpv	nonantibody_chain
3rpy	nonantibody_chain
3rq3	nonantibody_chain
3rqg	nonantibody_chain
3rqj	nonantibody_chain
3rqk	nonantibody_chain
3rql	nonantibody_chain
3rqm	nonantibody_chain
3rqn	nonantibody_chain
3rqo	nonantibody_chain
3rqp	nonantibody_chain
3rrn	nonantibody_chain
3rrq	nonantibody_chain
3rry	nonantibody_chain
3rrz	nonantibody_chain
3rs0	nonantibody_chain
3rs2	nonantibody_chain
3rs3	nonantibody_chain
3rs4	nonantibody_chain
3rs5	nonantibody_chain
3rs7	nonantibody_chain
3rsd	nonantibody_chain
3rsk	nonantibody_chain
3rsl	nonantibody_chain
3rso	nonantibody_chain
3rsp	nonantibody_chain
3rsv	nonantibody_chain
3rsx	nonantibody_chain
3rt5	nonantibody_chain
3rth	nonantibody_chain
3rti	nonantibody_chain
3rtl	nonantibody_chain
3rtm	nonantibody_chain
3rtn	nonantibody_chain
3rtp	nonantibody_chain
3rtq	nonantibody_chain
3ru1	nonantibody_chain
3ru4	nonantibody_chain
3ru5	nonantibody_chain
3ru8	released
3rul	nonantibody_chain
3rum	nonantibody_chain
3run	nonantibody_chain
3rup	nonantibody_chain
3rur	nonantibody_chain
3rv3	nonantibody_chain
3rv4	nonantibody_chain
3rv5	nonantibody_chain
3rvg	nonantibody_chain
3rvi	nonantibody_chain
3rvt	cdr_similar
3rvu	cdr_similar
3rvv	nonantibody_chain
3rvw	nonantibody_chain
3rvx	nonantibody_chain
3rw8	nonantibody_chain
3rw9	nonantibody_chain
3rwc	nonantibody_chain
3rwd	nonantibody_chain
3rwe	nonantibody_chain
3rwf	nonantibody_chain
3rwg	nonantibody_chain
3rwh	nonantibody_chain
3rwi	nonantibody_chain
3rwj	nonantibody_chain
3rwp	nonantibody_chain
3rwq	nonantibody_chain
3rxa	nonantibody_chain
3rxb	nonantibody_chain
3rxc	nonantibody_chain
3rxd	nonantibody_chain
3rxe	nonantibody_chain
3rxf	nonantibody_chain
3rxg	nonantibody_chain
3rxh	nonantibody_chain
3rxi	nonantibody_chain
3rxj	nonantibody_chain
3rxk	nonantibody_chain
3rxl	nonantibody_chain
3rxm	nonantibody_chain
3rxo	nonantibody_chain
3rxp	nonantibody_chain
3rxq	nonantibody_chain
3rxr	nonantibody_chain
3rxs	nonantibody_chain
3rxt	nonantibody_chain
3rxu	nonantibody_chain
3rxv	nonantibody_chain
3rxw	nonantibody_chain
3rxx	nonantibody_chain
3ry4	nonantibody_chain
3ry5	nonantibody_chain
3ry6	nonantibody_chain
3ryj	nonantibody_chain
3ryv	nonantibody_chain
3ryx	nonantibody_chain
3ryy	nonantibody_chain
3ryz	nonantibody_chain
3rz0	nonantibody_chain
3rz1	nonantibody_chain
3rz3	nonantibody_chain
3rz4	nonantibody_chain
3rz5	nonantibody_chain
3rz7	nonantibody_chain
3rz8	nonantibody_chain
3rz9	nonantibody_chain
3rzb	nonantibody_chain
3rzc	nonantibody_chain
3rzw	nonantibody_chain
3rzx	nonantibody_chain
3s00	nonantibody_chain
3s05	nonantibody_chain
3s0n	nonantibody_chain
3s0o	nonantibody_chain
3s0r	nonantibody_chain
3s12	nonantibody_chain
3s13	nonantibody_chain
3s1b	nonantibody_chain
3s1h	nonantibody_chain
3s1k	nonantibody_chain
3s2a	nonantibody_chain
3s2p	nonantibody_chain
3s34	cdr_similar
3s35	cdr_similar
3s36	cdr_similar
3s37	cdr_similar
3s3e	nonantibody_chain
3s3f	nonantibody_chain
3s3h	nonantibody_chain
3s3k	nonantibody_chain
3s3q	nonantibody_chain
3s3r	nonantibody_chain
3s42	nonantibody_chain
3s43	nonantibody_chain
3s45	nonantibody_chain
3s48	nonantibody_chain
3s4m	nonantibody_chain
3s53	nonantibody_chain
3s54	nonantibody_chain
3s56	nonantibody_chain
3s5d	nonantibody_chain
3s5e	nonantibody_chain
3s5f	nonantibody_chain
3s62	cdr_similar
3s65	nonantibody_chain
3s66	nonantibody_chain
3s69	nonantibody_chain
3s6c	nonantibody_chain
3s70	nonantibody_chain
3s71	nonantibody_chain
3s72	nonantibody_chain
3s73	nonantibody_chain
3s74	nonantibody_chain
3s75	nonantibody_chain
3s76	nonantibody_chain
3s77	nonantibody_chain
3s78	nonantibody_chain
3s7g	nonantibody_chain
3s7h	nonantibody_chain
3s7k	nonantibody_chain
3s7l	nonantibody_chain
3s7m	nonantibody_chain
3s88	cdr_similar
3s8x	nonantibody_chain
3s91	nonantibody_chain
3s92	nonantibody_chain
3s96	released_antibody_only
3s9a	nonantibody_chain
3s9b	nonantibody_chain
3s9c	nonantibody_chain
3s9f	nonantibody_chain
3s9t	nonantibody_chain
3s9u	nonantibody_chain
3s9w	nonantibody_chain
3sa1	nonantibody_chain
3sa2	nonantibody_chain
3sa3	nonantibody_chain
3sa4	nonantibody_chain
3sa5	nonantibody_chain
3sa6	nonantibody_chain
3sa7	nonantibody_chain
3sa8	nonantibody_chain
3sa9	nonantibody_chain
3saa	nonantibody_chain
3sab	nonantibody_chain
3sac	nonantibody_chain
3sai	nonantibody_chain
3sap	nonantibody_chain
3sax	nonantibody_chain
3say	nonantibody_chain
3sb5	nonantibody_chain
3sb6	nonantibody_chain
3sb7	nonantibody_chain
3sb8	nonantibody_chain
3sb9	nonantibody_chain
3sba	nonantibody_chain
3sbb	nonantibody_chain
3sbd	nonantibody_chain
3sbe	nonantibody_chain
3sbh	nonantibody_chain
3sbi	nonantibody_chain
3sbk	nonantibody_chain
3sbw	nonantibody_chain
3sc1	nonantibody_chain
3scm	nonantibody_chain
3sd0	nonantibody_chain
3sd5	nonantibody_chain
3sd6	nonantibody_chain
3sda	nonantibody_chain
3sdc	nonantibody_chain
3sdd	nonantibody_chain
3sdn	nonantibody_chain
3sdy	nonantibody_chain
3se8	released
3se9	released
3ser	nonantibody_chain
3ses	nonantibody_chain
3set	nonantibody_chain
3seu	nonantibody_chain
3sew	nonantibody_chain
3sex	nonantibody_chain
3sf8	nonantibody_chain
3sg2	nonantibody_chain
3sg3	nonantibody_chain
3sg4	nonantibody_chain
3sg5	nonantibody_chain
3sg6	nonantibody_chain
3sg7	nonantibody_chain
3sgb	nonantibody_chain
3sgd	cdr_similar
3sge	cdr_similar
3sgj	nonantibody_chain
3sgk	nonantibody_chain
3sgp	nonantibody_chain
3sgq	nonantibody_chain
3sgy	nonantibody_chain
3sh2	nonantibody_chain
3sh7	nonantibody_chain
3sh8	nonantibody_chain
3sh9	nonantibody_chain
3sha	nonantibody_chain
3shb	nonantibody_chain
3shc	nonantibody_chain
3she	nonantibody_chain
3shl	nonantibody_chain
3si3	nonantibody_chain
3si4	nonantibody_chain
3sic	nonantibody_chain
3sjq	nonantibody_chain
3sk4	nonantibody_chain
3sk6	nonantibody_chain
3sk8	nonantibody_chain
3skc	nonantibody_chain
3skf	nonantibody_chain
3skm	nonantibody_chain
3sko	nonantibody_chain
3sls	nonantibody_chain
3sme	nonantibody_chain
3smk	nonantibody_chain
3sml	nonantibody_chain
3smm	nonantibody_chain
3smn	nonantibody_chain
3smo	nonantibody_chain
3sn8	nonantibody_chain
3sna	nonantibody_chain
3snb	nonantibody_chain
3snc	nonantibody_chain
3sne	nonantibody_chain
3so3	nonantibody_chain
3so9	nonantibody_chain
3sob	cdr_similar
3soi	nonantibody_chain
3sor	nonantibody_chain
3sos	nonantibody_chain
3sp3	nonantibody_chain
3sp5	nonantibody_chain
3sp7	nonantibody_chain
3sp8	nonantibody_chain
3spf	nonantibody_chain
3spk	nonantibody_chain
3spr	nonantibody_chain
3spv	nonantibody_chain
3sqe	nonantibody_chain
3sqh	nonantibody_chain
3sqp	nonantibody_chain
3sqq	nonantibody_chain
3sqy	nonantibody_chain
3sr1	nonantibody_chain
3sr3	nonantibody_chain
3sr5	nonantibody_chain
3srp	nonantibody_chain
3srq	nonantibody_chain
3srr	nonantibody_chain
3srs	nonantibody_chain
3sru	nonantibody_chain
3srv	nonantibody_chain
3srw	nonantibody_chain
3sry	nonantibody_chain
3ss0	nonantibody_chain
3ssh	nonantibody_chain
3ssk	nonantibody_chain
3ssl	nonantibody_chain
3ssp	nonantibody_chain
3sst	nonantibody_chain
3ssv	nonantibody_chain
3ssy	nonantibody_chain
3st0	nonantibody_chain
3st2	nonantibody_chain
3st3	nonantibody_chain
3st4	nonantibody_chain
3st5	nonantibody_chain
3stb	released
3stl	cdr_similar
3stz	cdr_similar
3su8	nonantibody_chain
3sui	nonantibody_chain
3sv2	nonantibody_chain
3sv5	nonantibody_chain
3svb	nonantibody_chain
3svc	nonantibody_chain
3svd	nonantibody_chain
3sve	nonantibody_chain
3svf	nonantibody_chain
3svg	nonantibody_chain
3svp	nonantibody_chain
3svq	nonantibody_chain
3sw2	nonantibody_chain
3sw4	nonantibody_chain
3sw7	nonantibody_chain
3swb	nonantibody_chain
3sxh	nonantibody_chain
3sxu	nonantibody_chain
3sy0	cdr_similar
3syu	nonantibody_chain
3szk	nonantibody_chain
3szn	nonantibody_chain
3t04	nonantibody_chain
3t0l	nonantibody_chain
3t0m	nonantibody_chain
3t0v	released_antibody_only
3t0w	released_antibody_only
3t0x	released_antibody_only
3t11	nonantibody_chain
3t13	nonantibody_chain
3t16	nonantibody_chain
3t1f	nonantibody_chain
3t1p	nonantibody_chain
3t1u	nonantibody_chain
3t25	nonantibody_chain
3t26	nonantibody_chain
3t27	nonantibody_chain
3t28	nonantibody_chain
3t29	nonantibody_chain
3t2t	nonantibody_chain
3t3c	nonantibody_chain
3t3j	nonantibody_chain
3t3k	nonantibody_chain
3t3l	nonantibody_chain
3t3t	nonantibody_chain
3t3x	nonantibody_chain
3t43	nonantibody_chain
3t45	nonantibody_chain
3t4y	cdr_similar
3t5f	nonantibody_chain
3t5m	nonantibody_chain
3t5z	nonantibody_chain
3t62	nonantibody_chain
3t65	cdr_similar
3t6u	nonantibody_chain
3t77	cdr_similar
3t82	nonantibody_chain
3t83	nonantibody_chain
3t84	nonantibody_chain
3t85	nonantibody_chain
3t8m	nonantibody_chain
3t8x	nonantibody_chain
3t98	nonantibody_chain
3ta3	nonantibody_chain
3ta6	nonantibody_chain
3tac	nonantibody_chain
3tak	nonantibody_chain
3tao	nonantibody_chain
3tb2	nonantibody_chain
3tbl	nonantibody_chain
3tbs	nonantibody_chain
3tc5	nonantibody_chain
3tcl	cdr_similar
3tco	nonantibody_chain
3tcz	nonantibody_chain
3td8	nonantibody_chain
3tdb	nonantibody_chain
3tdf	nonantibody_chain
3tdl	nonantibody_chain
3te3	nonantibody_chain
3tec	nonantibody_chain
3tes	nonantibody_chain
3tf2	nonantibody_chain
3tfk	nonantibody_chain
3tgd	nonantibody_chain
3tgi	nonantibody_chain
3tgj	nonantibody_chain
3tgk	nonantibody_chain
3tgp	nonantibody_chain
3th2	nonantibody_chain
3th3	nonantibody_chain
3th4	nonantibody_chain
3th5	nonantibody_chain
3th6	nonantibody_chain
3th9	nonantibody_chain
3thb	nonantibody_chain
3thm	released
3ti1	nonantibody_chain
3ti7	nonantibody_chain
3ti9	nonantibody_chain
3tid	nonantibody_chain
3tie	nonantibody_chain
3tim	nonantibody_chain
3tir	nonantibody_chain
3tit	nonantibody_chain
3tiu	nonantibody_chain
3tiy	nonantibody_chain
3tiz	nonantibody_chain
3tje	released
3tjh	nonantibody_chain
3tjp	nonantibody_chain
3tju	nonantibody_chain
3tjv	nonantibody_chain
3tjw	nonantibody_chain
3tk5	nonantibody_chain
3tk6	nonantibody_chain
3tk9	nonantibody_chain
3tkg	nonantibody_chain
3tkh	nonantibody_chain
3tki	nonantibody_chain
3tku	nonantibody_chain
3tkw	nonantibody_chain
3tl5	nonantibody_chain
3tl9	nonantibody_chain
3tlh	nonantibody_chain
3tlo	nonantibody_chain
3tlr	nonantibody_chain
3tm6	nonantibody_chain
3tme	nonantibody_chain
3tmj	nonantibody_chain
3tmp	nonantibody_chain
3tmr	nonantibody_chain
3tmt	nonantibody_chain
3tmu	nonantibody_chain
3tmv	nonantibody_chain
3tmw	nonantibody_chain
3tmx	nonantibody_chain
3tn0	nonantibody_chain
3tn8	nonantibody_chain
3tnh	nonantibody_chain
3tni	nonantibody_chain
3tnm	cdr_similar
3tnq	nonantibody_chain
3tns	nonantibody_chain
3tnt	nonantibody_chain
3tnx	nonantibody_chain
3to2	nonantibody_chain
3to4	nonantibody_chain
3to6	nonantibody_chain
3tof	nonantibody_chain
3tog	nonantibody_chain
3toh	nonantibody_chain
3toi	nonantibody_chain
3tol	nonantibody_chain
3tom	nonantibody_chain
3tp5	nonantibody_chain
3tp6	nonantibody_chain
3tpi	nonantibody_chain
3tpj	nonantibody_chain
3tpk	released_antibody_only
3tpm	nonantibody_chain
3tpo	nonantibody_chain
3tpp	nonantibody_chain
3tq8	nonantibody_chain
3tq9	nonantibody_chain
3tqa	nonantibody_chain
3tqb	nonantibody_chain
3trv	nonantibody_chain
3trw	nonantibody_chain
3trx	nonantibody_chain
3ts5	nonantibody_chain
3tsg	nonantibody_chain
3tt0	nonantibody_chain
3tt3	cdr_similar
3tti	nonantibody_chain
3ttj	nonantibody_chain
3ttp	nonantibody_chain
3tu7	nonantibody_chain
3tub	nonantibody_chain
3tuc	nonantibody_chain
3tud	nonantibody_chain
3tue	nonantibody_chain
3tuy	nonantibody_chain
3tv3	released_antibody_only
3tv4	nonantibody_chain
3tv6	nonantibody_chain
3tvd	nonantibody_chain
3tvj	nonantibody_chain
3tvn	nonantibody_chain
3tvo	nonantibody_chain
3twc	released_antibody_only
3txb	nonantibody_chain
3txd	nonantibody_chain
3txe	nonantibody_chain
3txf	nonantibody_chain
3txg	nonantibody_chain
3txh	nonantibody_chain
3txi	nonantibody_chain
3txj	nonantibody_chain
3txk	nonantibody_chain
3tyf	nonantibody_chain
3tyg	released
3tyi	nonantibody_chain
3tyl	nonantibody_chain
3tym	nonantibody_chain
3tyn	nonantibody_chain
3tyo	nonantibody_chain
3tyx	nonantibody_chain
3tz1	nonantibody_chain
3u0k	nonantibody_chain
3u0t	cdr_similar
3u0w	cdr_untransferred
3u1b	nonantibody_chain
3u1j	nonantibody_chain
3u1s	released_antibody_only
3u25	nonantibody_chain
3u2s	released
3u3a	nonantibody_chain
3u3e	nonantibody_chain
3u3f	nonantibody_chain
3u45	nonantibody_chain
3u46	released_antibody_only
3u47	nonantibody_chain
3u4b	released_antibody_only
3u4h	nonantibody_chain
3u4i	nonantibody_chain
3u4u	nonantibody_chain
3u5j	nonantibody_chain
3u5k	nonantibody_chain
3u5l	nonantibody_chain
3u5n	nonantibody_chain
3u69	nonantibody_chain
3u6v	nonantibody_chain
3u71	nonantibody_chain
3u79	cdr_similar
3u7a	cdr_similar
3u7c	nonantibody_chain
3u7s	nonantibody_chain
3u7w	released_antibody_only
3u7x	nonantibody_chain
3u7y	released
3u87	nonantibody_chain
3u8e	nonantibody_chain
3u8o	nonantibody_chain
3u8r	nonantibody_chain
3u8t	nonantibody_chain
3u96	nonantibody_chain
3u98	nonantibody_chain
3u9a	nonantibody_chain
3u9c	nonantibody_chain
3u9o	nonantibody_chain
3u9x	nonantibody_chain
3uak	nonantibody_chain
3ual	nonantibody_chain
3ubd	nonantibody_chain
3ubw	nonantibody_chain
3uc5	nonantibody_chain
3ucb	nonantibody_chain
3ucc	nonantibody_chain
3ucd	nonantibody_chain
3uch	nonantibody_chain
3uci	nonantibody_chain
3ucr	nonantibody_chain
3uct	nonantibody_chain
3ucw	nonantibody_chain
3ucy	nonantibody_chain
3udh	nonantibody_chain
3udj	nonantibody_chain
3udk	nonantibody_chain
3udm	nonantibody_chain
3udn	nonantibody_chain
3udp	nonantibody_chain
3udq	nonantibody_chain
3udr	nonantibody_chain
3udw	nonantibody_chain
3udy	nonantibody_chain
3ue4	nonantibody_chain
3ued	nonantibody_chain
3uee	nonantibody_chain
3uef	nonantibody_chain
3ueu	nonantibody_chain
3uev	nonantibody_chain
3uew	nonantibody_chain
3uex	nonantibody_chain
3uf3	nonantibody_chain
3uf7	nonantibody_chain
3uf8	nonantibody_chain
3ufl	nonantibody_chain
3ufn	nonantibody_chain
3ufo	nonantibody_chain
3ufp	nonantibody_chain
3ufq	nonantibody_chain
3ufr	nonantibody_chain
3ufs	nonantibody_chain
3uft	nonantibody_chain
3ufu	nonantibody_chain
3ufv	nonantibody_chain
3ufw	nonantibody_chain
3ufz	nonantibody_chain
3ug0	nonantibody_chain
3ug1	nonantibody_chain
3ug2	nonantibody_chain
3ugb	nonantibody_chain
3ugc	nonantibody_chain
3uge	nonantibody_chain
3uhl	nonantibody_chain
3uig	nonantibody_chain
3uin	nonantibody_chain
3uio	nonantibody_chain
3uip	nonantibody_chain
3uir	nonantibody_chain
3uiw	nonantibody_chain
3uj1	nonantibody_chain
3uje	nonantibody_chain
3ujf	nonantibody_chain
3uji	cdr_similar
3ujj	nonantibody_chain
3ujr	nonantibody_chain
3ujs	nonantibody_chain
3ujt	cdr_similar
3ukw	nonantibody_chain
3ukx	nonantibody_chain
3uky	nonantibody_chain
3ukz	nonantibody_chain
3ul0	nonantibody_chain
3ul1	nonantibody_chain
3ulg	nonantibody_chain
3uli	nonantibody_chain
3ulr	nonantibody_chain
3uls	released_antibody_only
3umr	nonantibody_chain
3ums	nonantibody_chain
3unj	nonantibody_chain
3unk	nonantibody_chain
3unq	nonantibody_chain
3unr	nonantibody_chain
3uns	nonantibody_chain
3unx	nonantibody_chain
3unz	nonantibody_chain
3uo1	cdr_similar
3uo4	nonantibody_chain
3uo5	nonantibody_chain
3uo6	nonantibody_chain
3uod	nonantibody_chain
3uoh	nonantibody_chain
3uoj	nonantibody_chain
3uok	nonantibody_chain
3uol	nonantibody_chain
3uop	nonantibody_chain
3uou	nonantibody_chain
3up2	nonantibody_chain
3up7	nonantibody_chain
3upa	cdr_similar
3upe	nonantibody_chain
3upj	nonantibody_chain
3upr	nonantibody_chain
3uqa	nonantibody_chain
3uqb	nonantibody_chain
3uqi	nonantibody_chain
3uqn	nonantibody_chain
3uqo	nonantibody_chain
3uqp	nonantibody_chain
3uqu	nonantibody_chain
3uqv	nonantibody_chain
3uqw	nonantibody_chain
3uqx	nonantibody_chain
3ur4	nonantibody_chain
3urp	nonantibody_chain
3utp	nonantibody_chain
3utq	nonantibody_chain
3utu	nonantibody_chain
3utv	nonantibody_chain
3utw	nonantibody_chain
3utx	nonantibody_chain
3uty	nonantibody_chain
3uuz	nonantibody_chain
3uvd	nonantibody_chain
3uvl	nonantibody_chain
3uvm	nonantibody_chain
3uvo	nonantibody_chain
3uvt	nonantibody_chain
3uvu	nonantibody_chain
3uvw	nonantibody_chain
3uvx	nonantibody_chain
3uvy	nonantibody_chain
3uw9	nonantibody_chain
3uwi	nonantibody_chain
3uwj	nonantibody_chain
3uwu	nonantibody_chain
3uwv	nonantibody_chain
3uww	nonantibody_chain
3uwy	nonantibody_chain
3uwz	nonantibody_chain
3ux0	nonantibody_chain
3uxn	nonantibody_chain
3uxo	nonantibody_chain
3uyn	nonantibody_chain
3uyo	nonantibody_chain
3uyp	nonantibody_chain
3uyq	nonantibody_chain
3uyr	cdr_similar
3uyw	nonantibody_chain
3uyx	nonantibody_chain
3uza	nonantibody_chain
3uzc	nonantibody_chain
3uzd	nonantibody_chain
3uzq	nonantibody_chain
3uzv	nonantibody_chain
3v01	nonantibody_chain
3v04	nonantibody_chain
3v05	nonantibody_chain
3v08	nonantibody_chain
3v09	nonantibody_chain
3v0v	released_antibody_only
3v0w	released_antibody_only
3v0x	nonantibody_chain
3v12	nonantibody_chain
3v13	nonantibody_chain
3v16	nonantibody_chain
3v18	nonantibody_chain
3v1h	nonantibody_chain
3v2a	nonantibody_chain
3v2j	nonantibody_chain
3v2m	nonantibody_chain
3v2t	nonantibody_chain
3v2v	nonantibody_chain
3v2z	nonantibody_chain
3v3d	nonantibody_chain
3v3f	nonantibody_chain
3v3g	nonantibody_chain
3v3h	nonantibody_chain
3v3i	nonantibody_chain
3v3j	nonantibody_chain
3v3m	nonantibody_chain
3v3r	nonantibody_chain
3v3s	nonantibody_chain
3v3v	nonantibody_chain
3v3x	nonantibody_chain
3v43	nonantibody_chain
3v4f	nonantibody_chain
3v4u	cdr_similar
3v50	nonantibody_chain
3v52	cdr_similar
3v5d	nonantibody_chain
3v5g	nonantibody_chain
3v5h	nonantibody_chain
3v5k	nonantibody_chain
3v5m	nonantibody_chain
3v5q	nonantibody_chain
3v60	nonantibody_chain
3v61	nonantibody_chain
3v62	nonantibody_chain
3v6c	nonantibody_chain
3v6e	nonantibody_chain
3v6l	nonantibody_chain
3v6r	nonantibody_chain
3v6s	nonantibody_chain
3v7l	nonantibody_chain
3v7m	nonantibody_chain
3v7o	nonantibody_chain
3v7t	nonantibody_chain
3v7x	nonantibody_chain
3v8c	nonantibody_chain
3v95	nonantibody_chain
3va5	nonantibody_chain
3vap	nonantibody_chain
3vau	nonantibody_chain
3vaw	nonantibody_chain
3vb2	nonantibody_chain
3vb3	nonantibody_chain
3vb4	nonantibody_chain
3vb5	nonantibody_chain
3vb6	nonantibody_chain
3vb7	nonantibody_chain
3vbd	nonantibody_chain
3vcl	nonantibody_chain
3vdj	nonantibody_chain
3vdk	nonantibody_chain
3vdl	nonantibody_chain
3vdz	nonantibody_chain
3ve0	cdr_similar
3ve6	nonantibody_chain
3veq	nonantibody_chain
3veu	nonantibody_chain
3vf0	nonantibody_chain
3vf3	nonantibody_chain
3vf5	nonantibody_chain
3vf7	nonantibody_chain
3vf8	nonantibody_chain
3vf9	nonantibody_chain
3vfa	nonantibody_chain
3vfb	nonantibody_chain
3vfe	nonantibody_chain
3vfg	cdr_untransferred
3vfj	nonantibody_chain
3vfk	nonantibody_chain
3vfm	nonantibody_chain
3vfn	nonantibody_chain
3vfo	nonantibody_chain
3vfp	nonantibody_chain
3vfr	nonantibody_chain
3vfs	nonantibody_chain
3vft	nonantibody_chain
3vfu	nonantibody_chain
3vfv	nonantibody_chain
3vfw	nonantibody_chain
3vg0	cdr_similar
3vg1	nonantibody_chain
3vg9	nonantibody_chain
3vga	nonantibody_chain
3vgc	nonantibody_chain
3vh5	nonantibody_chain
3vh6	nonantibody_chain
3vhl	nonantibody_chain
3vhq	nonantibody_chain
3vht	nonantibody_chain
3vhz	nonantibody_chain
3vi0	nonantibody_chain
3vi5	nonantibody_chain
3vi7	nonantibody_chain
3vie	nonantibody_chain
3viv	nonantibody_chain
3vj6	nonantibody_chain
3vjn	nonantibody_chain
3vkx	nonantibody_chain
3vlg	nonantibody_chain
3vm9	nonantibody_chain
3vod	nonantibody_chain
3voe	nonantibody_chain
3vpk	nonantibody_chain
3vqh	nonantibody_chain
3vre	nonantibody_chain
3vrf	nonantibody_chain
3vrg	nonantibody_chain
3vri	nonantibody_chain
3vrj	nonantibody_chain
3vsb	nonantibody_chain
3vtm	nonantibody_chain
3vtq	nonantibody_chain
3vts	nonantibody_chain
3vtt	nonantibody_chain
3vu7	nonantibody_chain
3vua	nonantibody_chain
3vud	nonantibody_chain
3vug	nonantibody_chain
3vuh	nonantibody_chain
3vui	nonantibody_chain
3vuk	nonantibody_chain
3vul	nonantibody_chain
3vum	nonantibody_chain
3vut	nonantibody_chain
3vuw	nonantibody_chain
3vux	nonantibody_chain
3vuy	nonantibody_chain
3vv2	nonantibody_chain
3vv3	nonantibody_chain
3vv6	nonantibody_chain
3vv7	nonantibody_chain
3vv8	nonantibody_chain
3vvh	nonantibody_chain
3vw6	nonantibody_chain
3vwj	nonantibody_chain
3vwk	nonantibody_chain
3vwv	nonantibody_chain
3vww	nonantibody_chain
3vxe	nonantibody_chain
3vxf	nonantibody_chain
3vxm	nonantibody_chain
3vxn	nonantibody_chain
3vxo	nonantibody_chain
3vxp	nonantibody_chain
3vxq	nonantibody_chain
3vxr	nonantibody_chain
3vxs	nonantibody_chain
3vxt	nonantibody_chain
3vyc	nonantibody_chain
3vyv	nonantibody_chain
3w03	nonantibody_chain
3w0w	nonantibody_chain
3w10	nonantibody_chain
3w11	cdr_similar
3w12	cdr_similar
3w13	cdr_similar
3w15	nonantibody_chain
3w16	nonantibody_chain
3w18	nonantibody_chain
3w1c	nonantibody_chain
3w1d	nonantibody_chain
3w2c	nonantibody_chain
3w2d	withheld_unstable
3w2o	nonantibody_chain
3w2p	nonantibody_chain
3w2q	nonantibody_chain
3w2r	nonantibody_chain
3w2s	nonantibody_chain
3w31	nonantibody_chain
3w32	nonantibody_chain
3w33	nonantibody_chain
3w39	nonantibody_chain
3w4o	nonantibody_chain
3w4p	nonantibody_chain
3w4q	nonantibody_chain
3w4u	nonantibody_chain
3w58	nonantibody_chain
3w59	nonantibody_chain
3w5i	nonantibody_chain
3w5j	nonantibody_chain
3w6a	nonantibody_chain
3w6h	nonantibody_chain
3w6i	nonantibody_chain
3w8l	nonantibody_chain
3w8m	nonantibody_chain
3w8o	nonantibody_chain
3w8q	nonantibody_chain
3w94	nonantibody_chain
3w9d	cdr_similar
3w9e	cdr_similar
3wah	nonantibody_chain
3war	nonantibody_chain
3wb4	nonantibody_chain
3wb5	nonantibody_chain
3wbl	nonantibody_chain
3wc8	nonantibody_chain
3wcp	nonantibody_chain
3wd5	nonantibody_chain
3wdg	nonantibody_chain
3we1	nonantibody_chain
3we6	cdr_similar
3wfh	cdr_similar
3wfn	nonantibody_chain
3wft	nonantibody_chain
3wfu	nonantibody_chain
3wg5	nonantibody_chain
3wgd	nonantibody_chain
3wge	nonantibody_chain
3wgw	nonantibody_chain
3wgx	nonantibody_chain
3wh0	nonantibody_chain
3whm	nonantibody_chain
3whx	cdr_similar
3wi8	nonantibody_chain
3wif	cdr_similar
3wig	nonantibody_chain
3wii	cdr_similar
3wik	nonantibody_chain
3wil	nonantibody_chain
3wix	nonantibody_chain
3wiy	nonantibody_chain
3wiz	nonantibody_chain
3wjj	nonantibody_chain
3wjl	nonantibody_chain
3wk4	nonantibody_chain
3wk5	nonantibody_chain
3wk6	nonantibody_chain
3wk7	nonantibody_chain
3wk8	nonantibody_chain
3wk9	nonantibody_chain
3wka	nonantibody_chain
3wkb	nonantibody_chain
3wkc	nonantibody_chain
3wkd	nonantibody_chain
3wke	nonantibody_chain
3wkv	nonantibody_chain
3wl2	nonantibody_chain
3wl9	nonantibody_chain
3wlb	nonantibody_chain
3wlc	nonantibody_chain
3wld	nonantibody_chain
3wmk	nonantibody_chain
3woa	nonantibody_chain
3wow	nonantibody_chain
3wp3	nonantibody_chain
3wp4	nonantibody_chain
3wp5	nonantibody_chain
3wp6	nonantibody_chain
3wpa	nonantibody_chain
3wpj	nonantibody_chain
3wpk	nonantibody_chain
3wpl	nonantibody_chain
3wpr	nonantibody_chain
3wpt	nonantibody_chain
3wqj	nonantibody_chain
3wr1	nonantibody_chain
3ws3	nonantibody_chain
3ws6	nonantibody_chain
3wsq	released
3wtg	nonantibody_chain
3wu7	nonantibody_chain
3wu8	nonantibody_chain
3wu9	nonantibody_chain
3wua	nonantibody_chain
3wuc	nonantibody_chain
3wud	nonantibody_chain
3wui	nonantibody_chain
3wul	nonantibody_chain
3wum	nonantibody_chain
3wun	nonantibody_chain
3wuw	nonantibody_chain
3wvj	nonantibody_chain
3wvx	nonantibody_chain
3wvy	nonantibody_chain
3ww5	nonantibody_chain
3ww6	nonantibody_chain
3wwq	nonantibody_chain
3wxe	nonantibody_chain
3wxf	nonantibody_chain
3wxg	nonantibody_chain
3wxt	nonantibody_chain
3wxu	nonantibody_chain
3wyo	nonantibody_chain
3wzf	nonantibody_chain
3x0e	nonantibody_chain
3x0f	nonantibody_chain
3x0g	nonantibody_chain
3x11	nonantibody_chain
3x12	nonantibody_chain
3x13	nonantibody_chain
3x14	nonantibody_chain
3x1w	nonantibody_chain
3x1x	nonantibody_chain
3x1y	nonantibody_chain
3x1z	nonantibody_chain
3x23	nonantibody_chain
3x2u	nonantibody_chain
3x2v	nonantibody_chain
3x2w	nonantibody_chain
3x3f	cdr_similar
3x3g	cdr_similar
3ypi	nonantibody_chain
3zbv	nonantibody_chain
3zbw	nonantibody_chain
3zcf	nonantibody_chain
3zdi	nonantibody_chain
3zdj	nonantibody_chain
3zdq	nonantibody_chain
3zek	nonantibody_chain
3zew	nonantibody_chain
3zfb	nonantibody_chain
3zfl	nonantibody_chain
3zfy	nonantibody_chain
3zhl	released_antibody_only
3zim	nonantibody_chain
3zin	nonantibody_chain
3zio	nonantibody_chain
3zip	nonantibody_chain
3ziq	nonantibody_chain
3zir	nonantibody_chain
3ziv	nonantibody_chain
3zk6	nonantibody_chain
3zkg	nonantibody_chain
3zki	nonantibody_chain
3zkj	nonantibody_chain
3zkq	nonantibody_chain
3zks	nonantibody_chain
3zkx	nonantibody_chain
3zl1	nonantibody_chain
3zl2	nonantibody_chain
3zl4	cdr_similar
3zl7	nonantibody_chain
3zlq	nonantibody_chain
3zlr	nonantibody_chain
3zls	nonantibody_chain
3zlw	nonantibody_chain
3zlx	nonantibody_chain
3zly	nonantibody_chain
3zm4	nonantibody_chain
3zme	nonantibody_chain
3zmg	nonantibody_chain
3zmp	nonantibody_chain
3zmt	nonantibody_chain
3zmu	nonantibody_chain
3zmv	nonantibody_chain
3zmz	nonantibody_chain
3zn0	nonantibody_chain
3zn1	nonantibody_chain
3znc	nonantibody_chain
3zng	nonantibody_chain
3znh	nonantibody_chain
3zny	nonantibody_chain
3znz	nonantibody_chain
3zo0	nonantibody_chain
3zo1	nonantibody_chain
3zo2	nonantibody_chain
3zo3	nonantibody_chain
3zo4	nonantibody_chain
3zo5	nonantibody_chain
3zoo	nonantibody_chain
3zov	nonantibody_chain
3zp0	nonantibody_chain
3zp1	nonantibody_chain
3zp2	nonantibody_chain
3zp3	nonantibody_chain
3zp6	nonantibody_chain
3zp9	nonantibody_chain
3zpa	nonantibody_chain
3zpb	nonantibody_chain
3zps	nonantibody_chain
3zpt	nonantibody_chain
3zpu	nonantibody_chain
3zrk	nonantibody_chain
3ztf	nonantibody_chain
3ztn	nonantibody_chain
3zu7	nonantibody_chain
3zuv	nonantibody_chain
3zvq	nonantibody_chain
3zvv	nonantibody_chain
3zw3	nonantibody_chain
3zwn	nonantibody_chain
3zxe	nonantibody_chain
3zxf	nonantibody_chain
3zyu	nonantibody_chain
3zzj	nonantibody_chain
3zzk	nonantibody_chain
3zzx	nonantibody_chain
421p	nonantibody_chain
43c9	released_antibody_only
43ca	released_antibody_only
4a00	nonantibody_chain
4a07	nonantibody_chain
4a0t	nonantibody_chain
4a0u	nonantibody_chain
4a1u	nonantibody_chain
4a1w	nonantibody_chain
4a3s	nonantibody_chain
4a48	nonantibody_chain
4a49	nonantibody_chain
4a4b	nonantibody_chain
4a4c	nonantibody_chain
4a4j	nonantibody_chain
4a4m	nonantibody_chain
4a4q	nonantibody_chain
4a4x	nonantibody_chain
4a5r	nonantibody_chain
4a6b	nonantibody_chain
4a6c	nonantibody_chain
4a6y	cdr_similar
4a7d	nonantibody_chain
4a7i	nonantibody_chain
4a80	nonantibody_chain
4a81	nonantibody_chain
4a83	nonantibody_chain
4a84	nonantibody_chain
4a85	nonantibody_chain
4a86	nonantibody_chain
4a87	nonantibody_chain
4a88	nonantibody_chain
4a8g	nonantibody_chain
4a8u	nonantibody_chain
4a8v	nonantibody_chain
4a9e	nonantibody_chain
4a9f	nonantibody_chain
4a9h	nonantibody_chain
4a9i	nonantibody_chain
4a9j	nonantibody_chain
4a9l	nonantibody_chain
4a9m	nonantibody_chain
4a9n	nonantibody_chain
4a9o	nonantibody_chain
4ab8	nonantibody_chain
4ab9	nonantibody_chain
4aba	nonantibody_chain
4abb	nonantibody_chain
4abd	nonantibody_chain
4abe	nonantibody_chain
4abf	nonantibody_chain
4abg	nonantibody_chain
4abh	nonantibody_chain
4abi	nonantibody_chain
4abj	nonantibody_chain
4acm	nonantibody_chain
4acp	nonantibody_chain
4acs	nonantibody_chain
4acu	nonantibody_chain
4acx	nonantibody_chain
4adp	nonantibody_chain
4ae6	nonantibody_chain
4ae9	nonantibody_chain
4aea	nonantibody_chain
4aep	nonantibody_chain
4af3	nonantibody_chain
4afe	nonantibody_chain
4afj	nonantibody_chain
4afq	nonantibody_chain
4afs	nonantibody_chain
4afu	nonantibody_chain
4afx	nonantibody_chain
4afz	nonantibody_chain
4ag2	nonantibody_chain
4aga	nonantibody_chain
4agl	nonantibody_chain
4agm	nonantibody_chain
4agn	nonantibody_chain
4ago	nonantibody_chain
4agp	nonantibody_chain
4agq	nonantibody_chain
4agt	nonantibody_chain
4agu	nonantibody_chain
4ah4	nonantibody_chain
4aha	nonantibody_chain
4ahe	nonantibody_chain
4ahf	nonantibody_chain
4ahg	nonantibody_chain
4ahh	nonantibody_chain
4ahi	nonantibody_chain
4ahj	nonantibody_chain
4ahl	nonantibody_chain
4ahm	nonantibody_chain
4ahn	nonantibody_chain
4aiq	nonantibody_chain
4aix	cdr_similar
4aiz	cdr_similar
4aj0	cdr_similar
4aj6	nonantibody_chain
4aj7	nonantibody_chain
4aj8	nonantibody_chain
4ajt	nonantibody_chain
4aju	nonantibody_chain
4ajy	nonantibody_chain
4akn	nonantibody_chain
4al8	nonantibody_chain
4ala	nonantibody_chain
4alg	nonantibody_chain
4alh	nonantibody_chain
4am1	nonantibody_chain
4an2	nonantibody_chain
4an3	nonantibody_chain
4an7	nonantibody_chain
4an9	nonantibody_chain
4anb	nonantibody_chain
4anm	nonantibody_chain
4anu	nonantibody_chain
4anv	nonantibody_chain
4anw	nonantibody_chain
4anx	nonantibody_chain
4ao1	nonantibody_chain
4aof	nonantibody_chain
4aoj	nonantibody_chain
4aoq	nonantibody_chain
4aor	nonantibody_chain
4aov	nonantibody_chain
4ap4	nonantibody_chain
4apq	nonantibody_chain
4apt	nonantibody_chain
4aq3	nonantibody_chain
4aqc	nonantibody_chain
4aqp	nonantibody_chain
4aqr	nonantibody_chain
4ar7	nonantibody_chain
4ark	nonantibody_chain
4as8	nonantibody_chain
4asz	nonantibody_chain
4at3	nonantibody_chain
4at4	nonantibody_chain
4at5	nonantibody_chain
4att	nonantibody_chain
4atz	nonantibody_chain
4aua	nonantibody_chain
4auj	nonantibody_chain
4auq	nonantibody_chain
4auu	nonantibody_chain
4auy	nonantibody_chain
4av0	nonantibody_chain
4av4	nonantibody_chain
4av5	nonantibody_chain
4avh	nonantibody_chain
4avi	nonantibody_chain
4avj	nonantibody_chain
4avk	nonantibody_chain
4aw0	nonantibody_chain
4aw2	nonantibody_chain
4aw5	nonantibody_chain
4awi	nonantibody_chain
4axa	nonantibody_chain
4axg	nonantibody_chain
4axl	nonantibody_chain
4axt	nonantibody_chain
4ayt	nonantibody_chain
4ayv	nonantibody_chain
4ayw	nonantibody_chain
4ayx	nonantibody_chain
4ayy	nonantibody_chain
4az2	nonantibody_chain
4aza	nonantibody_chain
4azu	nonantibody_chain
4azy	nonantibody_chain
4b00	nonantibody_chain
4b05	nonantibody_chain
4b0d	nonantibody_chain
4b0g	nonantibody_chain
4b0q	nonantibody_chain
4b1a	nonantibody_chain
4b1b	nonantibody_chain
4b1c	nonantibody_chain
4b1d	nonantibody_chain
4b1e	nonantibody_chain
4b1t	nonantibody_chain
4b2a	nonantibody_chain
4b2b	nonantibody_chain
4b2c	nonantibody_chain
4b3w	nonantibody_chain
4b41	released_antibody_only
4b49	nonantibody_chain
4b4e	nonantibody_chain
4b4i	nonantibody_chain
4b4j	nonantibody_chain
4b4l	nonantibody_chain
4b4s	nonantibody_chain
4b50	released_antibody_only
4b53	nonantibody_chain
4b5e	released_antibody_only
4b5l	nonantibody_chain
4b5y	nonantibody_chain
4b60	nonantibody_chain
4b6l	nonantibody_chain
4b70	nonantibody_chain
4b72	nonantibody_chain
4b77	nonantibody_chain
4b78	nonantibody_chain
4b7i	nonantibody_chain
4b7o	nonantibody_chain
4b7t	nonantibody_chain
4b88	nonantibody_chain
4b8o	nonantibody_chain
4b8p	nonantibody_chain
4b9r	nonantibody_chain
4ba7	nonantibody_chain
4bad	nonantibody_chain
4baf	nonantibody_chain
4bap	nonantibody_chain
4bb2	nonantibody_chain
4bb4	nonantibody_chain
4bcf	nonantibody_chain
4bcg	nonantibody_chain
4bch	nonantibody_chain
4bci	nonantibody_chain
4bcj	nonantibody_chain
4bcw	nonantibody_chain
4bd0	nonantibody_chain
4bd1	nonantibody_chain
4bd3	nonantibody_chain
4bda	nonantibody_chain
4bdc	nonantibody_chain
4bdd	nonantibody_chain
4bdf	nonantibody_chain
4bdg	nonantibody_chain
4bdi	nonantibody_chain
4bdj	nonantibody_chain
4bdk	nonantibody_chain
4bea	nonantibody_chain
4bek	nonantibody_chain
4bel	nonantibody_chain
4bey	nonantibody_chain
4bez	nonantibody_chain
4bf1	nonantibody_chain
4bf6	nonantibody_chain
4bfb	nonantibody_chain
4bfd	nonantibody_chain
4bg4	nonantibody_chain
4bg6	nonantibody_chain
4bgh	nonantibody_chain
4bgq	nonantibody_chain
4bgw	nonantibody_chain
4bgx	nonantibody_chain
4bgy	nonantibody_chain
4bh2	nonantibody_chain
4bh3	nonantibody_chain
4bh4	nonantibody_chain
4bhl	nonantibody_chain
4bhn	nonantibody_chain
4bi6	nonantibody_chain
4bi7	nonantibody_chain
4bib	nonantibody_chain
4bic	nonantibody_chain
4bid	nonantibody_chain
4bie	nonantibody_chain
4bir	nonantibody_chain
4bjl	cdr_similar
4bjo	nonantibody_chain
4bjx	nonantibody_chain
4bk6	nonantibody_chain
4bk7	nonantibody_chain
4bkc	nonantibody_chain
4bkd	nonantibody_chain
4bke	nonantibody_chain
4bkg	nonantibody_chain
4bkl	cdr_similar
4blm	nonantibody_chain
4bm7	nonantibody_chain
4bm9	nonantibody_chain
4bmx	nonantibody_chain
4bmy	nonantibody_chain
4bmz	nonantibody_chain
4bn0	nonantibody_chain
4bn1	nonantibody_chain
4bos	nonantibody_chain
4boz	nonantibody_chain
4bpi	nonantibody_chain
4bpj	nonantibody_chain
4bpk	nonantibody_chain
4br1	nonantibody_chain
4bs5	nonantibody_chain
4bs6	nonantibody_chain
4bs7	nonantibody_chain
4bsh	nonantibody_chain
4bsq	nonantibody_chain
4bte	nonantibody_chain
4btf	nonantibody_chain
4btz	nonantibody_chain
4bu4	nonantibody_chain
4buq	nonantibody_chain
4bvu	nonantibody_chain
4bw1	nonantibody_chain
4bw2	nonantibody_chain
4bw3	nonantibody_chain
4bw4	nonantibody_chain
4bw7	nonantibody_chain
4bw8	nonantibody_chain
4bww	nonantibody_chain
4byh	nonantibody_chain
4byi	nonantibody_chain
4byj	nonantibody_chain
4bz1	nonantibody_chain
4bz2	nonantibody_chain
4bzd	nonantibody_chain
4c02	nonantibody_chain
4c33	nonantibody_chain
4c34	nonantibody_chain
4c35	nonantibody_chain
4c37	nonantibody_chain
4c3a	nonantibody_chain
4c3p	nonantibody_chain
4c3q	nonantibody_chain
4c3r	nonantibody_chain
4c3t	nonantibody_chain
4c3u	nonantibody_chain
4c3v	nonantibody_chain
4c3w	nonantibody_chain
4c41	nonantibody_chain
4c46	nonantibody_chain
4c4p	nonantibody_chain
4c4x	nonantibody_chain
4c4y	nonantibody_chain
4c4z	nonantibody_chain
4c52	nonantibody_chain
4c54	nonantibody_chain
4c55	nonantibody_chain
4c5d	nonantibody_chain
4c66	nonantibody_chain
4c67	nonantibody_chain
4c6y	nonantibody_chain
4c83	cdr_similar
4c8b	nonantibody_chain
4ca2	nonantibody_chain
4ca4	nonantibody_chain
4caa	nonantibody_chain
4cac	nonantibody_chain
4cam	nonantibody_chain
4can	nonantibody_chain
4cao	nonantibody_chain
4cap	nonantibody_chain
4caq	nonantibody_chain
4car	nonantibody_chain
4cay	nonantibody_chain
4cbn	nonantibody_chain
4cbu	nonantibody_chain
4cbw	nonantibody_chain
4cbx	nonantibody_chain
4cbz	nonantibody_chain
4cc0	nonantibody_chain
4cc1	nonantibody_chain
4cd2	nonantibody_chain
4cdh	nonantibody_chain
4ceg	nonantibody_chain
4cfk	nonantibody_chain
4cfl	nonantibody_chain
4cft	nonantibody_chain
4cfy	nonantibody_chain
4cfz	nonantibody_chain
4cg0	nonantibody_chain
4cg5	nonantibody_chain
4cg6	nonantibody_chain
4cg7	nonantibody_chain
4ch2	nonantibody_chain
4cha	nonantibody_chain
4cin	nonantibody_chain
4cj0	nonantibody_chain
4cj1	nonantibody_chain
4cj2	nonantibody_chain
4cl9	nonantibody_chain
4clb	nonantibody_chain
4clm	nonantibody_chain
4cln	nonantibody_chain
4cmh	nonantibody_chain
4cmm	nonantibody_chain
4cnn	nonantibody_chain
4cno	nonantibody_chain
4cnp	nonantibody_chain
4cnv	nonantibody_chain
4cnw	nonantibody_chain
4cnx	nonantibody_chain
4coe	nonantibody_chain
4coq	nonantibody_chain
4cp7	nonantibody_chain
4cpq	nonantibody_chain
4cpr	nonantibody_chain
4cps	nonantibody_chain
4cpt	nonantibody_chain
4cpu	nonantibody_chain
4cpw	nonantibody_chain
4cpx	nonantibody_chain
4cq0	nonantibody_chain
4cqe	nonantibody_chain
4cqp	nonantibody_chain
4cqq	nonantibody_chain
4cqr	nonantibody_chain
4cqs	nonantibody_chain
4cqu	nonantibody_chain
4cqz	nonantibody_chain
4cr0	nonantibody_chain
4cr5	nonantibody_chain
4cr9	nonantibody_chain
4cra	nonantibody_chain
4crb	nonantibody_chain
4crc	nonantibody_chain
4crd	nonantibody_chain
4cre	nonantibody_chain
4crf	nonantibody_chain
4crg	nonantibody_chain
4crl	nonantibody_chain
4cs5	nonantibody_chain
4css	nonantibody_chain
4cst	nonantibody_chain
4ct1	nonantibody_chain
4cty	nonantibody_chain
4ctz	nonantibody_chain
4cu0	nonantibody_chain
4cu1	nonantibody_chain
4cul	nonantibody_chain
4cum	nonantibody_chain
4cun	nonantibody_chain
4cvg	nonantibody_chain
4cvx	nonantibody_chain
4cvz	nonantibody_chain
4cw1	nonantibody_chain
4cw9	nonantibody_chain
4cwv	nonantibody_chain
4cww	nonantibody_chain
4cwx	nonantibody_chain
4cwy	nonantibody_chain
4cwz	nonantibody_chain
4cx0	nonantibody_chain
4cx1	nonantibody_chain
4cx2	nonantibody_chain
4cy1	nonantibody_chain
4cy2	nonantibody_chain
4cy3	nonantibody_chain
4cy5	nonantibody_chain
4cyd	nonantibody_chain
4cyh	nonantibody_chain
4czz	nonantibody_chain
4d0c	nonantibody_chain
4d0n	nonantibody_chain
4d1o	nonantibody_chain
4d1p	nonantibody_chain
4d1x	nonantibody_chain
4d1z	nonantibody_chain
4d2g	nonantibody_chain
4d2m	nonantibody_chain
4d2n	nonantibody_chain
4d2r	nonantibody_chain
4d33	nonantibody_chain
4d34	nonantibody_chain
4d35	nonantibody_chain
4d36	nonantibody_chain
4d37	nonantibody_chain
4d38	nonantibody_chain
4d39	nonantibody_chain
4d3a	nonantibody_chain
4d3c	nonantibody_chain
4d3i	nonantibody_chain
4d3j	nonantibody_chain
4d3m	nonantibody_chain
4d3n	nonantibody_chain
4d3t	nonantibody_chain
4d3u	nonantibody_chain
4d3v	nonantibody_chain
4d4u	nonantibody_chain
4d76	nonantibody_chain
4d7f	nonantibody_chain
4d7g	nonantibody_chain
4d7h	nonantibody_chain
4d7i	nonantibody_chain
4d7j	nonantibody_chain
4d7l	nonantibody_chain
4d85	nonantibody_chain
4d88	nonantibody_chain
4d89	nonantibody_chain
4d8n	nonantibody_chain
4d9z	nonantibody_chain
4da1	nonantibody_chain
4dag	nonantibody_chain
4dat	nonantibody_chain
4dau	nonantibody_chain
4dbc	nonantibody_chain
4dbn	nonantibody_chain
4dbp	nonantibody_chain
4dbq	nonantibody_chain
4dc4	nonantibody_chain
4dc7	nonantibody_chain
4dc8	nonantibody_chain
4dce	nonantibody_chain
4dcj	nonantibody_chain
4dck	nonantibody_chain
4dcn	nonantibody_chain
4dco	nonantibody_chain
4dcp	nonantibody_chain
4dcq	released_antibody_only
4dd0	nonantibody_chain
4dd1	nonantibody_chain
4dd2	nonantibody_chain
4dd3	nonantibody_chain
4dd7	nonantibody_chain
4dd9	nonantibody_chain
4dda	nonantibody_chain
4ddb	nonantibody_chain
4ddc	nonantibody_chain
4dds	nonantibody_chain
4ddy	nonantibody_chain
4de0	nonantibody_chain
4de1	nonantibody_chain
4de2	nonantibody_chain
4de3	nonantibody_chain
4dea	nonantibody_chain
4deb	nonantibody_chain
4ded	nonantibody_chain
4dee	nonantibody_chain
4df6	nonantibody_chain
4df7	nonantibody_chain
4dfa	nonantibody_chain
4dfg	nonantibody_chain
4dfl	nonantibody_chain
4dfn	nonantibody_chain
4dfr	nonantibody_chain
4dfx	nonantibody_chain
4dfy	nonantibody_chain
4dfz	nonantibody_chain
4dg0	nonantibody_chain
4dg2	nonantibody_chain
4dg3	nonantibody_chain
4dga	nonantibody_chain
4dgb	nonantibody_chain
4dgc	nonantibody_chain
4dgd	nonantibody_chain
4dge	nonantibody_chain
4dgi	nonantibody_chain
4dgj	nonantibody_chain
4dgm	nonantibody_chain
4dgn	nonantibody_chain
4dgv	cdr_similar
4dgy	cdr_similar
4dgz	nonantibody_chain
4dh0	nonantibody_chain
4dh1	nonantibody_chain
4dh3	nonantibody_chain
4dh5	nonantibody_chain
4dh6	nonantibody_chain
4dh7	nonantibody_chain
4dh8	nonantibody_chain
4dhf	nonantibody_chain
4dhi	nonantibody_chain
4dhm	nonantibody_chain
4dhn	nonantibody_chain
4dho	nonantibody_chain
4dhp	nonantibody_chain
4dhq	nonantibody_chain
4dhr	nonantibody_chain
4dhs	nonantibody_chain
4dht	nonantibody_chain
4dhu	nonantibody_chain
4dhz	nonantibody_chain
4did	nonantibody_chain
4din	nonantibody_chain
4dit	nonantibody_chain
4dj5	nonantibody_chain
4djc	nonantibody_chain
4djo	nonantibody_chain
4djp	nonantibody_chain
4djq	nonantibody_chain
4djr	nonantibody_chain
4dju	nonantibody_chain
4djv	nonantibody_chain
4djw	nonantibody_chain
4djx	nonantibody_chain
4djy	nonantibody_chain
4djz	nonantibody_chain
4dk2	nonantibody_chain
4dk3	released
4dk4	nonantibody_chain
4dk5	nonantibody_chain
4dk6	released
4dka	released
4dkb	nonantibody_chain
4dl8	nonantibody_chain
4dlc	nonantibody_chain
4dlr	nonantibody_chain
4dls	nonantibody_chain
4dlt	nonantibody_chain
4dlu	nonantibody_chain
4dlv	nonantibody_chain
4dlw	nonantibody_chain
4dlx	nonantibody_chain
4dly	nonantibody_chain
4dlz	nonantibody_chain
4dm9	nonantibody_chain
4dmd	nonantibody_chain
4dme	nonantibody_chain
4dmx	nonantibody_chain
4dmy	nonantibody_chain
4dn3	released_antibody_only
4dn4	released
4dnk	nonantibody_chain
4do8	nonantibody_chain
4don	nonantibody_chain
4doq	nonantibody_chain
4dow	nonantibody_chain
4dpf	nonantibody_chain
4dpi	nonantibody_chain
4dq3	nonantibody_chain
4dq4	nonantibody_chain
4dqb	nonantibody_chain
4dqc	nonantibody_chain
4dqe	nonantibody_chain
4dqf	nonantibody_chain
4dqg	nonantibody_chain
4dqh	nonantibody_chain
4dqo	released
4dra	nonantibody_chain
4ds7	nonantibody_chain
4dsn	nonantibody_chain
4dso	nonantibody_chain
4dss	nonantibody_chain
4dst	nonantibody_chain
4dsu	nonantibody_chain
4dt3	nonantibody_chain
4dt6	nonantibody_chain
4dt7	nonantibody_chain
4dtg	nonantibody_chain
4du9	nonantibody_chain
4dui	nonantibody_chain
4dum	nonantibody_chain
4dus	nonantibody_chain
4dv9	nonantibody_chain
4dva	nonantibody_chain
4dvb	released_antibody_only
4dvc	nonantibody_chain
4dvf	nonantibody_chain
4dvg	nonantibody_chain
4dvr	cdr_similar
4dw2	nonantibody_chain
4dwh	nonantibody_chain
4dww	nonantibody_chain
4dx0	nonantibody_chain
4dxa	nonantibody_chain
4dxi	nonantibody_chain
4dxm	nonantibody_chain
4dxn	nonantibody_chain
4dxo	nonantibody_chain
4dxp	nonantibody_chain
4dxq	nonantibody_chain
4dxv	nonantibody_chain
4dy9	nonantibody_chain
4dym	nonantibody_chain
4dz2	nonantibody_chain
4dz3	nonantibody_chain
4dz7	nonantibody_chain
4dz9	nonantibody_chain
4dzb	nonantibody_chain
4dzt	nonantibody_chain
4e05	nonantibody_chain
4e06	nonantibody_chain
4e08	nonantibody_chain
4e0r	nonantibody_chain
4e1a	nonantibody_chain
4e1q	nonantibody_chain
4e26	nonantibody_chain
4e2e	nonantibody_chain
4e3d	nonantibody_chain
4e3f	nonantibody_chain
4e3g	nonantibody_chain
4e3h	nonantibody_chain
4e3u	nonantibody_chain
4e42	nonantibody_chain
4e43	nonantibody_chain
4e44	nonantibody_chain
4e49	nonantibody_chain
4e4a	nonantibody_chain
4e4v	nonantibody_chain
4e4x	nonantibody_chain
4e50	nonantibody_chain
4e53	nonantibody_chain
4e5q	nonantibody_chain
4e5x	nonantibody_chain
4e6i	nonantibody_chain
4e73	nonantibody_chain
4e76	nonantibody_chain
4e7n	nonantibody_chain
4e7r	nonantibody_chain
4e96	nonantibody_chain
4e97	nonantibody_chain
4e99	nonantibody_chain
4e9o	nonantibody_chain
4ea3	nonantibody_chain
4eax	nonantibody_chain
4eb1	nonantibody_chain
4eb2	nonantibody_chain
4ebq	cdr_similar
4ec0	nonantibody_chain
4ec7	nonantibody_chain
4ec8	nonantibody_chain
4ec9	nonantibody_chain
4ecb	nonantibody_chain
4ecc	nonantibody_chain
4eda	nonantibody_chain
4edu	nonantibody_chain
4edw	nonantibody_chain
4edy	nonantibody_chain
4edz	nonantibody_chain
4ee0	nonantibody_chain
4ee3	nonantibody_chain
4ee4	nonantibody_chain
4ee5	nonantibody_chain
4eea	nonantibody_chain
4eeg	nonantibody_chain
4eem	nonantibody_chain
4eeo	nonantibody_chain
4eew	nonantibody_chain
4ef0	nonantibody_chain
4eff	nonantibody_chain
4efl	nonantibody_chain
4efm	nonantibody_chain
4efn	nonantibody_chain
4efv	nonantibody_chain
4egx	nonantibody_chain
4eha	nonantibody_chain
4ehd	nonantibody_chain
4ehe	nonantibody_chain
4ehf	nonantibody_chain
4ehg	nonantibody_chain
4ehh	nonantibody_chain
4ehk	nonantibody_chain
4ehl	nonantibody_chain
4ehn	nonantibody_chain
4ehq	nonantibody_chain
4ehr	nonantibody_chain
4ei6	nonantibody_chain
4eig	nonantibody_chain
4eiy	nonantibody_chain
4eiz	nonantibody_chain
4ej1	nonantibody_chain
4ej8	nonantibody_chain
4ejd	nonantibody_chain
4ejk	nonantibody_chain
4ejl	nonantibody_chain
4ek3	nonantibody_chain
4ek4	nonantibody_chain
4ek5	nonantibody_chain
4ek6	nonantibody_chain
4ek8	nonantibody_chain
4ekc	nonantibody_chain
4ekd	nonantibody_chain
4ekk	nonantibody_chain
4ekl	nonantibody_chain
4ekp	nonantibody_chain
4ekq	nonantibody_chain
4ekr	nonantibody_chain
4eks	nonantibody_chain
4el9	nonantibody_chain
4elk	nonantibody_chain
4em0	nonantibody_chain
4em1	nonantibody_chain
4em2	nonantibody_chain
4emz	nonantibody_chain
4en1	nonantibody_chain
4en2	nonantibody_chain
4en3	nonantibody_chain
4enl	nonantibody_chain
4eo5	nonantibody_chain
4eof	nonantibody_chain
4eou	nonantibody_chain
4eow	cdr_similar
4ep2	nonantibody_chain
4ep3	nonantibody_chain
4epj	nonantibody_chain
4epr	nonantibody_chain
4ept	nonantibody_chain
4epv	nonantibody_chain
4epw	nonantibody_chain
4epx	nonantibody_chain
4epy	nonantibody_chain
4eq0	nonantibody_chain
4eqi	nonantibody_chain
4eqj	nonantibody_chain
4eqn	nonantibody_chain
4er9	nonantibody_chain
4erw	nonantibody_chain
4ery	nonantibody_chain
4erz	nonantibody_chain
4es0	nonantibody_chain
4esa	nonantibody_chain
4esg	nonantibody_chain
4esi	nonantibody_chain
4est	nonantibody_chain
4et8	nonantibody_chain
4et9	nonantibody_chain
4eta	nonantibody_chain
4etb	nonantibody_chain
4etc	nonantibody_chain
4etd	nonantibody_chain
4ete	nonantibody_chain
4etm	nonantibody_chain
4eu1	nonantibody_chain
4eug	nonantibody_chain
4eul	nonantibody_chain
4eux	nonantibody_chain
4euz	nonantibody_chain
4ev4	nonantibody_chain
4evm	nonantibody_chain
4evo	nonantibody_chain
4ewl	nonantibody_chain
4ewo	nonantibody_chain
4ewr	nonantibody_chain
4exg	nonantibody_chain
4ext	nonantibody_chain
4eyr	nonantibody_chain
4eyv	nonantibody_chain
4ez3	nonantibody_chain
4ez5	nonantibody_chain
4ez7	nonantibody_chain
4ezh	nonantibody_chain
4ezj	nonantibody_chain
4ezk	nonantibody_chain
4ezl	nonantibody_chain
4f08	nonantibody_chain
4f09	nonantibody_chain
4f0i	nonantibody_chain
4f0z	nonantibody_chain
4f1s	nonantibody_chain
4f1w	nonantibody_chain
4f2b	nonantibody_chain
4f2p	nonantibody_chain
4f2t	nonantibody_chain
4f2u	nonantibody_chain
4f2w	nonantibody_chain
4f38	nonantibody_chain
4f3c	nonantibody_chain
4f3f	cdr_similar
4f3i	nonantibody_chain
4f3k	nonantibody_chain
4f4e	nonantibody_chain
4f4p	nonantibody_chain
4f56	nonantibody_chain
4f57	released_antibody_only
4f5f	nonantibody_chain
4f5g	nonantibody_chain
4f5h	nonantibody_chain
4f5i	nonantibody_chain
4f5j	nonantibody_chain
4f5k	nonantibody_chain
4f5l	nonantibody_chain
4f5m	nonantibody_chain
4f5t	nonantibody_chain
4f5u	nonantibody_chain
4f5v	nonantibody_chain
4f63	nonantibody_chain
4f64	nonantibody_chain
4f65	nonantibody_chain
4f6s	nonantibody_chain
4f6u	nonantibody_chain
4f6w	nonantibody_chain
4f70	nonantibody_chain
4f73	nonantibody_chain
4f74	nonantibody_chain
4f75	nonantibody_chain
4f76	nonantibody_chain
4f7c	nonantibody_chain
4f7e	nonantibody_chain
4f7j	nonantibody_chain
4f7l	nonantibody_chain
4f7m	nonantibody_chain
4f7n	nonantibody_chain
4f7p	nonantibody_chain
4f7s	nonantibody_chain
4f7t	nonantibody_chain
4f7x	nonantibody_chain
4f7z	nonantibody_chain
4f87	nonantibody_chain
4f8c	nonantibody_chain
4f8m	nonantibody_chain
4fa6	nonantibody_chain
4fab	cdr_similar
4fad	nonantibody_chain
4fae	nonantibody_chain
4faf	nonantibody_chain
4fap	nonantibody_chain
4fbj	nonantibody_chain
4fbx	nonantibody_chain
4fbz	nonantibody_chain
4fc0	nonantibody_chain
4fc3	nonantibody_chain
4fcf	nonantibody_chain
4fco	nonantibody_chain
4fd8	nonantibody_chain
4fdd	nonantibody_chain
4fdl	nonantibody_chain
4fe6	nonantibody_chain
4fea	nonantibody_chain
4ff7	nonantibody_chain
4ffs	nonantibody_chain
4ffy	nonantibody_chain
4fg7	nonantibody_chain
4fg8	nonantibody_chain
4fg9	nonantibody_chain
4fgb	nonantibody_chain
4fgg	nonantibody_chain
4fgh	nonantibody_chain
4fgx	nonantibody_chain
4fh1	nonantibody_chain
4fh2	nonantibody_chain
4fh4	nonantibody_chain
4fhb	nonantibody_chain
4fhj	nonantibody_chain
4fhk	nonantibody_chain
4fhz	nonantibody_chain
4fie	nonantibody_chain
4fif	nonantibody_chain
4fig	nonantibody_chain
4fih	nonantibody_chain
4fii	nonantibody_chain
4fij	nonantibody_chain
4fik	nonantibody_chain
4fj3	nonantibody_chain
4fjo	nonantibody_chain
4fjr	nonantibody_chain
4fjv	nonantibody_chain
4fjw	nonantibody_chain
4fjy	nonantibody_chain
4fjz	nonantibody_chain
4fk3	nonantibody_chain
4fkg	nonantibody_chain
4fki	nonantibody_chain
4fkj	nonantibody_chain
4fkl	nonantibody_chain
4fko	nonantibody_chain
4fkp	nonantibody_chain
4fkq	nonantibody_chain
4fkr	nonantibody_chain
4fks	nonantibody_chain
4fkt	nonantibody_chain
4fku	nonantibody_chain
4fkv	nonantibody_chain
4fkw	nonantibody_chain
4fl1	nonantibody_chain
4fl2	nonantibody_chain
4fl3	nonantibody_chain
4fl5	nonantibody_chain
4fl7	nonantibody_chain
4fl8	nonantibody_chain
4flg	nonantibody_chain
4flh	nonantibody_chain
4flp	nonantibody_chain
4fm6	nonantibody_chain
4fm7	nonantibody_chain
4fm8	nonantibody_chain
4fn2	nonantibody_chain
4fnf	nonantibody_chain
4fnl	cdr_similar
4fnw	nonantibody_chain
4fnx	nonantibody_chain
4fny	nonantibody_chain
4fnz	nonantibody_chain
4fob	nonantibody_chain
4foc	nonantibody_chain
4fod	nonantibody_chain
4fon	nonantibody_chain
4fop	nonantibody_chain
4fot	nonantibody_chain
4fp5	nonantibody_chain
4fpd	nonantibody_chain
4fpt	nonantibody_chain
4fq1	cdr_similar
4fq2	cdr_similar
4fq3	nonantibody_chain
4fqc	cdr_similar
4fqh	cdr_similar
4fqi	nonantibody_chain
4fqj	nonantibody_chain
4fql	cdr_similar
4fqo	nonantibody_chain
4fqy	nonantibody_chain
4fr3	nonantibody_chain
4frc	nonantibody_chain
4fri	nonantibody_chain
4frj	nonantibody_chain
4frk	nonantibody_chain
4frs	nonantibody_chain
4fru	nonantibody_chain
4frv	nonantibody_chain
4fs4	nonantibody_chain
4fsm	nonantibody_chain
4fsn	nonantibody_chain
4fsq	nonantibody_chain
4fsr	nonantibody_chain
4fst	nonantibody_chain
4fsu	nonantibody_chain
4fsw	nonantibody_chain
4fsy	nonantibody_chain
4fsz	nonantibody_chain
4ft0	nonantibody_chain
4ft3	nonantibody_chain
4ft5	nonantibody_chain
4ft7	nonantibody_chain
4ft9	nonantibody_chain
4fta	nonantibody_chain
4ftc	nonantibody_chain
4fti	nonantibody_chain
4ftj	nonantibody_chain
4ftk	nonantibody_chain
4ftl	nonantibody_chain
4ftm	nonantibody_chain
4ftn	nonantibody_chain
4fto	nonantibody_chain
4ftq	nonantibody_chain
4ftr	nonantibody_chain
4ftt	nonantibody_chain
4ftu	nonantibody_chain
4ftv	nonantibody_chain
4ftw	nonantibody_chain
4fu5	nonantibody_chain
4fu7	nonantibody_chain
4fu8	nonantibody_chain
4fu9	nonantibody_chain
4fub	nonantibody_chain
4fuc	nonantibody_chain
4fud	nonantibody_chain
4fue	nonantibody_chain
4fuf	nonantibody_chain
4fug	nonantibody_chain
4fuh	nonantibody_chain
4fui	nonantibody_chain
4fuj	nonantibody_chain
4ful	nonantibody_chain
4fvn	nonantibody_chain
4fvo	nonantibody_chain
4fvw	nonantibody_chain
4fvx	nonantibody_chain
4fvy	nonantibody_chain
4fvz	nonantibody_chain
4fw0	nonantibody_chain
4fwf	nonantibody_chain
4fwk	nonantibody_chain
4fwl	nonantibody_chain
4fwm	nonantibody_chain
4fwn	nonantibody_chain
4fwo	nonantibody_chain
4fwp	nonantibody_chain
4fwq	nonantibody_chain
4fwr	nonantibody_chain
4fws	nonantibody_chain
4fwx	nonantibody_chain
4fwy	nonantibody_chain
4fwz	nonantibody_chain
4fxl	nonantibody_chain
4fxo	nonantibody_chain
4fyn	nonantibody_chain
4fyo	nonantibody_chain
4fz6	nonantibody_chain
4fz7	nonantibody_chain
4fz8	cdr_similar
4fza	nonantibody_chain
4fzd	nonantibody_chain
4fze	released_antibody_only
4fzf	nonantibody_chain
4g01	nonantibody_chain
4g0c	nonantibody_chain
4g0n	nonantibody_chain
4g11	nonantibody_chain
4g1k	nonantibody_chain
4g1w	nonantibody_chain
4g27	nonantibody_chain
4g28	nonantibody_chain
4g2f	nonantibody_chain
4g35	nonantibody_chain
4g3x	nonantibody_chain
4g3y	nonantibody_chain
4g41	nonantibody_chain
4g42	nonantibody_chain
4g43	nonantibody_chain
4g49	nonantibody_chain
4g4b	nonantibody_chain
4g4c	nonantibody_chain
4g4h	nonantibody_chain
4g50	nonantibody_chain
4g51	nonantibody_chain
4g55	nonantibody_chain
4g57	nonantibody_chain
4g5j	nonantibody_chain
4g5p	nonantibody_chain
4g5z	released_antibody_only
4g6a	cdr_similar
4g6f	cdr_similar
4g6j	released
4g6k	cdr_similar
4g6l	nonantibody_chain
4g6m	cdr_similar
4g6t	nonantibody_chain
4g7a	nonantibody_chain
4g7f	nonantibody_chain
4g7v	cdr_similar
4g7y	cdr_similar
4g89	nonantibody_chain
4g8e	nonantibody_chain
4g8f	nonantibody_chain
4g8g	nonantibody_chain
4g8i	nonantibody_chain
4g8v	nonantibody_chain
4g8y	nonantibody_chain
4g90	nonantibody_chain
4g9c	nonantibody_chain
4g9d	nonantibody_chain
4g9f	nonantibody_chain
4g9j	nonantibody_chain
4g9r	nonantibody_chain
4ga7	nonantibody_chain
4ga9	nonantibody_chain
4gag	cdr_similar
4gaj	cdr_similar
4gal	nonantibody_chain
4gay	cdr_similar
4gb2	nonantibody_chain
4gb9	nonantibody_chain
4gbr	nonantibody_chain
4gby	nonantibody_chain
4gbz	nonantibody_chain
4gc0	nonantibody_chain
4gcb	nonantibody_chain
4gcc	nonantibody_chain
4gcd	nonantibody_chain
4gce	nonantibody_chain
4gcf	nonantibody_chain
4gcj	nonantibody_chain
4gd6	nonantibody_chain
4gd8	nonantibody_chain
4gdb	nonantibody_chain
4gdm	nonantibody_chain
4ge2	nonantibody_chain
4ge5	nonantibody_chain
4ge6	nonantibody_chain
4gec	nonantibody_chain
4ged	nonantibody_chain
4geg	nonantibody_chain
4ges	nonantibody_chain
4gf6	nonantibody_chain
4gfg	nonantibody_chain
4gfm	nonantibody_chain
4gfs	nonantibody_chain
4gft	released
4gg8	nonantibody_chain
4ggq	nonantibody_chain
4gh2	nonantibody_chain
4gh8	nonantibody_chain
4gho	nonantibody_chain
4gi3	nonantibody_chain
4gif	nonantibody_chain
4giv	nonantibody_chain
4gje	nonantibody_chain
4gjf	nonantibody_chain
4gjg	nonantibody_chain
4gjt	nonantibody_chain
4gk0	nonantibody_chain
4gk2	nonantibody_chain
4gk3	nonantibody_chain
4gk4	nonantibody_chain
4gk5	nonantibody_chain
4gkn	nonantibody_chain
4gks	nonantibody_chain
4gku	nonantibody_chain
4gkz	nonantibody_chain
4gl1	nonantibody_chain
4gla	nonantibody_chain
4gli	nonantibody_chain
4gln	nonantibody_chain
4glr	released
4gls	nonantibody_chain
4glu	nonantibody_chain
4glv	nonantibody_chain
4gly	nonantibody_chain
4gmb	nonantibody_chain
4gmh	nonantibody_chain
4gmi	nonantibody_chain
4gmt	cdr_similar
4gmy	nonantibody_chain
4gn4	nonantibody_chain
4gn5	nonantibody_chain
4gnf	nonantibody_chain
4gng	nonantibody_chain
4gnj	nonantibody_chain
4gnt	nonantibody_chain
4gnu	nonantibody_chain
4gny	nonantibody_chain
4gob	nonantibody_chain
4gog	nonantibody_chain
4gow	nonantibody_chain
4gpj	nonantibody_chain
4gpr	nonantibody_chain
4gq9	cdr_similar
4gqb	nonantibody_chain
4gqc	nonantibody_chain
4gqe	nonantibody_chain
4gqf	nonantibody_chain
4gr1	nonantibody_chain
4grb	nonantibody_chain
4grf	nonantibody_chain
4grg	nonantibody_chain
4grl	nonantibody_chain
4grm	nonantibody_chain
4grt	nonantibody_chain
4grv	nonantibody_chain
4gry	nonantibody_chain
4grz	nonantibody_chain
4gs0	nonantibody_chain
4gsd	cdr_similar
4gsp	nonantibody_chain
4gss	nonantibody_chain
4gst	nonantibody_chain
4gsw	nonantibody_chain
4gsx	nonantibody_chain
4gt0	nonantibody_chain
4gt5	nonantibody_chain
4gt7	nonantibody_chain
4gu2	nonantibody_chain
4gub	nonantibody_chain
4gue	nonantibody_chain
4guf	nonantibody_chain
4gug	nonantibody_chain
4guh	nonantibody_chain
4gui	nonantibody_chain
4guj	nonantibody_chain
4gup	nonantibody_chain
4gur	nonantibody_chain
4gus	nonantibody_chain
4gux	nonantibody_chain
4gv1	nonantibody_chain
4gvu	nonantibody_chain
4gvw	nonantibody_chain
4gvy	nonantibody_chain
4gvz	nonantibody_chain
4gw0	nonantibody_chain
4gw1	nonantibody_chain
4gw2	nonantibody_chain
4gw4	cdr_untransferred
4gw5	cdr_similar
4gwg	nonantibody_chain
4gwk	nonantibody_chain
4gwr	nonantibody_chain
4gxv	cdr_similar
4gy5	nonantibody_chain
4gyc	nonantibody_chain
4gye	nonantibody_chain
4gzf	nonantibody_chain
4gzl	nonantibody_chain
4gzm	nonantibody_chain
4h07	nonantibody_chain
4h0b	nonantibody_chain
4h1e	nonantibody_chain
4h1p	nonantibody_chain
4h20	cdr_similar
4h2l	nonantibody_chain
4h36	nonantibody_chain
4h39	nonantibody_chain
4h3b	nonantibody_chain
4h3f	nonantibody_chain
4h3g	nonantibody_chain
4h3i	nonantibody_chain
4h3j	nonantibody_chain
4h3l	nonantibody_chain
4h3m	nonantibody_chain
4h3n	nonantibody_chain
4h3o	nonantibody_chain
4h47	nonantibody_chain
4h48	nonantibody_chain
4h4f	nonantibody_chain
4h51	nonantibody_chain
4h58	nonantibody_chain
4h6s	nonantibody_chain
4h6t	nonantibody_chain
4h7b	nonantibody_chain
4h88	nonantibody_chain
4h8r	nonantibody_chain
4h8w	nonantibody_chain
4h8x	nonantibody_chain
4h8y	nonantibody_chain
4h8z	nonantibody_chain
4h90	nonantibody_chain
4h91	nonantibody_chain
4h92	nonantibody_chain
4h93	nonantibody_chain
4h94	nonantibody_chain
4h9a	nonantibody_chain
4h9b	nonantibody_chain
4h9c	nonantibody_chain
4h9e	nonantibody_chain
4h9f	nonantibody_chain
4h9h	nonantibody_chain
4h9i	nonantibody_chain
4h9n	nonantibody_chain
4h9o	nonantibody_chain
4h9p	nonantibody_chain
4h9q	nonantibody_chain
4h9r	nonantibody_chain
4h9s	nonantibody_chain
4ha5	nonantibody_chain
4haa	nonantibody_chain
4haf	nonantibody_chain
4hag	nonantibody_chain
4hai	nonantibody_chain
4hba	nonantibody_chain
4hbc	cdr_similar
4hbt	nonantibody_chain
4hbu	nonantibody_chain
4hbv	nonantibody_chain
4hbw	nonantibody_chain
4hbx	nonantibody_chain
4hby	nonantibody_chain
4hcn	nonantibody_chain
4hcp	nonantibody_chain
4hdb	nonantibody_chain
4hdf	nonantibody_chain
4hdi	cdr_similar
4hdo	nonantibody_chain
4hdp	nonantibody_chain
4hdq	nonantibody_chain
4he9	nonantibody_chain
4heg	nonantibody_chain
4hem	nonantibody_chain
4hep	nonantibody_chain
4hew	nonantibody_chain
4hex	nonantibody_chain
4hey	nonantibody_chain
4hez	nonantibody_chain
4hf3	nonantibody_chain
4hf5	nonantibody_chain
4hfp	nonantibody_chain
4hfu	nonantibody_chain
4hfw	released_antibody_only
4hga	nonantibody_chain
4hgc	nonantibody_chain
4hgm	nonantibody_chain
4hgw	cdr_similar
4hh9	cdr_similar
4hha	cdr_similar
4hhg	nonantibody_chain
4hhp	nonantibody_chain
4hhw	nonantibody_chain
4hi3	nonantibody_chain
4hib	nonantibody_chain
4hie	cdr_similar
4hih	cdr_similar
4hii	cdr_similar
4hij	cdr_similar
4hip	nonantibody_chain
4hix	nonantibody_chain
4hj2	nonantibody_chain
4hjd	nonantibody_chain
4hjg	nonantibody_chain
4hjj	cdr_similar
4hjk	nonantibody_chain
4hjm	nonantibody_chain
4hjo	nonantibody_chain
4hjp	nonantibody_chain
4hjq	nonantibody_chain
4hk0	cdr_similar
4hk1	nonantibody_chain
4hk2	nonantibody_chain
4hk3	cdr_similar
4hk8	nonantibody_chain
4hk9	nonantibody_chain
4hkc	nonantibody_chain
4hkl	nonantibody_chain
4hko	nonantibody_chain
4hkp	nonantibody_chain
4hkw	nonantibody_chain
4hkx	nonantibody_chain
4hkz	nonantibody_chain
4hla	nonantibody_chain
4hle	nonantibody_chain
4hll	nonantibody_chain
4hls	nonantibody_chain
4hmm	nonantibody_chain
4hmr	nonantibody_chain
4hnj	nonantibody_chain
4hoh	nonantibody_chain
4hoy	nonantibody_chain
4hp0	nonantibody_chain
4hpi	nonantibody_chain
4hpo	nonantibody_chain
4hpt	nonantibody_chain
4hpu	nonantibody_chain
4hpy	nonantibody_chain
4hq0	nonantibody_chain
4hqq	cdr_similar
4hqr	nonantibody_chain
4hrl	nonantibody_chain
4hrn	nonantibody_chain
4hs3	nonantibody_chain
4hs6	cdr_similar
4hs8	cdr_similar
4hsf	nonantibody_chain
4hsu	nonantibody_chain
4hsv	nonantibody_chain
4ht0	nonantibody_chain
4ht1	cdr_untransferred
4hth	nonantibody_chain
4htk	nonantibody_chain
4htn	nonantibody_chain
4htq	nonantibody_chain
4htv	nonantibody_chain
4hu1	nonantibody_chain
4hu6	nonantibody_chain
4hu7	nonantibody_chain
4hu9	nonantibody_chain
4hua	nonantibody_chain
4huk	nonantibody_chain
4hul	nonantibody_chain
4hum	nonantibody_chain
4hun	nonantibody_chain
4huo	nonantibody_chain
4hup	nonantibody_chain
4huu	nonantibody_chain
4huv	nonantibody_chain
4hux	nonantibody_chain
4hv1	nonantibody_chain
4hv2	nonantibody_chain
4hv3	nonantibody_chain
4hv7	nonantibody_chain
4hv8	nonantibody_chain
4hva	nonantibody_chain
4hvb	nonantibody_chain
4hvf	nonantibody_chain
4hvp	nonantibody_chain
4hw2	nonantibody_chain
4hw4	nonantibody_chain
4hwb	cdr_similar
4hwe	cdr_similar
4hwl	nonantibody_chain
4hwx	nonantibody_chain
4hwz	nonantibody_chain
4hx1	nonantibody_chain
4hx2	nonantibody_chain
4hxa	cdr_similar
4hxb	cdr_similar
4hxd	nonantibody_chain
4hxk	nonantibody_chain
4hxl	nonantibody_chain
4hxm	nonantibody_chain
4hxn	nonantibody_chain
4hxo	nonantibody_chain
4hxp	nonantibody_chain
4hxr	nonantibody_chain
4hxs	nonantibody_chain
4hy7	nonantibody_chain
4hyh	nonantibody_chain
4hyi	nonantibody_chain
4hyj	nonantibody_chain
4hys	nonantibody_chain
4hyu	nonantibody_chain
4hyx	nonantibody_chain
4hz1	nonantibody_chain
4hzh	nonantibody_chain
4hzl	nonantibody_chain
4hzr	nonantibody_chain
4hzt	nonantibody_chain
4i05	nonantibody_chain
4i07	nonantibody_chain
4i0c	nonantibody_chain
4i0d	nonantibody_chain
4i0e	nonantibody_chain
4i0f	nonantibody_chain
4i0g	nonantibody_chain
4i0j	nonantibody_chain
4i0r	nonantibody_chain
4i0s	nonantibody_chain
4i0t	nonantibody_chain
4i0z	nonantibody_chain
4i10	nonantibody_chain
4i11	nonantibody_chain
4i12	nonantibody_chain
4i13	nonantibody_chain
4i1c	nonantibody_chain
4i1f	nonantibody_chain
4i1h	nonantibody_chain
4i1n	nonantibody_chain
4i1z	nonantibody_chain
4i20	nonantibody_chain
4i21	nonantibody_chain
4i22	nonantibody_chain
4i23	nonantibody_chain
4i24	nonantibody_chain
4i2d	nonantibody_chain
4i2i	nonantibody_chain
4i2j	nonantibody_chain
4i2t	nonantibody_chain
4i2u	nonantibody_chain
4i2y	nonantibody_chain
4i3k	nonantibody_chain
4i3l	nonantibody_chain
4i3r	released
4i3s	released
4i48	nonantibody_chain
4i4w	nonantibody_chain
4i5m	nonantibody_chain
4i5p	nonantibody_chain
4i5q	nonantibody_chain
4i65	nonantibody_chain
4i6b	nonantibody_chain
4i6f	nonantibody_chain
4i6h	nonantibody_chain
4i6l	nonantibody_chain
4i6n	nonantibody_chain
4i77	cdr_similar
4i7j	nonantibody_chain
4i7k	nonantibody_chain
4i7l	nonantibody_chain
4i7m	nonantibody_chain
4i7n	nonantibody_chain
4i7o	nonantibody_chain
4i7p	nonantibody_chain
4i7q	nonantibody_chain
4i7r	nonantibody_chain
4i7s	nonantibody_chain
4i7t	nonantibody_chain
4i8b	nonantibody_chain
4i8g	nonantibody_chain
4i8h	nonantibody_chain
4i8j	nonantibody_chain
4i8k	nonantibody_chain
4i8l	nonantibody_chain
4i8n	nonantibody_chain
4i8o	nonantibody_chain
4i8q	nonantibody_chain
4i8s	nonantibody_chain
4i8w	nonantibody_chain
4i8y	nonantibody_chain
4i8z	nonantibody_chain
4i90	nonantibody_chain
4i9b	nonantibody_chain
4i9j	nonantibody_chain
4i9m	nonantibody_chain
4i9t	nonantibody_chain
4ia9	nonantibody_chain
4iac	nonantibody_chain
4iad	nonantibody_chain
4iaf	nonantibody_chain
4iai	nonantibody_chain
4iak	nonantibody_chain
4ial	nonantibody_chain
4iaq	nonantibody_chain
4iar	nonantibody_chain
4ias	nonantibody_chain
4iat	nonantibody_chain
4iay	nonantibody_chain
4iaz	nonantibody_chain
4ib0	nonantibody_chain
4ib1	nonantibody_chain
4ib3	nonantibody_chain
4ib4	nonantibody_chain
4ib6	nonantibody_chain
4ib7	nonantibody_chain
4ib8	nonantibody_chain
4ib9	nonantibody_chain
4iba	nonantibody_chain
4ibl	nonantibody_chain
4ibm	nonantibody_chain
4ibq	nonantibody_chain
4ibr	nonantibody_chain
4ibs	nonantibody_chain
4ibt	nonantibody_chain
4iby	nonantibody_chain
4ibz	nonantibody_chain
4icz	nonantibody_chain
4id4	nonantibody_chain
4id6	nonantibody_chain
4idj	cdr_similar
4idr	nonantibody_chain
4ie9	nonantibody_chain
4iea	nonantibody_chain
4ieh	nonantibody_chain
4ieo	nonantibody_chain
4iep	nonantibody_chain
4ieq	nonantibody_chain
4ier	nonantibody_chain
4ies	nonantibody_chain
4iet	nonantibody_chain
4ieu	nonantibody_chain
4iev	nonantibody_chain
4iew	nonantibody_chain
4iex	nonantibody_chain
4iey	nonantibody_chain
4iez	nonantibody_chain
4if8	nonantibody_chain
4ig7	nonantibody_chain
4ihl	nonantibody_chain
4iho	nonantibody_chain
4ii8	nonantibody_chain
4iiq	nonantibody_chain
4ij3	cdr_similar
4ij9	nonantibody_chain
4ijt	nonantibody_chain
4ik1	nonantibody_chain
4ik3	nonantibody_chain
4ik4	nonantibody_chain
4ik5	nonantibody_chain
4ik8	nonantibody_chain
4ik9	nonantibody_chain
4iko	nonantibody_chain
4ilf	nonantibody_chain
4ilx	nonantibody_chain
4imk	cdr_similar
4iml	cdr_similar
4ims	nonantibody_chain
4imt	nonantibody_chain
4imu	nonantibody_chain
4imv	nonantibody_chain
4imw	nonantibody_chain
4imx	nonantibody_chain
4ioi	nonantibody_chain
4ioo	nonantibody_chain
4ioq	nonantibody_chain
4ior	nonantibody_chain
4ios	nonantibody_chain
4iot	nonantibody_chain
4ip1	nonantibody_chain
4ip3	nonantibody_chain
4ip6	nonantibody_chain
4ipx	nonantibody_chain
4ipz	nonantibody_chain
4iq2	nonantibody_chain
4iq6	nonantibody_chain
4iqc	nonantibody_chain
4iqt	nonantibody_chain
4iqu	nonantibody_chain
4irj	nonantibody_chain
4iro	nonantibody_chain
4irs	nonantibody_chain
4is5	nonantibody_chain
4ish	nonantibody_chain
4isi	nonantibody_chain
4isl	nonantibody_chain
4isn	nonantibody_chain
4iso	nonantibody_chain
4isv	cdr_untransferred
4it8	nonantibody_chain
4ith	nonantibody_chain
4iti	nonantibody_chain
4itj	nonantibody_chain
4ito	nonantibody_chain
4itp	nonantibody_chain
4itr	nonantibody_chain
4itz	nonantibody_chain
4ium	nonantibody_chain
4iun	nonantibody_chain
4iuo	nonantibody_chain
4iur	nonantibody_chain
4iut	nonantibody_chain
4iuu	nonantibody_chain
4iuv	nonantibody_chain
4ivs	nonantibody_chain
4ivt	nonantibody_chain
4iw1	nonantibody_chain
4iw2	nonantibody_chain
4iw4	nonantibody_chain
4iwz	nonantibody_chain
4ixd	nonantibody_chain
4ixe	nonantibody_chain
4ixf	nonantibody_chain
4ixj	nonantibody_chain
4ixl	nonantibody_chain
4iye	nonantibody_chain
4iyp	nonantibody_chain
4iyr	nonantibody_chain
4iz8	nonantibody_chain
4izy	nonantibody_chain
4j03	nonantibody_chain
4j0p	nonantibody_chain
4j0r	nonantibody_chain
4j0s	nonantibody_chain
4j0t	nonantibody_chain
4j0v	nonantibody_chain
4j0y	nonantibody_chain
4j0z	nonantibody_chain
4j12	nonantibody_chain
4j17	nonantibody_chain
4j1a	nonantibody_chain
4j1b	nonantibody_chain
4j1c	nonantibody_chain
4j1e	nonantibody_chain
4j1f	nonantibody_chain
4j1h	nonantibody_chain
4j1i	nonantibody_chain
4j1k	nonantibody_chain
4j1m	nonantibody_chain
4j1p	nonantibody_chain
4j2j	nonantibody_chain
4j2l	nonantibody_chain
4j2v	nonantibody_chain
4j2y	nonantibody_chain
4j3i	nonantibody_chain
4j4l	nonantibody_chain
4j4n	nonantibody_chain
4j4o	nonantibody_chain
4j4q	nonantibody_chain
4j52	nonantibody_chain
4j53	nonantibody_chain
4j54	nonantibody_chain
4j55	nonantibody_chain
4j58	nonantibody_chain
4j59	nonantibody_chain
4j5a	nonantibody_chain
4j5b	nonantibody_chain
4j5c	nonantibody_chain
4j5d	nonantibody_chain
4j5e	nonantibody_chain
4j5g	nonantibody_chain
4j5j	nonantibody_chain
4j5k	nonantibody_chain
4j5z	nonantibody_chain
4j60	nonantibody_chain
4j61	nonantibody_chain
4j62	nonantibody_chain
4j63	nonantibody_chain
4j64	nonantibody_chain
4j65	nonantibody_chain
4j66	nonantibody_chain
4j67	nonantibody_chain
4j68	nonantibody_chain
4j69	nonantibody_chain
4j6a	nonantibody_chain
4j6h	nonantibody_chain
4j6i	nonantibody_chain
4j6r	released
4j6s	nonantibody_chain
4j71	nonantibody_chain
4j7v	nonantibody_chain
4j7w	nonantibody_chain
4j88	nonantibody_chain
4j89	nonantibody_chain
4j8a	nonantibody_chain
4j8m	nonantibody_chain
4j8r	released
4j8y	nonantibody_chain
4j96	nonantibody_chain
4j98	nonantibody_chain
4j9y	nonantibody_chain
4j9z	nonantibody_chain
4ja3	nonantibody_chain
4jai	nonantibody_chain
4jaj	nonantibody_chain
4jam	cdr_untransferred
4jb8	nonantibody_chain
4jb9	released
4jba	nonantibody_chain
4jbo	nonantibody_chain
4jbp	nonantibody_chain
4jbq	nonantibody_chain
4jc3	nonantibody_chain
4jcp	nonantibody_chain
4jdd	nonantibody_chain
4jdh	nonantibody_chain
4jdi	nonantibody_chain
4jdj	nonantibody_chain
4jdk	nonantibody_chain
4jdt	cdr_similar
4jdv	cdr_similar
4je4	nonantibody_chain
4je9	nonantibody_chain
4jea	nonantibody_chain
4jeb	nonantibody_chain
4jec	nonantibody_chain
4jeg	nonantibody_chain
4jer	nonantibody_chain
4jes	nonantibody_chain
4jfd	nonantibody_chain
4jfe	nonantibody_chain
4jff	nonantibody_chain
4jfh	nonantibody_chain
4jfo	nonantibody_chain
4jfp	nonantibody_chain
4jfq	nonantibody_chain
4jfx	cdr_similar
4jfy	cdr_similar
4jfz	cdr_similar
4jg0	cdr_similar
4jg1	cdr_similar
4jgh	nonantibody_chain
4jha	cdr_similar
4jhw	nonantibody_chain
4jik	nonantibody_chain
4jj5	cdr_untransferred
4jj7	nonantibody_chain
4jj8	nonantibody_chain
4jje	nonantibody_chain
4jjh	nonantibody_chain
4jjm	nonantibody_chain
4jk5	nonantibody_chain
4jk6	nonantibody_chain
4jkj	nonantibody_chain
4jkn	nonantibody_chain
4jkp	released
4jkv	nonantibody_chain
4jkx	nonantibody_chain
4jlf	nonantibody_chain
4jlq	nonantibody_chain
4jm4	released_antibody_only
4jn1	cdr_similar
4jn2	cdr_similar
4jnc	nonantibody_chain
4jo1	nonantibody_chain
4jo2	nonantibody_chain
4jo3	nonantibody_chain
4jo4	released_antibody_only
4jo7	nonantibody_chain
4jo9	nonantibody_chain
4joa	nonantibody_chain
4joo	nonantibody_chain
4jos	nonantibody_chain
4jp8	nonantibody_chain
4jp9	nonantibody_chain
4jpc	nonantibody_chain
4jpe	nonantibody_chain
4jpi	cdr_untransferred
4jpk	cdr_untransferred
4jpm	nonantibody_chain
4jpv	cdr_untransferred
4jpw	released
4jpz	nonantibody_chain
4jq6	nonantibody_chain
4jq7	nonantibody_chain
4jq8	nonantibody_chain
4jqi	cdr_similar
4jqu	nonantibody_chain
4jqv	nonantibody_chain
4jqw	nonantibody_chain
4jqx	nonantibody_chain
4jqy	nonantibody_chain
4jqz	nonantibody_chain
4jr0	nonantibody_chain
4jr1	nonantibody_chain
4jr2	nonantibody_chain
4jr3	nonantibody_chain
4jr8	nonantibody_chain
4jr9	released
4jrb	nonantibody_chain
4jrv	nonantibody_chain
4jrx	nonantibody_chain
4jry	nonantibody_chain
4js0	nonantibody_chain
4js6	nonantibody_chain
4js9	nonantibody_chain
4jsa	nonantibody_chain
4jse	nonantibody_chain
4jsf	nonantibody_chain
4jsg	nonantibody_chain
4jsh	nonantibody_chain
4jsi	nonantibody_chain
4jsj	nonantibody_chain
4jsk	nonantibody_chain
4jsl	nonantibody_chain
4jsm	nonantibody_chain
4jss	nonantibody_chain
4jsw	nonantibody_chain
4jsz	nonantibody_chain
4jtn	nonantibody_chain
4jto	nonantibody_chain
4jue	nonantibody_chain
4juk	nonantibody_chain
4jum	nonantibody_chain
4jvo	nonantibody_chain
4jvp	released_antibody_only
4jwk	nonantibody_chain
4jwt	nonantibody_chain
4jx9	nonantibody_chain
4jxf	nonantibody_chain
4jy4	cdr_similar
4jy5	cdr_similar
4jy6	cdr_similar
4jy7	nonantibody_chain
4jyt	nonantibody_chain
4jyu	nonantibody_chain
4jyv	nonantibody_chain
4jz1	nonantibody_chain
4jzd	nonantibody_chain
4jze	nonantibody_chain
4jzf	nonantibody_chain
4jzi	nonantibody_chain
4k0s	nonantibody_chain
4k0t	nonantibody_chain
4k0z	nonantibody_chain
4k13	nonantibody_chain
4k14	nonantibody_chain
4k1e	nonantibody_chain
4k1f	nonantibody_chain
4k1q	nonantibody_chain
4k1r	nonantibody_chain
4k23	cdr_similar
4k24	cdr_similar
4k2k	nonantibody_chain
4k2l	nonantibody_chain
4k2y	nonantibody_chain
4k33	nonantibody_chain
4k34	nonantibody_chain
4k3d	cdr_similar
4k3e	cdr_similar
4k4p	nonantibody_chain
4k4q	nonantibody_chain
4k4r	nonantibody_chain
4k5a	nonantibody_chain
4k5b	nonantibody_chain
4k5c	nonantibody_chain
4k5d	nonantibody_chain
4k5e	nonantibody_chain
4k5f	nonantibody_chain
4k5g	nonantibody_chain
4k5h	nonantibody_chain
4k5i	nonantibody_chain
4k5j	nonantibody_chain
4k5k	nonantibody_chain
4k5v	nonantibody_chain
4k5w	nonantibody_chain
4k5x	nonantibody_chain
4k5z	nonantibody_chain
4k60	nonantibody_chain
4k69	nonantibody_chain
4k6a	nonantibody_chain
4k6d	nonantibody_chain
4k7d	nonantibody_chain
4k7f	nonantibody_chain
4k7k	nonantibody_chain
4k7l	nonantibody_chain
4k7m	nonantibody_chain
4k7p	cdr_similar
4k7r	nonantibody_chain
4k7s	nonantibody_chain
4k7u	nonantibody_chain
4k7w	nonantibody_chain
4k8i	nonantibody_chain
4k8j	nonantibody_chain
4k8y	nonantibody_chain
4k94	cdr_similar
4k9e	released
4k9j	nonantibody_chain
4ka9	nonantibody_chain
4kag	nonantibody_chain
4kap	nonantibody_chain
4kaq	cdr_similar
4kb9	nonantibody_chain
4kbf	nonantibody_chain
4kbg	nonantibody_chain
4kbq	nonantibody_chain
4kc3	nonantibody_chain
4kcb	nonantibody_chain
4kce	nonantibody_chain
4kch	nonantibody_chain
4kci	nonantibody_chain
4kcj	nonantibody_chain
4kck	nonantibody_chain
4kcl	nonantibody_chain
4kcm	nonantibody_chain
4kcn	nonantibody_chain
4kco	nonantibody_chain
4kcp	nonantibody_chain
4kcq	nonantibody_chain
4kcr	nonantibody_chain
4kcs	nonantibody_chain
4kcx	nonantibody_chain
4kd1	nonantibody_chain
4kd3	nonantibody_chain
4kd4	nonantibody_chain
4kdt	nonantibody_chain
4ke1	nonantibody_chain
4kel	nonantibody_chain
4kex	nonantibody_chain
4kf5	nonantibody_chain
4kfm	nonantibody_chain
4kfz	released
4kg7	nonantibody_chain
4kga	nonantibody_chain
4kgr	nonantibody_chain
4kgs	nonantibody_chain
4kgt	nonantibody_chain
4kha	nonantibody_chain
4kht	released
4khv	nonantibody_chain
4khx	released
4kii	nonantibody_chain
4kjj	nonantibody_chain
4kjk	nonantibody_chain
4kjl	nonantibody_chain
4kjn	nonantibody_chain
4kjo	nonantibody_chain
4kjy	nonantibody_chain
4kk3	nonantibody_chain
4kk4	nonantibody_chain
4kke	nonantibody_chain
4kkg	nonantibody_chain
4kkh	nonantibody_chain
4klz	nonantibody_chain
4kml	nonantibody_chain
4kmo	nonantibody_chain
4kmt	cdr_similar
4kn5	nonantibody_chain
4knd	nonantibody_chain
4kni	nonantibody_chain
4knj	nonantibody_chain
4knm	nonantibody_chain
4knn	nonantibody_chain
4ko5	nonantibody_chain
4ko6	nonantibody_chain
4ko7	nonantibody_chain
4ko9	nonantibody_chain
4kob	nonantibody_chain
4koc	nonantibody_chain
4kol	nonantibody_chain
4kom	nonantibody_chain
4kon	nonantibody_chain
4kp0	nonantibody_chain
4kph	cdr_similar
4kq3	released_antibody_only
4kq4	cdr_similar
4kqz	nonantibody_chain
4kr0	nonantibody_chain
4krl	released
4krn	released_antibody_only
4krv	nonantibody_chain
4ks7	nonantibody_chain
4ks8	nonantibody_chain
4ksk	nonantibody_chain
4ksp	nonantibody_chain
4ksq	nonantibody_chain
4kta	nonantibody_chain
4ktd	released_antibody_only
4kte	cdr_similar
4kts	nonantibody_chain
4ktu	nonantibody_chain
4ku1	nonantibody_chain
4kuv	nonantibody_chain
4kuw	nonantibody_chain
4kuy	nonantibody_chain
4kuz	cdr_similar
4kv0	nonantibody_chain
4kv1	nonantibody_chain
4kv4	nonantibody_chain
4kv6	nonantibody_chain
4kvc	cdr_similar
4kvg	nonantibody_chain
4kvn	nonantibody_chain
4kvp	nonantibody_chain
4kw4	nonantibody_chain
4kw6	nonantibody_chain
4kw8	nonantibody_chain
4kw9	nonantibody_chain
4kwj	nonantibody_chain
4kwk	nonantibody_chain
4kwl	nonantibody_chain
4kwp	nonantibody_chain
4kxh	nonantibody_chain
4kxi	nonantibody_chain
4ky1	cdr_similar
4kyc	nonantibody_chain
4kyd	nonantibody_chain
4kye	nonantibody_chain
4kz0	nonantibody_chain
4kzc	nonantibody_chain
4kzn	nonantibody_chain
4l0w	nonantibody_chain
4l12	nonantibody_chain
4l13	nonantibody_chain
4l1a	nonantibody_chain
4l1h	released_antibody_only
4l1i	nonantibody_chain
4l35	nonantibody_chain
4l3e	nonantibody_chain
4l3j	nonantibody_chain
4l3l	nonantibody_chain
4l3n	nonantibody_chain
4l41	nonantibody_chain
4l42	nonantibody_chain
4l43	nonantibody_chain
4l44	nonantibody_chain
4l45	nonantibody_chain
4l46	nonantibody_chain
4l4j	nonantibody_chain
4l55	nonantibody_chain
4l58	nonantibody_chain
4l5f	nonantibody_chain
4l5l	nonantibody_chain
4l5n	nonantibody_chain
4l5o	nonantibody_chain
4l5u	nonantibody_chain
4l5v	nonantibody_chain
4l5w	nonantibody_chain
4l60	nonantibody_chain
4l67	nonantibody_chain
4l6p	nonantibody_chain
4l6q	nonantibody_chain
4l6r	nonantibody_chain
4l72	nonantibody_chain
4l79	nonantibody_chain
4l7f	nonantibody_chain
4l7g	nonantibody_chain
4l7h	nonantibody_chain
4l7j	nonantibody_chain
4l7x	nonantibody_chain
4l7y	nonantibody_chain
4l83	nonantibody_chain
4l8b	nonantibody_chain
4l8d	nonantibody_chain
4l8s	nonantibody_chain
4l8u	nonantibody_chain
4l9l	nonantibody_chain
4l9s	nonantibody_chain
4l9u	nonantibody_chain
4l9w	nonantibody_chain
4laa	nonantibody_chain
4lac	nonantibody_chain
4lad	nonantibody_chain
4lae	nonantibody_chain
4lag	nonantibody_chain
4lah	nonantibody_chain
4lb9	nonantibody_chain
4lbe	cdr_similar
4lbq	nonantibody_chain
4lc7	nonantibody_chain
4lcc	nonantibody_chain
4lci	cdr_similar
4lcu	cdr_similar
4lcy	nonantibody_chain
4lde	cdr_similar
4ldj	nonantibody_chain
4ldl	cdr_similar
4ldo	cdr_similar
4ldt	nonantibody_chain
4lek	nonantibody_chain
4len	nonantibody_chain
4lex	cdr_similar
4lfh	nonantibody_chain
4lfp	nonantibody_chain
4lft	nonantibody_chain
4lfx	nonantibody_chain
4lgk	nonantibody_chain
4lgp	nonantibody_chain
4lgr	nonantibody_chain
4lgs	nonantibody_chain
4lhi	nonantibody_chain
4lhj	nonantibody_chain
4lhq	nonantibody_chain
4lhu	nonantibody_chain
4li5	nonantibody_chain
4liq	released
4ljb	nonantibody_chain
4ljc	nonantibody_chain
4ljd	nonantibody_chain
4ljo	nonantibody_chain
4ljp	nonantibody_chain
4lk9	nonantibody_chain
4lka	nonantibody_chain
4lkc	cdr_similar
4lkh	nonantibody_chain
4lki	nonantibody_chain
4lkj	nonantibody_chain
4lkk	nonantibody_chain
4lkx	cdr_similar
4ll0	nonantibody_chain
4ll1	nonantibody_chain
4ll3	nonantibody_chain
4ll4	nonantibody_chain
4llb	nonantibody_chain
4lld	nonantibody_chain
4llm	nonantibody_chain
4llq	nonantibody_chain
4llu	cdr_similar
4llv	cdr_similar
4llw	cdr_similar
4lly	cdr_similar
4lmn	nonantibody_chain
4lmq	nonantibody_chain
4lnr	nonantibody_chain
4lo9	nonantibody_chain
4loe	nonantibody_chain
4lof	nonantibody_chain
4lov	nonantibody_chain
4loy	nonantibody_chain
4lp6	nonantibody_chain
4lpi	nonantibody_chain
4lpk	nonantibody_chain
4lpu	nonantibody_chain
4lpx	nonantibody_chain
4lpy	nonantibody_chain
4lqf	nonantibody_chain
4lqm	nonantibody_chain
4lqt	nonantibody_chain
4lqu	nonantibody_chain
4lqw	nonantibody_chain
4lr6	nonantibody_chain
4lrg	nonantibody_chain
4lri	cdr_similar
4lrn	cdr_similar
4lrq	nonantibody_chain
4lrw	nonantibody_chain
4lsp	released
4lsq	released
4lsr	released
4lss	released
4lst	released
4lsu	released
4lsv	cdr_untransferred
4lsz	nonantibody_chain
4lt0	nonantibody_chain
4lt1	nonantibody_chain
4lt2	nonantibody_chain
4lt3	nonantibody_chain
4lu3	nonantibody_chain
4luc	nonantibody_chain
4luf	nonantibody_chain
4luh	nonantibody_chain
4luw	nonantibody_chain
4lux	nonantibody_chain
4lv6	nonantibody_chain
4lve	cdr_similar
4lvn	nonantibody_chain
4lvo	nonantibody_chain
4lvt	nonantibody_chain
4lwa	nonantibody_chain
4lwb	nonantibody_chain
4lwq	nonantibody_chain
4lxb	nonantibody_chain
4lxd	nonantibody_chain
4ly7	nonantibody_chain
4lyb	nonantibody_chain
4lyc	nonantibody_chain
4lyf	nonantibody_chain
4lyh	nonantibody_chain
4lyi	nonantibody_chain
4lyj	nonantibody_chain
4lym	nonantibody_chain
4lyn	nonantibody_chain
4lyo	nonantibody_chain
4lys	nonantibody_chain
4lyt	nonantibody_chain
4lyw	nonantibody_chain
4lyz	nonantibody_chain
4lzd	nonantibody_chain
4lzm	nonantibody_chain
4lzr	nonantibody_chain
4lzs	nonantibody_chain
4lzu	nonantibody_chain
4lzv	nonantibody_chain
4lzx	nonantibody_chain
4m0w	nonantibody_chain
4m1d	cdr_similar
4m1g	nonantibody_chain
4m1l	nonantibody_chain
4m1n	nonantibody_chain
4m1o	nonantibody_chain
4m1s	nonantibody_chain
4m1t	nonantibody_chain
4m1u	nonantibody_chain
4m1w	nonantibody_chain
4m1y	nonantibody_chain
4m21	nonantibody_chain
4m22	nonantibody_chain
4m2r	nonantibody_chain
4m2u	nonantibody_chain
4m2v	nonantibody_chain
4m2w	nonantibody_chain
4m38	nonantibody_chain
4m3j	released_antibody_only
4m3k	nonantibody_chain
4m43	cdr_similar
4m48	released
4m4a	nonantibody_chain
4m4b	nonantibody_chain
4m4c	nonantibody_chain
4m5s	nonantibody_chain
4m5t	nonantibody_chain
4m5y	cdr_similar
4m5z	nonantibody_chain
4m61	cdr_similar
4m62	nonantibody_chain
4m66	nonantibody_chain
4m68	nonantibody_chain
4m69	nonantibody_chain
4m6a	nonantibody_chain
4m6m	released_antibody_only
4m6n	released_antibody_only
4m6o	cdr_similar
4m76	nonantibody_chain
4m7g	nonantibody_chain
4m7j	cdr_similar
4m7k	cdr_similar
4m7l	nonantibody_chain
4m7u	nonantibody_chain
4m7v	nonantibody_chain
4m7z	cdr_similar
4m8q	nonantibody_chain
4m8v	nonantibody_chain
4m8x	nonantibody_chain
4m8y	nonantibody_chain
4m93	cdr_similar
4m9o	nonantibody_chain
4ma3	released_antibody_only
4ma7	nonantibody_chain
4ma8	nonantibody_chain
4mab	nonantibody_chain
4man	nonantibody_chain
4mau	cdr_similar
4may	nonantibody_chain
4mb6	nonantibody_chain
4mbe	nonantibody_chain
4mbf	nonantibody_chain
4mbh	nonantibody_chain
4mbj	nonantibody_chain
4mbk	nonantibody_chain
4mbo	nonantibody_chain
4mbp	nonantibody_chain
4mc1	nonantibody_chain
4mc2	nonantibody_chain
4mc6	nonantibody_chain
4mc9	nonantibody_chain
4md1	nonantibody_chain
4md2	nonantibody_chain
4mdg	nonantibody_chain
4mdk	nonantibody_chain
4mdl	nonantibody_chain
4mdm	nonantibody_chain
4mds	nonantibody_chain
4me5	nonantibody_chain
4men	nonantibody_chain
4meo	nonantibody_chain
4mep	nonantibody_chain
4meq	nonantibody_chain
4mez	nonantibody_chain
4mfh	nonantibody_chain
4mgi	nonantibody_chain
4mgk	nonantibody_chain
4mgv	nonantibody_chain
4mgy	nonantibody_chain
4mgz	nonantibody_chain
4mh0	nonantibody_chain
4mhe	nonantibody_chain
4mi1	nonantibody_chain
4mi8	nonantibody_chain
4mit	nonantibody_chain
4miu	nonantibody_chain
4mj5	nonantibody_chain
4mj6	nonantibody_chain
4mja	nonantibody_chain
4mjb	nonantibody_chain
4mjc	nonantibody_chain
4mje	nonantibody_chain
4mjh	nonantibody_chain
4mjx	nonantibody_chain
4mkn	nonantibody_chain
4ml7	nonantibody_chain
4mlf	nonantibody_chain
4mlt	nonantibody_chain
4mlx	nonantibody_chain
4mm3	nonantibody_chain
4mmq	nonantibody_chain
4mmr	nonantibody_chain
4mmt	nonantibody_chain
4mmu	nonantibody_chain
4mmv	nonantibody_chain
4mnf	nonantibody_chain
4mnh	nonantibody_chain
4mnq	nonantibody_chain
4mns	nonantibody_chain
4mnt	nonantibody_chain
4mnv	nonantibody_chain
4mnw	nonantibody_chain
4mnx	nonantibody_chain
4mny	nonantibody_chain
4mo3	nonantibody_chain
4mo8	nonantibody_chain
4mov	nonantibody_chain
4moy	nonantibody_chain
4mp0	nonantibody_chain
4mpu	nonantibody_chain
4mpv	nonantibody_chain
4mpw	nonantibody_chain
4mpx	nonantibody_chain
4mq7	nonantibody_chain
4mqa	nonantibody_chain
4mqc	nonantibody_chain
4mqg	nonantibody_chain
4mqh	nonantibody_chain
4mqi	nonantibody_chain
4mqs	released
4mqt	released
4mr1	nonantibody_chain
4mr3	nonantibody_chain
4mr4	nonantibody_chain
4mr5	nonantibody_chain
4mr6	nonantibody_chain
4ms8	nonantibody_chain
4msm	nonantibody_chain
4msq	nonantibody_chain
4msw	cdr_similar
4mt0	nonantibody_chain
4mtb	nonantibody_chain
4mtc	nonantibody_chain
4mty	nonantibody_chain
4mu8	nonantibody_chain
4mv1	nonantibody_chain
4mv3	nonantibody_chain
4mv4	nonantibody_chain
4mv6	nonantibody_chain
4mv7	nonantibody_chain
4mv8	nonantibody_chain
4mv9	nonantibody_chain
4mva	nonantibody_chain
4mvb	nonantibody_chain
4mvi	nonantibody_chain
4mvl	nonantibody_chain
4mx1	nonantibody_chain
4mx5	nonantibody_chain
4mx7	nonantibody_chain
4mxd	nonantibody_chain
4mxf	nonantibody_chain
4mxk	nonantibody_chain
4mxl	nonantibody_chain
4mxq	nonantibody_chain
4mys	nonantibody_chain
4mz5	nonantibody_chain
4mz6	nonantibody_chain
4mzb	nonantibody_chain
4mzc	nonantibody_chain
4mzd	nonantibody_chain
4mzg	nonantibody_chain
4mzi	nonantibody_chain
4mzs	nonantibody_chain
4n00	nonantibody_chain
4n0d	nonantibody_chain
4n0e	nonantibody_chain
4n0j	nonantibody_chain
4n0k	nonantibody_chain
4n0m	nonantibody_chain
4n0x	nonantibody_chain
4n0y	cdr_similar
4n0z	nonantibody_chain
4n10	nonantibody_chain
4n11	nonantibody_chain
4n12	nonantibody_chain
4n16	nonantibody_chain
4n19	nonantibody_chain
4n1c	nonantibody_chain
4n1h	nonantibody_chain
4n1m	nonantibody_chain
4n1n	nonantibody_chain
4n1o	nonantibody_chain
4n1p	nonantibody_chain
4n1q	nonantibody_chain
4n1r	nonantibody_chain
4n1s	nonantibody_chain
4n3d	nonantibody_chain
4n3w	nonantibody_chain
4n4c	nonantibody_chain
4n4f	nonantibody_chain
4n4h	nonantibody_chain
4n4i	nonantibody_chain
4n4w	nonantibody_chain
4n5d	nonantibody_chain
4n5e	nonantibody_chain
4n5j	nonantibody_chain
4n5k	nonantibody_chain
4n5r	nonantibody_chain
4n60	nonantibody_chain
4n61	nonantibody_chain
4n62	nonantibody_chain
4n63	nonantibody_chain
4n64	nonantibody_chain
4n6g	nonantibody_chain
4n6h	nonantibody_chain
4n79	nonantibody_chain
4n7g	nonantibody_chain
4n7i	nonantibody_chain
4n7j	nonantibody_chain
4n7m	nonantibody_chain
4n7u	nonantibody_chain
4n7y	nonantibody_chain
4n84	nonantibody_chain
4n8c	cdr_similar
4n8t	nonantibody_chain
4n8w	nonantibody_chain
4n8z	nonantibody_chain
4n92	nonantibody_chain
4n9k	nonantibody_chain
4n9l	nonantibody_chain
4n9o	nonantibody_chain
4n9p	nonantibody_chain
4n9r	nonantibody_chain
4n9t	nonantibody_chain
4na7	nonantibody_chain
4na8	nonantibody_chain
4na9	nonantibody_chain
4nbk	nonantibody_chain
4nbl	nonantibody_chain
4nbn	nonantibody_chain
4nbx	nonantibody_chain
4nby	nonantibody_chain
4nbz	nonantibody_chain
4nc0	nonantibody_chain
4nc1	nonantibody_chain
4nc2	released
4nc3	nonantibody_chain
4ncc	cdr_similar
4ncv	nonantibody_chain
4ncw	nonantibody_chain
4ncy	nonantibody_chain
4ndj	nonantibody_chain
4ndk	nonantibody_chain
4ndm	nonantibody_chain
4ndx	nonantibody_chain
4ne3	nonantibody_chain
4ne5	nonantibody_chain
4ne6	nonantibody_chain
4neb	nonantibody_chain
4neu	nonantibody_chain
4nev	nonantibody_chain
4new	nonantibody_chain
4nfe	nonantibody_chain
4nff	nonantibody_chain
4nfg	nonantibody_chain
4nfv	nonantibody_chain
4ng1	nonantibody_chain
4ng8	nonantibody_chain
4ng9	nonantibody_chain
4nga	nonantibody_chain
4ngh	nonantibody_chain
4ngi	nonantibody_chain
4ngj	nonantibody_chain
4ngk	nonantibody_chain
4ngl	nonantibody_chain
4ngo	nonantibody_chain
4ngv	nonantibody_chain
4ngw	nonantibody_chain
4ngy	nonantibody_chain
4ngz	nonantibody_chain
4nhc	nonantibody_chain
4nhi	nonantibody_chain
4nhp	nonantibody_chain
4nhq	nonantibody_chain
4nhs	nonantibody_chain
4nht	nonantibody_chain
4ni0	nonantibody_chain
4ni1	nonantibody_chain
4nij	nonantibody_chain
4niv	nonantibody_chain
4niw	nonantibody_chain
4nix	nonantibody_chain
4niz	nonantibody_chain
4nj2	nonantibody_chain
4nj9	cdr_similar
4nja	cdr_similar
4njd	nonantibody_chain
4njs	nonantibody_chain
4njt	nonantibody_chain
4nju	nonantibody_chain
4njv	nonantibody_chain
4nk9	nonantibody_chain
4nka	nonantibody_chain
4nki	cdr_similar
4nkj	nonantibody_chain
4nkk	nonantibody_chain
4nkl	nonantibody_chain
4nks	nonantibody_chain
4nld	nonantibody_chain
4nli	nonantibody_chain
4nlj	nonantibody_chain
4nm0	nonantibody_chain
4nm3	nonantibody_chain
4nm4	released_antibody_only
4nm5	nonantibody_chain
4nm7	nonantibody_chain
4nmm	nonantibody_chain
4nmu	nonantibody_chain
4nmx	nonantibody_chain
4nmz	nonantibody_chain
4nnx	nonantibody_chain
4nny	nonantibody_chain
4no0	nonantibody_chain
4no2	nonantibody_chain
4no3	nonantibody_chain
4no4	nonantibody_chain
4no5	nonantibody_chain
4np5	nonantibody_chain
4npb	nonantibody_chain
4npd	nonantibody_chain
4npe	nonantibody_chain
4npn	nonantibody_chain
4npt	nonantibody_chain
4npu	nonantibody_chain
4npy	cdr_similar
4nql	nonantibody_chain
4nqm	nonantibody_chain
4nqs	nonantibody_chain
4nqt	nonantibody_chain
4nqu	nonantibody_chain
4nr3	nonantibody_chain
4nr8	nonantibody_chain
4nrg	nonantibody_chain
4nri	nonantibody_chain
4nry	cdr_similar
4nrz	released_antibody_only
4ns2	nonantibody_chain
4nse	nonantibody_chain
4nsg	nonantibody_chain
4nsh	nonantibody_chain
4nsi	nonantibody_chain
4nsj	nonantibody_chain
4nsk	nonantibody_chain
4nt6	nonantibody_chain
4ntj	nonantibody_chain
4nts	nonantibody_chain
4ntt	nonantibody_chain
4ntw	nonantibody_chain
4ntx	nonantibody_chain
4nty	nonantibody_chain
4nu1	nonantibody_chain
4nuc	nonantibody_chain
4nud	nonantibody_chain
4nue	nonantibody_chain
4nug	released_antibody_only
4nuj	released_antibody_only
4nvt	nonantibody_chain
4nw2	nonantibody_chain
4nwe	nonantibody_chain
4nwh	nonantibody_chain
4nwt	cdr_similar
4nwu	cdr_similar
4nx6	nonantibody_chain
4nx7	nonantibody_chain
4nxa	nonantibody_chain
4nxc	nonantibody_chain
4ny5	nonantibody_chain
4nyi	nonantibody_chain
4nyj	nonantibody_chain
4nym	nonantibody_chain
4nzl	nonantibody_chain
4nzq	nonantibody_chain
4nzr	released
4nzt	cdr_similar
4nzu	released_antibody_only
4nzw	nonantibody_chain
4o03	nonantibody_chain
4o0s	nonantibody_chain
4o0u	nonantibody_chain
4o0v	nonantibody_chain
4o0w	nonantibody_chain
4o0x	nonantibody_chain
4o0y	nonantibody_chain
4o21	nonantibody_chain
4o22	nonantibody_chain
4o27	nonantibody_chain
4o2c	nonantibody_chain
4o2e	nonantibody_chain
4o2f	nonantibody_chain
4o2z	nonantibody_chain
4o30	nonantibody_chain
4o34	nonantibody_chain
4o36	nonantibody_chain
4o37	nonantibody_chain
4o3t	nonantibody_chain
4o3u	nonantibody_chain
4o42	nonantibody_chain
4o45	nonantibody_chain
4o4b	nonantibody_chain
4o4v	nonantibody_chain
4o4w	nonantibody_chain
4o4y	released
4o50	nonantibody_chain
4o52	nonantibody_chain
4o53	nonantibody_chain
4o54	nonantibody_chain
4o57	nonantibody_chain
4o58	nonantibody_chain
4o5l	cdr_untransferred
4o5n	nonantibody_chain
4o5r	nonantibody_chain
4o6b	nonantibody_chain
4o6q	nonantibody_chain
4o6s	nonantibody_chain
4o6t	nonantibody_chain
4o6u	nonantibody_chain
4o70	nonantibody_chain
4o71	nonantibody_chain
4o72	nonantibody_chain
4o74	nonantibody_chain
4o75	nonantibody_chain
4o76	nonantibody_chain
4o77	nonantibody_chain
4o78	nonantibody_chain
4o7a	nonantibody_chain
4o7b	nonantibody_chain
4o7c	nonantibody_chain
4o7e	nonantibody_chain
4o7f	nonantibody_chain
4o8h	nonantibody_chain
4o8i	nonantibody_chain
4o97	nonantibody_chain
4o9h	released
4o9r	nonantibody_chain
4o9v	nonantibody_chain
4oaa	nonantibody_chain
4oaw	cdr_similar
4ob5	cdr_similar
4obc	nonantibody_chain
4obd	nonantibody_chain
4obe	nonantibody_chain
4obf	nonantibody_chain
4obg	nonantibody_chain
4obh	nonantibody_chain
4obj	nonantibody_chain
4obk	nonantibody_chain
4obo	nonantibody_chain
4obp	nonantibody_chain
4obq	nonantibody_chain
4obt	nonantibody_chain
4oce	nonantibody_chain
4ocl	released
4ocm	released
4ocn	released
4ocr	cdr_similar
4ocs	released_antibody_only
4ocw	released_antibody_only
4ocx	cdr_similar
4ocy	cdr_similar
4ocz	nonantibody_chain
4od0	nonantibody_chain
4od1	cdr_similar
4od2	cdr_similar
4od3	released_antibody_only
4od7	nonantibody_chain
4odc	nonantibody_chain
4odg	nonantibody_chain
4odh	cdr_similar
4ods	cdr_similar
4odt	cdr_similar
4odu	cdr_similar
4odv	cdr_similar
4odw	cdr_similar
4odx	nonantibody_chain
4of9	nonantibody_chain
4oga	cdr_similar
4ogf	nonantibody_chain
4ogi	nonantibody_chain
4ogj	nonantibody_chain
4ogs	nonantibody_chain
4ogw	nonantibody_chain
4ogx	nonantibody_chain
4ohq	nonantibody_chain
4oig	nonantibody_chain
4oih	nonantibody_chain
4ojf	cdr_similar
4ojk	nonantibody_chain
4ojt	nonantibody_chain
4okf	nonantibody_chain
4okv	cdr_similar
4ol7	nonantibody_chain
4olj	nonantibody_chain
4olu	released
4olv	released
4olw	released
4olx	released
4oly	released
4olz	released
4om0	released
4om1	released
4om4	nonantibody_chain
4om5	nonantibody_chain
4omw	nonantibody_chain
4omx	nonantibody_chain
4onf	cdr_similar
4ong	nonantibody_chain
4onh	nonantibody_chain
4onl	nonantibody_chain
4onm	nonantibody_chain
4onn	nonantibody_chain
4ono	nonantibody_chain
4oo4	nonantibody_chain
4oo5	nonantibody_chain
4oo6	nonantibody_chain
4ood	nonantibody_chain
4ooh	nonantibody_chain
4ooo	nonantibody_chain
4oot	nonantibody_chain
4op5	nonantibody_chain
4op8	nonantibody_chain
4opq	nonantibody_chain
4opr	nonantibody_chain
4opy	nonantibody_chain
4opz	nonantibody_chain
4oq0	nonantibody_chain
4oq4	nonantibody_chain
4oq5	nonantibody_chain
4oq6	nonantibody_chain
4oqh	nonantibody_chain
4oqi	nonantibody_chain
4oqt	cdr_similar
4or2	nonantibody_chain
4or7	nonantibody_chain
4or9	nonantibody_chain
4ora	nonantibody_chain
4orb	nonantibody_chain
4orc	nonantibody_chain
4orn	nonantibody_chain
4orz	cdr_untransferred
4os1	nonantibody_chain
4os2	nonantibody_chain
4os4	nonantibody_chain
4os5	nonantibody_chain
4os6	nonantibody_chain
4os7	nonantibody_chain
4osg	nonantibody_chain
4osu	cdr_similar
4ot1	cdr_similar
4ot2	nonantibody_chain
4ot4	nonantibody_chain
4otx	cdr_similar
4ouu	cdr_similar
4ov0	nonantibody_chain
4ov6	nonantibody_chain
4ovo	nonantibody_chain
4owa	nonantibody_chain
4owb	nonantibody_chain
4owc	nonantibody_chain
4owe	nonantibody_chain
4owg	nonantibody_chain
4owh	nonantibody_chain
4owi	nonantibody_chain
4oy3	nonantibody_chain
4oy4	nonantibody_chain
4oz4	cdr_similar
4oza	nonantibody_chain
4ozb	nonantibody_chain
4ozc	nonantibody_chain
4ozf	nonantibody_chain
4p0f	nonantibody_chain
4p0o	nonantibody_chain
4p1q	nonantibody_chain
4p2e	nonantibody_chain
4p2g	nonantibody_chain
4p2k	nonantibody_chain
4p2o	nonantibody_chain
4p34	nonantibody_chain
4p35	nonantibody_chain
4p36	nonantibody_chain
4p3c	cdr_similar
4p3d	cdr_similar
4p3y	nonantibody_chain
4p4c	nonantibody_chain
4p4q	nonantibody_chain
4p54	nonantibody_chain
4p5q	nonantibody_chain
4p5z	nonantibody_chain
4p61	nonantibody_chain
4p66	nonantibody_chain
4p68	nonantibody_chain
4p6e	nonantibody_chain
4p6g	nonantibody_chain
4p76	nonantibody_chain
4p7u	nonantibody_chain
4p9h	nonantibody_chain
4p9m	released_antibody_only
4pad	nonantibody_chain
4pam	nonantibody_chain
4pan	nonantibody_chain
4pao	nonantibody_chain
4paq	nonantibody_chain
4pb0	cdr_similar
4pb9	cdr_similar
4pc8	nonantibody_chain
4pce	nonantibody_chain
4pcf	nonantibody_chain
4pci	nonantibody_chain
4pdc	nonantibody_chain
4pdj	nonantibody_chain
4pdo	nonantibody_chain
4pdz	nonantibody_chain
4pe0	nonantibody_chain
4pe1	nonantibody_chain
4pe4	nonantibody_chain
4pe7	nonantibody_chain
4per	nonantibody_chain
4pf4	nonantibody_chain
4pfe	cdr_similar
4pfk	nonantibody_chain
4pg2	nonantibody_chain
4pg9	nonantibody_chain
4pga	nonantibody_chain
4pgb	nonantibody_chain
4pgd	nonantibody_chain
4pge	nonantibody_chain
4pgj	nonantibody_chain
4pgt	nonantibody_chain
4phi	nonantibody_chain
4phv	nonantibody_chain
4pi3	nonantibody_chain
4pig	nonantibody_chain
4pih	nonantibody_chain
4pij	nonantibody_chain
4pix	nonantibody_chain
4piy	nonantibody_chain
4piz	nonantibody_chain
4pj8	nonantibody_chain
4pj9	nonantibody_chain
4pjj	nonantibody_chain
4pjy	nonantibody_chain
4pjz	nonantibody_chain
4pk0	nonantibody_chain
4pli	nonantibody_chain
4pll	nonantibody_chain
4pm0	nonantibody_chain
4pm5	nonantibody_chain
4pm6	nonantibody_chain
4pm7	nonantibody_chain
4pm8	nonantibody_chain
4pm9	nonantibody_chain
4pma	nonantibody_chain
4pmb	nonantibody_chain
4pmc	nonantibody_chain
4pmm	nonantibody_chain
4pmp	nonantibody_chain
4pms	nonantibody_chain
4pmt	nonantibody_chain
4pnj	nonantibody_chain
4pny	nonantibody_chain
4po0	nonantibody_chain
4pob	nonantibody_chain
4poc	nonantibody_chain
4pod	nonantibody_chain
4pok	nonantibody_chain
4pol	nonantibody_chain
4pom	nonantibody_chain
4pou	nonantibody_chain
4poy	cdr_similar
4poz	cdr_similar
4pp7	nonantibody_chain
4pp8	nonantibody_chain
4ppi	nonantibody_chain
4ppj	nonantibody_chain
4ppk	nonantibody_chain
4ppl	nonantibody_chain
4ppo	nonantibody_chain
4ppt	cdr_similar
4pq6	nonantibody_chain
4pq7	nonantibody_chain
4pqb	nonantibody_chain
4pqc	nonantibody_chain
4pqt	nonantibody_chain
4pr5	nonantibody_chain
4pra	nonantibody_chain
4prb	nonantibody_chain
4prd	nonantibody_chain
4pre	nonantibody_chain
4prh	nonantibody_chain
4pri	nonantibody_chain
4prj	nonantibody_chain
4prn	nonantibody_chain
4prp	nonantibody_chain
4prq	nonantibody_chain
4pru	nonantibody_chain
4pry	nonantibody_chain
4prz	nonantibody_chain
4ps0	nonantibody_chain
4ps1	nonantibody_chain
4ps3	nonantibody_chain
4ps4	cdr_similar
4ps5	nonantibody_chain
4ps7	nonantibody_chain
4ps8	nonantibody_chain
4pss	nonantibody_chain
4pst	nonantibody_chain
4psw	nonantibody_chain
4psy	nonantibody_chain
4pt6	nonantibody_chain
4ptd	nonantibody_chain
4pte	nonantibody_chain
4ptg	nonantibody_chain
4ptt	cdr_similar
4ptu	cdr_similar
4pub	cdr_similar
4puz	nonantibody_chain
4pv0	nonantibody_chain
4pv8	nonantibody_chain
4pv9	nonantibody_chain
4pvg	nonantibody_chain
4pvz	nonantibody_chain
4px6	nonantibody_chain
4pxf	nonantibody_chain
4pxk	nonantibody_chain
4pxx	nonantibody_chain
4pxz	nonantibody_chain
4py0	nonantibody_chain
4py7	cdr_similar
4py8	nonantibody_chain
4pyw	nonantibody_chain
4pyx	nonantibody_chain
4pyy	nonantibody_chain
4pzh	nonantibody_chain
4pzw	nonantibody_chain
4pzx	nonantibody_chain
4pzy	nonantibody_chain
4pzz	nonantibody_chain
4q01	nonantibody_chain
4q02	nonantibody_chain
4q03	nonantibody_chain
4q06	nonantibody_chain
4q07	nonantibody_chain
4q08	nonantibody_chain
4q09	nonantibody_chain
4q0x	nonantibody_chain
4q1p	nonantibody_chain
4q1r	nonantibody_chain
4q1w	nonantibody_chain
4q1x	nonantibody_chain
4q1y	nonantibody_chain
4q26	nonantibody_chain
4q27	nonantibody_chain
4q2f	nonantibody_chain
4q2k	nonantibody_chain
4q2r	nonantibody_chain
4q2v	nonantibody_chain
4q2z	cdr_similar
4q49	nonantibody_chain
4q4l	nonantibody_chain
4q57	nonantibody_chain
4q5e	nonantibody_chain
4q5f	nonantibody_chain
4q5h	nonantibody_chain
4q5m	nonantibody_chain
4q5n	nonantibody_chain
4q5p	nonantibody_chain
4q5q	nonantibody_chain
4q5u	nonantibody_chain
4q67	nonantibody_chain
4q6a	nonantibody_chain
4q6d	nonantibody_chain
4q6e	nonantibody_chain
4q6y	nonantibody_chain
4q74	nonantibody_chain
4q78	nonantibody_chain
4q7d	nonantibody_chain
4q7p	nonantibody_chain
4q7r	nonantibody_chain
4q7s	nonantibody_chain
4q7t	nonantibody_chain
4q7u	nonantibody_chain
4q7v	nonantibody_chain
4q7w	nonantibody_chain
4q7x	nonantibody_chain
4q7y	nonantibody_chain
4q7z	nonantibody_chain
4q80	nonantibody_chain
4q81	nonantibody_chain
4q83	nonantibody_chain
4q87	nonantibody_chain
4q8i	nonantibody_chain
4q8x	nonantibody_chain
4q8y	nonantibody_chain
4q8z	nonantibody_chain
4q90	nonantibody_chain
4q99	nonantibody_chain
4q9w	nonantibody_chain
4q9x	nonantibody_chain
4q9y	nonantibody_chain
4qaf	nonantibody_chain
4qah	nonantibody_chain
4qao	nonantibody_chain
4qap	nonantibody_chain
4qau	nonantibody_chain
4qaz	nonantibody_chain
4qb0	nonantibody_chain
4qb3	nonantibody_chain
4qb4	nonantibody_chain
4qb8	nonantibody_chain
4qbe	nonantibody_chain
4qbw	nonantibody_chain
4qc1	nonantibody_chain
4qef	nonantibody_chain
4qeq	nonantibody_chain
4qeu	nonantibody_chain
4qev	nonantibody_chain
4qew	nonantibody_chain
4qez	nonantibody_chain
4qf4	nonantibody_chain
4qfi	nonantibody_chain
4qfj	nonantibody_chain
4qgi	nonantibody_chain
4qgk	nonantibody_chain
4qgt	nonantibody_chain
4qgy	released_antibody_only
4qgz	nonantibody_chain
4qh3	nonantibody_chain
4qhc	nonantibody_chain
4qhl	cdr_similar
4qhn	released_antibody_only
4qi1	nonantibody_chain
4qi9	nonantibody_chain
4qib	nonantibody_chain
4qid	nonantibody_chain
4qim	nonantibody_chain
4qin	nonantibody_chain
4qip	nonantibody_chain
4qiq	nonantibody_chain
4qiz	nonantibody_chain
4qj2	nonantibody_chain
4qj6	nonantibody_chain
4qj7	nonantibody_chain
4qj8	nonantibody_chain
4qj9	nonantibody_chain
4qja	nonantibody_chain
4qjm	nonantibody_chain
4qjp	nonantibody_chain
4qjx	nonantibody_chain
4qjz	nonantibody_chain
4qk1	nonantibody_chain
4qk2	nonantibody_chain
4qk3	nonantibody_chain
4qkt	nonantibody_chain
4qkx	cdr_similar
4ql1	nonantibody_chain
4ql3	nonantibody_chain
4ql7	nonantibody_chain
4ql9	nonantibody_chain
4qle	nonantibody_chain
4qlf	nonantibody_chain
4qlg	nonantibody_chain
4qlh	nonantibody_chain
4qli	nonantibody_chain
4qlr	released_antibody_only
4qlw	nonantibody_chain
4qml	nonantibody_chain
4qmm	nonantibody_chain
4qmn	nonantibody_chain
4qmo	nonantibody_chain
4qmp	nonantibody_chain
4qmq	nonantibody_chain
4qms	nonantibody_chain
4qmt	nonantibody_chain
4qmu	nonantibody_chain
4qmv	nonantibody_chain
4qmw	nonantibody_chain
4qmx	nonantibody_chain
4qmy	nonantibody_chain
4qmz	nonantibody_chain
4qna	nonantibody_chain
4qnh	nonantibody_chain
4qo1	nonantibody_chain
4qo9	nonantibody_chain
4qok	nonantibody_chain
4qot	nonantibody_chain
4qpl	nonantibody_chain
4qq5	nonantibody_chain
4qqc	nonantibody_chain
4qqe	nonantibody_chain
4qqj	nonantibody_chain
4qqt	nonantibody_chain
4qr3	nonantibody_chain
4qr4	nonantibody_chain
4qr5	nonantibody_chain
4qrc	nonantibody_chain
4qrg	nonantibody_chain
4qrq	nonantibody_chain
4qrr	nonantibody_chain
4qrs	nonantibody_chain
4qrt	nonantibody_chain
4qru	nonantibody_chain
4qrv	nonantibody_chain
4qrx	nonantibody_chain
4qsa	nonantibody_chain
4qsb	nonantibody_chain
4qsi	nonantibody_chain
4qsj	nonantibody_chain
4qt2	nonantibody_chain
4qt3	nonantibody_chain
4qt5	cdr_similar
4qtd	nonantibody_chain
4qth	released_antibody_only
4qti	released
4qtl	nonantibody_chain
4qtx	nonantibody_chain
4qty	nonantibody_chain
4qu0	nonantibody_chain
4qu3	nonantibody_chain
4qu5	nonantibody_chain
4qu8	nonantibody_chain
4qu9	nonantibody_chain
4qua	nonantibody_chain
4qub	nonantibody_chain
4qud	nonantibody_chain
4que	nonantibody_chain
4quf	nonantibody_chain
4qug	nonantibody_chain
4quh	nonantibody_chain
4qui	nonantibody_chain
4quj	nonantibody_chain
4qul	nonantibody_chain
4qum	nonantibody_chain
4qun	nonantibody_chain
4quu	nonantibody_chain
4qve	nonantibody_chain
4qvf	nonantibody_chain
4qvx	nonantibody_chain
4qwn	nonantibody_chain
4qx7	nonantibody_chain
4qx8	nonantibody_chain
4qxb	nonantibody_chain
4qxc	nonantibody_chain
4qxg	cdr_similar
4qxh	nonantibody_chain
4qxt	cdr_similar
4qxu	cdr_similar
4qy3	nonantibody_chain
4qy4	nonantibody_chain
4qy5	nonantibody_chain
4qy6	nonantibody_chain
4qy8	cdr_similar
4qy9	nonantibody_chain
4qyd	nonantibody_chain
4qye	nonantibody_chain
4qyf	nonantibody_chain
4qyg	nonantibody_chain
4qyh	nonantibody_chain
4qyl	nonantibody_chain
4qyo	cdr_similar
4qzs	nonantibody_chain
4r0b	nonantibody_chain
4r0f	nonantibody_chain
4r0i	nonantibody_chain
4r0n	nonantibody_chain
4r0x	nonantibody_chain
4r26	cdr_similar
4r3b	nonantibody_chain
4r3p	nonantibody_chain
4r3r	nonantibody_chain
4r3s	cdr_similar
4r4f	cdr_similar
4r4h	nonantibody_chain
4r4r	nonantibody_chain
4r4s	nonantibody_chain
4r59	nonantibody_chain
4r5a	nonantibody_chain
4r5b	nonantibody_chain
4r5n	nonantibody_chain
4r5r	nonantibody_chain
4r5s	nonantibody_chain
4r5u	nonantibody_chain
4r5y	nonantibody_chain
4r62	nonantibody_chain
4r6b	nonantibody_chain
4r6c	nonantibody_chain
4r6d	nonantibody_chain
4r6v	nonantibody_chain
4r8g	nonantibody_chain
4r8n	nonantibody_chain
4r8w	nonantibody_chain
4r8y	nonantibody_chain
4r90	released_antibody_only
4r91	nonantibody_chain
4r92	nonantibody_chain
4r93	nonantibody_chain
4r95	nonantibody_chain
4r97	cdr_similar
4r9h	nonantibody_chain
4r9w	nonantibody_chain
4ra3	nonantibody_chain
4rah	nonantibody_chain
4rat	nonantibody_chain
4rav	cdr_untransferred
4rbp	cdr_similar
4rcd	nonantibody_chain
4rce	nonantibody_chain
4rcf	nonantibody_chain
4rcx	nonantibody_chain
4rds	nonantibody_chain
4rf0	nonantibody_chain
4rf1	nonantibody_chain
4rfb	nonantibody_chain
4rfc	nonantibody_chain
4rfd	nonantibody_chain
4rfo	cdr_similar
4rg2	nonantibody_chain
4rg5	nonantibody_chain
4rgc	nonantibody_chain
4rgo	cdr_untransferred
4rgt	nonantibody_chain
4rh2	nonantibody_chain
4rh5	nonantibody_chain
4rh9	nonantibody_chain
4rhg	nonantibody_chain
4ri4	nonantibody_chain
4ri5	nonantibody_chain
4rir	cdr_similar
4ris	nonantibody_chain
4riu	nonantibody_chain
4riv	nonantibody_chain
4rj3	nonantibody_chain
4rj4	nonantibody_chain
4rj5	nonantibody_chain
4rj6	nonantibody_chain
4rj7	nonantibody_chain
4rj8	nonantibody_chain
4rjd	nonantibody_chain
4rkb	nonantibody_chain
4rkc	nonantibody_chain
4rki	nonantibody_chain
4rkj	nonantibody_chain
4rkl	nonantibody_chain
4rko	nonantibody_chain
4rkw	nonantibody_chain
4rky	nonantibody_chain
4rlk	nonantibody_chain
4rll	nonantibody_chain
4rlm	nonantibody_chain
4rln	nonantibody_chain
4rlo	nonantibody_chain
4rlp	nonantibody_chain
4rma	nonantibody_chain
4rmb	nonantibody_chain
4rmq	nonantibody_chain
4rmr	nonantibody_chain
4rms	nonantibody_chain
4rmt	nonantibody_chain
4rmu	nonantibody_chain
4rmv	nonantibody_chain
4rmw	nonantibody_chain
4rn4	nonantibody_chain
4rn6	nonantibody_chain
4rnc	nonantibody_chain
4rnr	released_antibody_only
4rnt	nonantibody_chain
4rol	nonantibody_chain
4rom	nonantibody_chain
4rqg	nonantibody_chain
4rqk	nonantibody_chain
4rqr	nonantibody_chain
4rqs	nonantibody_chain
4rqv	nonantibody_chain
4rqx	nonantibody_chain
4rrn	nonantibody_chain
4rro	nonantibody_chain
4rrs	nonantibody_chain
4rrv	nonantibody_chain
4rsd	nonantibody_chain
4rsg	nonantibody_chain
4rsk	nonantibody_chain
4rsp	nonantibody_chain
4rss	nonantibody_chain
4rsz	nonantibody_chain
4rtc	nonantibody_chain
4rte	nonantibody_chain
4rux	nonantibody_chain
4ruy	nonantibody_chain
4ruz	nonantibody_chain
4rv3	nonantibody_chain
4rva	nonantibody_chain
4rvc	nonantibody_chain
4rvi	nonantibody_chain
4rvj	nonantibody_chain
4rvk	nonantibody_chain
4rvl	nonantibody_chain
4rvm	nonantibody_chain
4rvt	nonantibody_chain
4rvx	nonantibody_chain
4rw1	nonantibody_chain
4rw2	nonantibody_chain
4rwa	nonantibody_chain
4rwd	nonantibody_chain
4rwi	nonantibody_chain
4rwj	nonantibody_chain
4rwk	nonantibody_chain
4rwl	nonantibody_chain
4rwy	released
4rx3	nonantibody_chain
4rx7	nonantibody_chain
4rx8	nonantibody_chain
4rx9	nonantibody_chain
4rys	nonantibody_chain
4ryw	nonantibody_chain
4rzc	released_antibody_only
4rzq	nonantibody_chain
4rzv	nonantibody_chain
4rzw	nonantibody_chain
4s0g	nonantibody_chain
4s0q	nonantibody_chain
4s0u	nonantibody_chain
4s0w	nonantibody_chain
4s0z	nonantibody_chain
4s10	released
4s11	released_antibody_only
4s18	nonantibody_chain
4s1e	nonantibody_chain
4s1j	nonantibody_chain
4s1q	released
4s1r	released
4s1s	released
4s1y	nonantibody_chain
4s1z	nonantibody_chain
4s22	nonantibody_chain
4s2d	nonantibody_chain
4s2f	nonantibody_chain
4s2g	nonantibody_chain
4s2h	nonantibody_chain
4s2i	nonantibody_chain
4s2s	cdr_similar
4s3g	nonantibody_chain
4s3i	nonantibody_chain
4s3o	nonantibody_chain
4s3s	nonantibody_chain
4srn	nonantibody_chain
4thn	nonantibody_chain
4tim	nonantibody_chain
4tkp	nonantibody_chain
4tks	nonantibody_chain
4tky	nonantibody_chain
4tl0	nonantibody_chain
4tl3	nonantibody_chain
4tlj	nonantibody_chain
4tlr	nonantibody_chain
4tmf	nonantibody_chain
4tn2	nonantibody_chain
4tn7	nonantibody_chain
4tn8	nonantibody_chain
4tnb	nonantibody_chain
4tnc	nonantibody_chain
4tnd	nonantibody_chain
4tns	nonantibody_chain
4tot	nonantibody_chain
4toy	cdr_similar
4tpi	nonantibody_chain
4tpr	cdr_similar
4tpw	nonantibody_chain
4tpy	nonantibody_chain
4tq9	nonantibody_chain
4tqa	nonantibody_chain
4tqb	nonantibody_chain
4tqc	nonantibody_chain
4tqe	cdr_similar
4tr0	nonantibody_chain
4tr1	nonantibody_chain
4trd	nonantibody_chain
4trl	nonantibody_chain
4trp	cdr_similar
4tsa	nonantibody_chain
4tsb	nonantibody_chain
4tsc	nonantibody_chain
4tsv	nonantibody_chain
4tt7	nonantibody_chain
4tth	nonantibody_chain
4tu5	nonantibody_chain
4tuj	cdr_similar
4tuk	nonantibody_chain
4tul	nonantibody_chain
4tun	nonantibody_chain
4tuo	cdr_similar
4tuu	nonantibody_chain
4tv3	nonantibody_chain
4tvg	nonantibody_chain
4tvh	nonantibody_chain
4tvs	released
4twi	nonantibody_chain
4twj	nonantibody_chain
4twn	nonantibody_chain
4two	nonantibody_chain
4twp	nonantibody_chain
4twr	nonantibody_chain
4tws	nonantibody_chain
4twt	nonantibody_chain
4twu	nonantibody_chain
4twv	nonantibody_chain
4tww	nonantibody_chain
4twy	nonantibody_chain
4txc	nonantibody_chain
4ty6	nonantibody_chain
4ty7	nonantibody_chain
4tye	nonantibody_chain
4tyg	nonantibody_chain
4tyi	nonantibody_chain
4tyj	nonantibody_chain
4tyo	nonantibody_chain
4tyu	released_antibody_only
4tyx	nonantibody_chain
4tza	nonantibody_chain
4u05	released_antibody_only
4u1h	nonantibody_chain
4u1i	nonantibody_chain
4u1j	nonantibody_chain
4u1k	nonantibody_chain
4u1l	nonantibody_chain
4u1m	nonantibody_chain
4u1n	nonantibody_chain
4u1s	nonantibody_chain
4u2w	nonantibody_chain
4u32	nonantibody_chain
4u3x	nonantibody_chain
4u3y	nonantibody_chain
4u3z	nonantibody_chain
4u40	nonantibody_chain
4u41	nonantibody_chain
4u42	nonantibody_chain
4u43	nonantibody_chain
4u44	nonantibody_chain
4u45	nonantibody_chain
4u54	nonantibody_chain
4u58	nonantibody_chain
4u5l	nonantibody_chain
4u5n	nonantibody_chain
4u5o	nonantibody_chain
4u5s	nonantibody_chain
4u5u	nonantibody_chain
4u5v	nonantibody_chain
4u5x	nonantibody_chain
4u68	nonantibody_chain
4u6g	nonantibody_chain
4u6x	nonantibody_chain
4u6y	nonantibody_chain
4u79	nonantibody_chain
4u7q	nonantibody_chain
4u7s	released_antibody_only
4u7v	nonantibody_chain
4u7z	nonantibody_chain
4u80	nonantibody_chain
4u81	nonantibody_chain
4u84	nonantibody_chain
4u85	nonantibody_chain
4u86	nonantibody_chain
4u8w	nonantibody_chain
4u8z	nonantibody_chain
4u9d	nonantibody_chain
4u9e	nonantibody_chain
4ua6	nonantibody_chain
4ua7	nonantibody_chain
4ua9	nonantibody_chain
4uaa	nonantibody_chain
4uaf	nonantibody_chain
4uai	nonantibody_chain
4uak	nonantibody_chain
4ual	nonantibody_chain
4uao	released
4ub0	cdr_similar
4ub7	nonantibody_chain
4uba	nonantibody_chain
4ubg	nonantibody_chain
4ubh	nonantibody_chain
4udt	nonantibody_chain
4udu	nonantibody_chain
4udw	nonantibody_chain
4ue7	nonantibody_chain
4ue8	nonantibody_chain
4ue9	nonantibody_chain
4uea	nonantibody_chain
4ueb	nonantibody_chain
4uec	nonantibody_chain
4ued	nonantibody_chain
4ueh	nonantibody_chain
4uel	nonantibody_chain
4uf3	nonantibody_chain
4ufd	nonantibody_chain
4ufe	nonantibody_chain
4ug2	nonantibody_chain
4ug5	nonantibody_chain
4ug6	nonantibody_chain
4ug7	nonantibody_chain
4ug8	nonantibody_chain
4ug9	nonantibody_chain
4uga	nonantibody_chain
4ugb	nonantibody_chain
4ugc	nonantibody_chain
4ugd	nonantibody_chain
4uge	nonantibody_chain
4ugf	nonantibody_chain
4ugg	nonantibody_chain
4ugh	nonantibody_chain
4ugi	nonantibody_chain
4ugj	nonantibody_chain
4ugk	nonantibody_chain
4ugl	nonantibody_chain
4ugm	nonantibody_chain
4ugn	nonantibody_chain
4ugo	nonantibody_chain
4ugp	nonantibody_chain
4ugq	nonantibody_chain
4ugr	nonantibody_chain
4ugs	nonantibody_chain
4ugt	nonantibody_chain
4ugu	nonantibody_chain
4ugv	nonantibody_chain
4ugw	nonantibody_chain
4ugx	nonantibody_chain
4ugy	nonantibody_chain
4uh7	nonantibody_chain
4uh8	nonantibody_chain
4uh9	nonantibody_chain
4uha	nonantibody_chain
4uhr	nonantibody_chain
4uhu	nonantibody_chain
4uik	cdr_similar
4uil	cdr_similar
4uin	cdr_similar
4uio	nonantibody_chain
4uip	nonantibody_chain
4uix	nonantibody_chain
4uiy	nonantibody_chain
4uiz	nonantibody_chain
4uj1	nonantibody_chain
4uj2	nonantibody_chain
4uj9	nonantibody_chain
4uja	nonantibody_chain
4ujb	nonantibody_chain
4ull	nonantibody_chain
4ulx	nonantibody_chain
4umo	nonantibody_chain
4umx	nonantibody_chain
4umy	nonantibody_chain
4un2	nonantibody_chain
4unk	nonantibody_chain
4unl	nonantibody_chain
4unt	cdr_similar
4unu	cdr_similar
4unv	cdr_similar
4uo4	nonantibody_chain
4uo6	nonantibody_chain
4uo8	nonantibody_chain
4uo9	nonantibody_chain
4uoa	nonantibody_chain
4up0	nonantibody_chain
4upj	nonantibody_chain
4upq	nonantibody_chain
4upr	nonantibody_chain
4ups	nonantibody_chain
4upt	nonantibody_chain
4upu	nonantibody_chain
4uq2	nonantibody_chain
4uq3	nonantibody_chain
4uqr	nonantibody_chain
4uqs	nonantibody_chain
4urk	nonantibody_chain
4uru	nonantibody_chain
4urv	nonantibody_chain
4urw	nonantibody_chain
4urx	nonantibody_chain
4ury	nonantibody_chain
4urz	nonantibody_chain
4us0	nonantibody_chain
4us1	nonantibody_chain
4us2	nonantibody_chain
4usf	nonantibody_chain
4ut2	nonantibody_chain
4ut3	nonantibody_chain
4utc	nonantibody_chain
4uts	nonantibody_chain
4uu9	released
4uuj	cdr_similar
4uv0	nonantibody_chain
4uv4	released_antibody_only
4uv8	nonantibody_chain
4uv9	nonantibody_chain
4uva	nonantibody_chain
4uvb	nonantibody_chain
4uvc	nonantibody_chain
4uw3	nonantibody_chain
4uw4	nonantibody_chain
4uw5	nonantibody_chain
4uw6	nonantibody_chain
4uwb	nonantibody_chain
4uwc	nonantibody_chain
4uwn	nonantibody_chain
4uwu	nonantibody_chain
4uwv	nonantibody_chain
4uwy	nonantibody_chain
4ux6	nonantibody_chain
4uxn	nonantibody_chain
4uxq	nonantibody_chain
4uy2	nonantibody_chain
4uya	nonantibody_chain
4uyf	nonantibody_chain
4uyg	nonantibody_chain
4uyh	nonantibody_chain
4uyn	nonantibody_chain
4uzd	nonantibody_chain
4v01	nonantibody_chain
4v04	nonantibody_chain
4v05	nonantibody_chain
4v0c	nonantibody_chain
4v0v	nonantibody_chain
4v0w	nonantibody_chain
4v0x	nonantibody_chain
4v14	nonantibody_chain
4v1p	nonantibody_chain
4v2l	nonantibody_chain
4v2m	nonantibody_chain
4v2n	nonantibody_chain
4v2w	nonantibody_chain
4v3k	nonantibody_chain
4v3l	nonantibody_chain
4vgc	nonantibody_chain
4w1u	nonantibody_chain
4w2o	released
4w2p	released_antibody_only
4w2q	released
4w4n	nonantibody_chain
4w4o	nonantibody_chain
4w4v	nonantibody_chain
4w4w	nonantibody_chain
4w4x	nonantibody_chain
4w4y	nonantibody_chain
4w51	nonantibody_chain
4w52	nonantibody_chain
4w53	nonantibody_chain
4w54	nonantibody_chain
4w55	nonantibody_chain
4w56	nonantibody_chain
4w57	nonantibody_chain
4w58	nonantibody_chain
4w59	nonantibody_chain
4w5a	nonantibody_chain
4w5b	nonantibody_chain
4w5k	nonantibody_chain
4w5v	nonantibody_chain
4w68	released_antibody_only
4w69	nonantibody_chain
4w6a	nonantibody_chain
4w6b	nonantibody_chain
4w6c	nonantibody_chain
4w6d	nonantibody_chain
4w6f	nonantibody_chain
4w6g	nonantibody_chain
4w6h	nonantibody_chain
4w6i	nonantibody_chain
4w6j	nonantibody_chain
4w6k	nonantibody_chain
4w6l	nonantibody_chain
4w6m	nonantibody_chain
4w6o	nonantibody_chain
4w6s	nonantibody_chain
4w6t	nonantibody_chain
4w6u	nonantibody_chain
4w6w	released
4w6x	released
4w6y	released
4w70	released_antibody_only
4w72	nonantibody_chain
4w73	nonantibody_chain
4w75	nonantibody_chain
4w76	nonantibody_chain
4w77	nonantibody_chain
4w7a	nonantibody_chain
4w7c	nonantibody_chain
4w7d	nonantibody_chain
4w7e	nonantibody_chain
4w7f	nonantibody_chain
4w7r	nonantibody_chain
4w7x	nonantibody_chain
4w81	released_antibody_only
4w8d	nonantibody_chain
4w8e	nonantibody_chain
4w94	nonantibody_chain
4w96	nonantibody_chain
4w97	nonantibody_chain
4wa7	nonantibody_chain
4wa9	nonantibody_chain
4wav	nonantibody_chain
4wb0	nonantibody_chain
4wb5	nonantibody_chain
4wb6	nonantibody_chain
4wb7	nonantibody_chain
4wb8	nonantibody_chain
4wbb	nonantibody_chain
4wcy	cdr_untransferred
4wd2	nonantibody_chain
4wd5	nonantibody_chain
4wdi	nonantibody_chain
4we4	nonantibody_chain
4we5	nonantibody_chain
4we6	nonantibody_chain
4we8	nonantibody_chain
4we9	nonantibody_chain
4wea	nonantibody_chain
4web	cdr_similar
4wem	released
4wen	released
4wet	nonantibody_chain
4weu	released
4wey	nonantibody_chain
4wf0	nonantibody_chain
4wf4	nonantibody_chain
4wf5	nonantibody_chain
4wg1	nonantibody_chain
4wg7	nonantibody_chain
4wgi	nonantibody_chain
4wh4	nonantibody_chain
4whw	nonantibody_chain
4whz	nonantibody_chain
4wi2	nonantibody_chain
4wi3	nonantibody_chain
4wi4	nonantibody_chain
4wi5	nonantibody_chain
4wi6	nonantibody_chain
4wi7	nonantibody_chain
4wi8	nonantibody_chain
4wi9	nonantibody_chain
4wih	nonantibody_chain
4wiv	nonantibody_chain
4wj5	nonantibody_chain
4wje	nonantibody_chain
4wkb	nonantibody_chain
4wkc	nonantibody_chain
4wkn	nonantibody_chain
4wko	nonantibody_chain
4wkp	nonantibody_chain
4wkq	nonantibody_chain
4wkx	nonantibody_chain
4wl4	nonantibody_chain
4wl6	nonantibody_chain
4wl7	nonantibody_chain
4wld	nonantibody_chain
4wlr	nonantibody_chain
4wlt	nonantibody_chain
4wlx	nonantibody_chain
4wly	nonantibody_chain
4wm1	nonantibody_chain
4wm2	nonantibody_chain
4wm3	nonantibody_chain
4wm4	nonantibody_chain
4wm5	nonantibody_chain
4wm6	nonantibody_chain
4wmd	nonantibody_chain
4wmf	nonantibody_chain
4wmg	nonantibody_chain
4wmr	nonantibody_chain
4wms	nonantibody_chain
4wmt	nonantibody_chain
4wmu	nonantibody_chain
4wmv	nonantibody_chain
4wmw	nonantibody_chain
4wmx	nonantibody_chain
4wnk	nonantibody_chain
4wnm	nonantibody_chain
4wnn	nonantibody_chain
4wno	nonantibody_chain
4wnq	nonantibody_chain
4wo5	nonantibody_chain
4wo6	nonantibody_chain
4wo9	nonantibody_chain
4woa	nonantibody_chain
4wob	nonantibody_chain
4woc	nonantibody_chain
4wok	nonantibody_chain
4wor	nonantibody_chain
4wpb	nonantibody_chain
4wpx	nonantibody_chain
4wqo	nonantibody_chain
4wr4	nonantibody_chain
4wr5	nonantibody_chain
4wr7	nonantibody_chain
4wrd	nonantibody_chain
4wrg	nonantibody_chain
4wrq	nonantibody_chain
4wt9	nonantibody_chain
4wth	nonantibody_chain
4wtu	nonantibody_chain
4wu5	nonantibody_chain
4wu7	nonantibody_chain
4wuk	cdr_similar
4wun	nonantibody_chain
4wup	nonantibody_chain
4wuq	nonantibody_chain
4wur	nonantibody_chain
4wuu	nonantibody_chain
4wv6	nonantibody_chain
4wvp	nonantibody_chain
4ww1	nonantibody_chain
4ww2	nonantibody_chain
4ww6	nonantibody_chain
4wwi	nonantibody_chain
4wwk	nonantibody_chain
4wwn	nonantibody_chain
4wwo	nonantibody_chain
4wwp	nonantibody_chain
4wwy	nonantibody_chain
4wxi	nonantibody_chain
4wxm	nonantibody_chain
4wxt	nonantibody_chain
4wxv	nonantibody_chain
4wy1	nonantibody_chain
4wy3	nonantibody_chain
4wy4	nonantibody_chain
4wy6	nonantibody_chain
4wy7	nonantibody_chain
4wyn	nonantibody_chain
4wyp	nonantibody_chain
4wyz	nonantibody_chain
4wz3	nonantibody_chain
4wzp	nonantibody_chain
4x09	nonantibody_chain
4x0j	nonantibody_chain
4x0k	cdr_similar
4x0l	nonantibody_chain
4x0w	nonantibody_chain
4x0x	nonantibody_chain
4x1h	nonantibody_chain
4x1n	nonantibody_chain
4x1p	nonantibody_chain
4x1q	nonantibody_chain
4x1r	nonantibody_chain
4x1s	nonantibody_chain
4x1u	nonantibody_chain
4x21	nonantibody_chain
4x22	nonantibody_chain
4x24	nonantibody_chain
4x2i	nonantibody_chain
4x2l	nonantibody_chain
4x30	nonantibody_chain
4x31	nonantibody_chain
4x32	nonantibody_chain
4x34	nonantibody_chain
4x3b	nonantibody_chain
4x3e	nonantibody_chain
4x3j	nonantibody_chain
4x42	nonantibody_chain
4x43	nonantibody_chain
4x4x	cdr_similar
4x4z	cdr_similar
4x50	nonantibody_chain
4x57	nonantibody_chain
4x5f	nonantibody_chain
4x5g	nonantibody_chain
4x5h	nonantibody_chain
4x5i	nonantibody_chain
4x5j	nonantibody_chain
4x5p	nonantibody_chain
4x5q	nonantibody_chain
4x5r	nonantibody_chain
4x69	nonantibody_chain
4x6b	nonantibody_chain
4x6e	nonantibody_chain
4x6f	nonantibody_chain
4x6h	nonantibody_chain
4x6i	nonantibody_chain
4x6j	nonantibody_chain
4x6m	nonantibody_chain
4x6n	nonantibody_chain
4x6o	nonantibody_chain
4x6p	nonantibody_chain
4x6q	nonantibody_chain
4x6r	nonantibody_chain
4x6t	nonantibody_chain
4x6x	nonantibody_chain
4x6y	nonantibody_chain
4x7c	released
4x7d	released
4x7e	released
4x7f	cdr_untransferred
4x7i	nonantibody_chain
4x7s	cdr_similar
4x7t	cdr_similar
4x80	cdr_similar
4x8j	cdr_similar
4x8s	nonantibody_chain
4x8t	nonantibody_chain
4x8u	nonantibody_chain
4x8v	nonantibody_chain
4x98	nonantibody_chain
4x99	nonantibody_chain
4xad	nonantibody_chain
4xaw	nonantibody_chain
4xbe	nonantibody_chain
4xbi	nonantibody_chain
4xbl	nonantibody_chain
4xbq	nonantibody_chain
4xbr	nonantibody_chain
4xbu	nonantibody_chain
4xc1	nonantibody_chain
4xc3	nonantibody_chain
4xcc	cdr_similar
4xcf	nonantibody_chain
4xcu	nonantibody_chain
4xde	nonantibody_chain
4xdx	nonantibody_chain
4xe1	nonantibody_chain
4xe4	nonantibody_chain
4xe6	nonantibody_chain
4xec	nonantibody_chain
4xen	nonantibody_chain
4xet	nonantibody_chain
4xey	nonantibody_chain
4xez	nonantibody_chain
4xf0	nonantibody_chain
4xf1	nonantibody_chain
4xf3	nonantibody_chain
4xf4	nonantibody_chain
4xf9	nonantibody_chain
4xfa	nonantibody_chain
4xfb	nonantibody_chain
4xfc	nonantibody_chain
4xff	nonantibody_chain
4xfg	nonantibody_chain
4xfh	nonantibody_chain
4xfi	nonantibody_chain
4xfq	nonantibody_chain
4xg2	nonantibody_chain
4xg3	nonantibody_chain
4xg4	nonantibody_chain
4xg6	nonantibody_chain
4xg7	nonantibody_chain
4xg8	nonantibody_chain
4xg9	nonantibody_chain
4xgy	nonantibody_chain
4xh1	nonantibody_chain
4xh4	nonantibody_chain
4xh5	nonantibody_chain
4xih	nonantibody_chain
4xjb	nonantibody_chain
4xjd	nonantibody_chain
4xjf	nonantibody_chain
4xjg	nonantibody_chain
4xjh	nonantibody_chain
4xji	nonantibody_chain
4xjj	nonantibody_chain
4xjk	nonantibody_chain
4xjs	nonantibody_chain
4xjt	nonantibody_chain
4xkh	nonantibody_chain
4xkl	nonantibody_chain
4xkx	nonantibody_chain
4xl5	nonantibody_chain
4xli	nonantibody_chain
4xlv	nonantibody_chain
4xml	cdr_similar
4xmp	released
4xn6	nonantibody_chain
4xnc	nonantibody_chain
4xnu	released
4xnx	released
4xny	released
4xo8	nonantibody_chain
4xo9	nonantibody_chain
4xoc	nonantibody_chain
4xod	nonantibody_chain
4xoe	nonantibody_chain
4xof	nonantibody_chain
4xoi	nonantibody_chain
4xoj	nonantibody_chain
4xok	nonantibody_chain
4xol	nonantibody_chain
4xov	nonantibody_chain
4xow	nonantibody_chain
4xp1	released
4xp6	released
4xpa	released
4xpb	released
4xpf	released
4xpg	released
4xph	released
4xpj	nonantibody_chain
4xpn	nonantibody_chain
4xpv	nonantibody_chain
4xq4	nonantibody_chain
4xqd	nonantibody_chain
4xqw	nonantibody_chain
4xra	nonantibody_chain
4xrd	nonantibody_chain
4xrx	nonantibody_chain
4xs0	nonantibody_chain
4xs1	nonantibody_chain
4xs3	nonantibody_chain
4xs4	nonantibody_chain
4xs6	nonantibody_chain
4xsg	nonantibody_chain
4xsh	nonantibody_chain
4xsk	nonantibody_chain
4xt1	released
4xui	nonantibody_chain
4xuz	nonantibody_chain
4xv1	nonantibody_chain
4xv2	nonantibody_chain
4xv3	nonantibody_chain
4xv9	nonantibody_chain
4xvj	cdr_similar
4xvq	nonantibody_chain
4xvr	nonantibody_chain
4xvs	released
4xvt	released
4xw2	nonantibody_chain
4xw4	nonantibody_chain
4xw5	nonantibody_chain
4xw6	nonantibody_chain
4xwg	cdr_similar
4xwj	nonantibody_chain
4xx5	nonantibody_chain
4xx9	nonantibody_chain
4xxc	nonantibody_chain
4xxd	nonantibody_chain
4xxj	nonantibody_chain
4xxr	nonantibody_chain
4xxs	nonantibody_chain
4xy9	nonantibody_chain
4xya	nonantibody_chain
4xyi	nonantibody_chain
4xyn	nonantibody_chain
4xyy	nonantibody_chain
4xyz	nonantibody_chain
4xz4	nonantibody_chain
4xz5	nonantibody_chain
4xzd	nonantibody_chain
4xzr	nonantibody_chain
4xzs	nonantibody_chain
4y0j	nonantibody_chain
4y0p	nonantibody_chain
4y0q	nonantibody_chain
4y0r	nonantibody_chain
4y0s	nonantibody_chain
4y0y	nonantibody_chain
4y10	nonantibody_chain
4y14	nonantibody_chain
4y16	nonantibody_chain
4y19	nonantibody_chain
4y1a	nonantibody_chain
4y1h	nonantibody_chain
4y1l	nonantibody_chain
4y1u	nonantibody_chain
4y1v	nonantibody_chain
4y1x	nonantibody_chain
4y1y	nonantibody_chain
4y1z	nonantibody_chain
4y20	nonantibody_chain
4y22	nonantibody_chain
4y24	nonantibody_chain
4y26	nonantibody_chain
4y2b	nonantibody_chain
4y2j	nonantibody_chain
4y2p	nonantibody_chain
4y2q	nonantibody_chain
4y2r	nonantibody_chain
4y2s	nonantibody_chain
4y2t	nonantibody_chain
4y2u	nonantibody_chain
4y2v	nonantibody_chain
4y2x	nonantibody_chain
4y2y	nonantibody_chain
4y32	nonantibody_chain
4y3b	nonantibody_chain
4y3k	nonantibody_chain
4y40	nonantibody_chain
4y46	nonantibody_chain
4y4k	nonantibody_chain
4y4s	nonantibody_chain
4y5h	nonantibody_chain
4y5i	nonantibody_chain
4y5y	cdr_similar
4y6d	nonantibody_chain
4y71	nonantibody_chain
4y72	nonantibody_chain
4y76	nonantibody_chain
4y79	nonantibody_chain
4y7a	nonantibody_chain
4y7b	nonantibody_chain
4y7m	released
4y7r	nonantibody_chain
4y8f	nonantibody_chain
4y8x	nonantibody_chain
4y8y	nonantibody_chain
4y8z	nonantibody_chain
4y90	nonantibody_chain
4y96	nonantibody_chain
4y99	nonantibody_chain
4y9h	nonantibody_chain
4yaa	nonantibody_chain
4yaq	released_antibody_only
4yay	nonantibody_chain
4yb9	nonantibody_chain
4ybi	nonantibody_chain
4yc3	nonantibody_chain
4yc7	nonantibody_chain
4yc8	nonantibody_chain
4ycr	nonantibody_chain
4ydi	released
4ydk	released
4ydv	released
4ydw	nonantibody_chain
4ydx	nonantibody_chain
4ydy	nonantibody_chain
4ye1	nonantibody_chain
4ye3	nonantibody_chain
4ye4	released
4yea	nonantibody_chain
4yem	nonantibody_chain
4yen	nonantibody_chain
4yeo	nonantibody_chain
4yes	nonantibody_chain
4yf2	nonantibody_chain
4yfm	nonantibody_chain
4ygj	nonantibody_chain
4ygk	nonantibody_chain
4ygl	nonantibody_chain
4ygn	nonantibody_chain
4ygv	cdr_similar
4ygw	nonantibody_chain
4yh3	nonantibody_chain
4yh4	nonantibody_chain
4yhi	cdr_similar
4yhk	cdr_similar
4yhl	cdr_similar
4yhm	cdr_similar
4yhn	cdr_similar
4yho	cdr_similar
4yhq	nonantibody_chain
4yhr	nonantibody_chain
4yht	nonantibody_chain
4yhy	released_antibody_only
4yhz	nonantibody_chain
4yi0	nonantibody_chain
4yia	nonantibody_chain
4yii	nonantibody_chain
4yj4	nonantibody_chain
4yjo	nonantibody_chain
4yjp	nonantibody_chain
4yjq	nonantibody_chain
4yjr	nonantibody_chain
4yjs	nonantibody_chain
4yjt	nonantibody_chain
4yju	nonantibody_chain
4yjv	nonantibody_chain
4yjz	nonantibody_chain
4yk9	nonantibody_chain
4yl8	nonantibody_chain
4ylq	nonantibody_chain
4ym8	nonantibody_chain
4ym9	nonantibody_chain
4ymj	nonantibody_chain
4yml	nonantibody_chain
4ymz	nonantibody_chain
4ynb	nonantibody_chain
4yne	nonantibody_chain
4yni	nonantibody_chain
4yny	cdr_similar
4yo0	cdr_similar
4yo4	nonantibody_chain
4yo8	nonantibody_chain
4yo9	nonantibody_chain
4yoa	nonantibody_chain
4yob	nonantibody_chain
4yog	nonantibody_chain
4yoi	nonantibody_chain
4yoj	nonantibody_chain
4yon	nonantibody_chain
4yop	nonantibody_chain
4ypd	nonantibody_chain
4yps	nonantibody_chain
4yr6	cdr_similar
4ys9	nonantibody_chain
4ysf	nonantibody_chain
4yt6	nonantibody_chain
4yt7	nonantibody_chain
4yta	nonantibody_chain
4yu3	nonantibody_chain
4yu4	nonantibody_chain
4yue	cdr_similar
4yug	nonantibody_chain
4yuh	nonantibody_chain
4yui	nonantibody_chain
4yuj	nonantibody_chain
4yuk	nonantibody_chain
4yul	nonantibody_chain
4yum	nonantibody_chain
4yun	nonantibody_chain
4yuo	nonantibody_chain
4yup	nonantibody_chain
4yur	nonantibody_chain
4yuv	nonantibody_chain
4yuw	nonantibody_chain
4yux	nonantibody_chain
4yuy	nonantibody_chain
4yv2	nonantibody_chain
4yv8	nonantibody_chain
4yva	nonantibody_chain
4yvc	nonantibody_chain
4yve	nonantibody_chain
4yvy	nonantibody_chain
4ywp	nonantibody_chain
4yx2	nonantibody_chain
4yx4	nonantibody_chain
4yx7	nonantibody_chain
4yxa	nonantibody_chain
4yxc	nonantibody_chain
4yxh	nonantibody_chain
4yxi	nonantibody_chain
4yxk	nonantibody_chain
4yxl	nonantibody_chain
4yxo	nonantibody_chain
4yxr	nonantibody_chain
4yxs	nonantibody_chain
4yxu	nonantibody_chain
4yy1	nonantibody_chain
4yy7	nonantibody_chain
4yy9	nonantibody_chain
4yya	nonantibody_chain
4yyb	nonantibody_chain
4yyi	nonantibody_chain
4yyo	nonantibody_chain
4yyq	nonantibody_chain
4yys	nonantibody_chain
4yyt	nonantibody_chain
4yyw	nonantibody_chain
4yzu	nonantibody_chain
4z0b	released_antibody_only
4z0j	nonantibody_chain
4z0k	nonantibody_chain
4z0q	nonantibody_chain
4z0r	nonantibody_chain
4z0s	nonantibody_chain
4z0u	nonantibody_chain
4z0x	nonantibody_chain
4z18	nonantibody_chain
4z1e	nonantibody_chain
4z1j	nonantibody_chain
4z1k	nonantibody_chain
4z1n	nonantibody_chain
4z1q	nonantibody_chain
4z1s	nonantibody_chain
4z27	nonantibody_chain
4z28	nonantibody_chain
4z2m	nonantibody_chain
4z2o	nonantibody_chain
4z2p	nonantibody_chain
4z2v	nonantibody_chain
4z34	nonantibody_chain
4z35	nonantibody_chain
4z3l	nonantibody_chain
4z3m	nonantibody_chain
4z41	nonantibody_chain
4z46	nonantibody_chain
4z4k	nonantibody_chain
4z4m	nonantibody_chain
4z4x	nonantibody_chain
4z50	nonantibody_chain
4z55	nonantibody_chain
4z6a	nonantibody_chain
4z6b	nonantibody_chain
4z6j	nonantibody_chain
4z76	nonantibody_chain
4z77	nonantibody_chain
4z82	nonantibody_chain
4z83	nonantibody_chain
4z84	nonantibody_chain
4z93	nonantibody_chain
4z95	cdr_similar
4z98	nonantibody_chain
4z99	nonantibody_chain
4z9a	nonantibody_chain
4z9b	nonantibody_chain
4z9k	nonantibody_chain
4z9l	nonantibody_chain
4z9s	nonantibody_chain
4z9v	nonantibody_chain
4za0	nonantibody_chain
4zae	nonantibody_chain
4zak	nonantibody_chain
4zam	nonantibody_chain
4zao	nonantibody_chain
4zar	nonantibody_chain
4zau	nonantibody_chain
4zbe	nonantibody_chain
4zbj	nonantibody_chain
4zbq	nonantibody_chain
4zbr	nonantibody_chain
4zc9	nonantibody_chain
4zcw	nonantibody_chain
4zd3	cdr_similar
4zdh	nonantibody_chain
4zdr	nonantibody_chain
4zdu	nonantibody_chain
4zee	nonantibody_chain
4zfg	released
4zfh	nonantibody_chain
4zfo	cdr_similar
4zfp	nonantibody_chain
4zfr	nonantibody_chain
4zft	nonantibody_chain
4zg1	released_antibody_only
4zgg	nonantibody_chain
4zgw	nonantibody_chain
4zh8	nonantibody_chain
4zha	nonantibody_chain
4zhl	nonantibody_chain
4zhm	nonantibody_chain
4zi4	nonantibody_chain
4zie	nonantibody_chain
4zij	nonantibody_chain
4zim	nonantibody_chain
4zin	nonantibody_chain
4zio	nonantibody_chain
4zip	nonantibody_chain
4zix	nonantibody_chain
4zj1	nonantibody_chain
4zj2	nonantibody_chain
4zj3	nonantibody_chain
4zjv	nonantibody_chain
4zk0	nonantibody_chain
4zk3	nonantibody_chain
4zk5	nonantibody_chain
4zkn	nonantibody_chain
4zko	nonantibody_chain
4zkr	nonantibody_chain
4zks	nonantibody_chain
4zl7	nonantibody_chain
4zl8	nonantibody_chain
4zl9	nonantibody_chain
4zlk	nonantibody_chain
4zlo	nonantibody_chain
4zls	nonantibody_chain
4zma	nonantibody_chain
4zmd	nonantibody_chain
4zmj	nonantibody_chain
4zn5	nonantibody_chain
4znc	nonantibody_chain
4zne	nonantibody_chain
4zog	nonantibody_chain
4zp5	nonantibody_chain
4zpe	nonantibody_chain
4zpf	nonantibody_chain
4zpg	nonantibody_chain
4zpw	nonantibody_chain
4zpz	nonantibody_chain
4zq3	nonantibody_chain
4zqk	nonantibody_chain
4zqs	nonantibody_chain
4zrm	nonantibody_chain
4zrn	nonantibody_chain
4zrt	nonantibody_chain
4zrz	nonantibody_chain
4zs0	nonantibody_chain
4zs7	released
4zsa	nonantibody_chain
4zsc	nonantibody_chain
4zsd	nonantibody_chain
4zsm	nonantibody_chain
4zsp	nonantibody_chain
4zsq	nonantibody_chain
4zsr	nonantibody_chain
4ztd	nonantibody_chain
4zto	released
4ztp	released_antibody_only
4ztq	nonantibody_chain
4ztr	nonantibody_chain
4zts	nonantibody_chain
4zud	nonantibody_chain
4zuh	nonantibody_chain
4zui	nonantibody_chain
4zuj	nonantibody_chain
4zus	nonantibody_chain
4zut	nonantibody_chain
4zuu	nonantibody_chain
4zuv	nonantibody_chain
4zuw	nonantibody_chain
4zvj	nonantibody_chain
4zvo	nonantibody_chain
4zvp	nonantibody_chain
4zvq	nonantibody_chain
4zvr	nonantibody_chain
4zvs	nonantibody_chain
4zvt	nonantibody_chain
4zvu	nonantibody_chain
4zw1	nonantibody_chain
4zwi	nonantibody_chain
4zwx	nonantibody_chain
4zwy	nonantibody_chain
4zwz	nonantibody_chain
4zx0	nonantibody_chain
4zx1	nonantibody_chain
4zxx	nonantibody_chain
4zxy	nonantibody_chain
4zyk	cdr_similar
4zyn	nonantibody_chain
4zyr	nonantibody_chain
4zz4	nonantibody_chain
4zz9	nonantibody_chain
521p	nonantibody_chain
5a09	nonantibody_chain
5a0a	nonantibody_chain
5a0b	nonantibody_chain
5a0c	nonantibody_chain
5a0e	nonantibody_chain
5a0f	nonantibody_chain
5a14	nonantibody_chain
5a24	nonantibody_chain
5a25	nonantibody_chain
5a29	nonantibody_chain
5a2h	nonantibody_chain
5a2i	cdr_similar
5a2j	cdr_similar
5a2k	cdr_similar
5a2l	cdr_similar
5a3e	nonantibody_chain
5a3z	nonantibody_chain
5a40	nonantibody_chain
5a43	nonantibody_chain
5a44	nonantibody_chain
5a45	nonantibody_chain
5a4c	nonantibody_chain
5a5s	nonantibody_chain
5a6h	nonantibody_chain
5a6n	nonantibody_chain
5a6o	nonantibody_chain
5a7b	nonantibody_chain
5a7c	nonantibody_chain
5a85	nonantibody_chain
5a8x	nonantibody_chain
5a8y	nonantibody_chain
5a8z	nonantibody_chain
5a90	nonantibody_chain
5a91	nonantibody_chain
5a92	nonantibody_chain
5a93	nonantibody_chain
5aad	nonantibody_chain
5aae	nonantibody_chain
5aaf	nonantibody_chain
5aag	nonantibody_chain
5aal	nonantibody_chain
5aam	nonantibody_chain
5aap	nonantibody_chain
5ab9	nonantibody_chain
5aba	nonantibody_chain
5abu	nonantibody_chain
5abv	nonantibody_chain
5abw	nonantibody_chain
5abz	nonantibody_chain
5ack	nonantibody_chain
5acl	cdr_similar
5acm	cdr_similar
5acy	nonantibody_chain
5acz	nonantibody_chain
5ad0	nonantibody_chain
5ad2	nonantibody_chain
5ad3	nonantibody_chain
5adj	nonantibody_chain
5adk	nonantibody_chain
5adl	nonantibody_chain
5adm	nonantibody_chain
5adn	nonantibody_chain
5ado	cdr_similar
5adp	cdr_similar
5af4	nonantibody_chain
5af5	nonantibody_chain
5af6	nonantibody_chain
5af9	nonantibody_chain
5afw	nonantibody_chain
5agm	nonantibody_chain
5agn	nonantibody_chain
5agw	nonantibody_chain
5agx	nonantibody_chain
5agz	nonantibody_chain
5ah6	nonantibody_chain
5ah7	nonantibody_chain
5ah8	nonantibody_chain
5ah9	nonantibody_chain
5aha	nonantibody_chain
5ahb	nonantibody_chain
5ahc	nonantibody_chain
5ahg	nonantibody_chain
5ahx	nonantibody_chain
5ahy	nonantibody_chain
5ahz	nonantibody_chain
5ai6	nonantibody_chain
5ai8	nonantibody_chain
5ai9	nonantibody_chain
5aib	nonantibody_chain
5aic	nonantibody_chain
5aie	nonantibody_chain
5air	nonantibody_chain
5ais	nonantibody_chain
5ait	nonantibody_chain
5aiu	nonantibody_chain
5aiv	nonantibody_chain
5aix	nonantibody_chain
5ajm	nonantibody_chain
5ak5	nonantibody_chain
5ak6	nonantibody_chain
5ake	nonantibody_chain
5akh	nonantibody_chain
5aki	nonantibody_chain
5akj	nonantibody_chain
5akk	nonantibody_chain
5akl	nonantibody_chain
5akx	nonantibody_chain
5aky	nonantibody_chain
5akz	nonantibody_chain
5alb	released_antibody_only
5alc	cdr_similar
5ald	nonantibody_chain
5ale	nonantibody_chain
5alg	nonantibody_chain
5alh	nonantibody_chain
5ali	nonantibody_chain
5alj	nonantibody_chain
5alk	nonantibody_chain
5alm	nonantibody_chain
5aln	nonantibody_chain
5alo	nonantibody_chain
5alp	nonantibody_chain
5alr	nonantibody_chain
5alu	nonantibody_chain
5alv	nonantibody_chain
5alw	nonantibody_chain
5alx	nonantibody_chain
5aly	nonantibody_chain
5alz	nonantibody_chain
5am0	nonantibody_chain
5am1	nonantibody_chain
5am2	nonantibody_chain
5am3	nonantibody_chain
5am4	nonantibody_chain
5am5	nonantibody_chain
5am6	nonantibody_chain
5am7	nonantibody_chain
5amd	nonantibody_chain
5amg	nonantibody_chain
5aml	nonantibody_chain
5amx	nonantibody_chain
5amy	nonantibody_chain
5and	nonantibody_chain
5ane	nonantibody_chain
5ang	nonantibody_chain
5ani	nonantibody_chain
5anj	nonantibody_chain
5ank	nonantibody_chain
5ano	nonantibody_chain
5aoi	nonantibody_chain
5aoj	nonantibody_chain
5aok	nonantibody_chain
5aol	nonantibody_chain
5aom	nonantibody_chain
5apc	nonantibody_chain
5apd	nonantibody_chain
5ape	nonantibody_chain
5apf	nonantibody_chain
5apq	nonantibody_chain
5aps	nonantibody_chain
5apt	nonantibody_chain
5apu	nonantibody_chain
5apv	nonantibody_chain
5apw	nonantibody_chain
5apx	nonantibody_chain
5apy	nonantibody_chain
5apz	nonantibody_chain
5aqb	nonantibody_chain
5aqe	nonantibody_chain
5ar2	nonantibody_chain
5ar3	nonantibody_chain
5ar4	nonantibody_chain
5ar5	nonantibody_chain
5ar6	nonantibody_chain
5ar7	nonantibody_chain
5ar8	nonantibody_chain
5arb	nonantibody_chain
5arc	nonantibody_chain
5ard	nonantibody_chain
5arj	nonantibody_chain
5ark	nonantibody_chain
5arl	nonantibody_chain
5aum	cdr_similar
5aut	nonantibody_chain
5auu	nonantibody_chain
5auv	nonantibody_chain
5auw	nonantibody_chain
5aux	nonantibody_chain
5auy	nonantibody_chain
5auz	nonantibody_chain
5av0	nonantibody_chain
5av1	nonantibody_chain
5av2	nonantibody_chain
5av3	nonantibody_chain
5av4	nonantibody_chain
5avd	nonantibody_chain
5avj	nonantibody_chain
5avk	nonantibody_chain
5awi	nonantibody_chain
5awm	nonantibody_chain
5awn	released_antibody_only
5ax9	nonantibody_chain
5ayr	nonantibody_chain
5ays	nonantibody_chain
5ayu	cdr_similar
5az2	cdr_similar
5az6	nonantibody_chain
5az7	nonantibody_chain
5az8	nonantibody_chain
5az9	nonantibody_chain
5azd	nonantibody_chain
5aze	cdr_similar
5azq	nonantibody_chain
5azr	nonantibody_chain
5azu	nonantibody_chain
5b05	nonantibody_chain
5b06	nonantibody_chain
5b07	nonantibody_chain
5b0u	nonantibody_chain
5b0x	nonantibody_chain
5b18	nonantibody_chain
5b1c	nonantibody_chain
5b1d	nonantibody_chain
5b1e	nonantibody_chain
5b1f	nonantibody_chain
5b1g	nonantibody_chain
5b1z	nonantibody_chain
5b2a	nonantibody_chain
5b2z	nonantibody_chain
5b30	nonantibody_chain
5b34	nonantibody_chain
5b35	nonantibody_chain
5b38	nonantibody_chain
5b39	nonantibody_chain
5b3w	nonantibody_chain
5b3x	nonantibody_chain
5b3y	nonantibody_chain
5b4m	cdr_similar
5b4p	nonantibody_chain
5b56	nonantibody_chain
5b59	nonantibody_chain
5b5j	nonantibody_chain
5b5q	nonantibody_chain
5b6h	nonantibody_chain
5b6o	nonantibody_chain
5b6v	nonantibody_chain
5b6w	nonantibody_chain
5b6x	nonantibody_chain
5b6y	nonantibody_chain
5b6z	nonantibody_chain
5b75	nonantibody_chain
5b76	nonantibody_chain
5b77	nonantibody_chain
5b78	nonantibody_chain
5b7g	nonantibody_chain
5b7n	nonantibody_chain
5b7p	nonantibody_chain
5b7q	nonantibody_chain
5b7v	nonantibody_chain
5b83	nonantibody_chain
5b84	nonantibody_chain
5b85	nonantibody_chain
5b8i	nonantibody_chain
5bir	nonantibody_chain
5bk0	released
5bmf	cdr_similar
5bmg	nonantibody_chain
5bmh	nonantibody_chain
5bmi	nonantibody_chain
5bml	nonantibody_chain
5bms	nonantibody_chain
5bmw	nonantibody_chain
5bmx	nonantibody_chain
5bmy	nonantibody_chain
5bn0	nonantibody_chain
5bnb	nonantibody_chain
5bnj	nonantibody_chain
5bnk	nonantibody_chain
5bnl	nonantibody_chain
5bnv	nonantibody_chain
5bnx	nonantibody_chain
5bo0	nonantibody_chain
5bop	released
5bq7	cdr_similar
5br0	nonantibody_chain
5br2	nonantibody_chain
5br3	nonantibody_chain
5br5	nonantibody_chain
5br6	nonantibody_chain
5brb	nonantibody_chain
5brr	nonantibody_chain
5bru	nonantibody_chain
5brv	nonantibody_chain
5brw	nonantibody_chain
5bry	nonantibody_chain
5brz	nonantibody_chain
5bs4	nonantibody_chain
5bs7	nonantibody_chain
5bt0	nonantibody_chain
5bt1	nonantibody_chain
5bt4	nonantibody_chain
5bt5	nonantibody_chain
5btt	nonantibody_chain
5btv	nonantibody_chain
5bu4	nonantibody_chain
5bu7	nonantibody_chain
5buo	nonantibody_chain
5bvk	nonantibody_chain
5bvn	nonantibody_chain
5bvo	nonantibody_chain
5bvp	released
5bvw	nonantibody_chain
5bw7	nonantibody_chain
5bwm	nonantibody_chain
5bx0	nonantibody_chain
5bx6	nonantibody_chain
5bx7	nonantibody_chain
5bxf	nonantibody_chain
5bxq	nonantibody_chain
5bxv	nonantibody_chain
5byi	nonantibody_chain
5bz0	nonantibody_chain
5bzd	cdr_similar
5bzw	cdr_similar
5c04	nonantibody_chain
5c0d	nonantibody_chain
5c0e	nonantibody_chain
5c0f	nonantibody_chain
5c0g	nonantibody_chain
5c0i	nonantibody_chain
5c0j	nonantibody_chain
5c0r	cdr_similar
5c0s	released
5c0z	nonantibody_chain
5c1m	nonantibody_chain
5c1v	nonantibody_chain
5c1z	nonantibody_chain
5c23	nonantibody_chain
5c26	nonantibody_chain
5c27	nonantibody_chain
5c2j	nonantibody_chain
5c2k	nonantibody_chain
5c2u	released
5c3f	nonantibody_chain
5c3g	nonantibody_chain
5c3l	released
5c3n	nonantibody_chain
5c3t	nonantibody_chain
5c3w	nonantibody_chain
5c3x	nonantibody_chain
5c4h	nonantibody_chain
5c4m	nonantibody_chain
5c4z	nonantibody_chain
5c58	nonantibody_chain
5c5l	nonantibody_chain
5c5m	nonantibody_chain
5c5n	nonantibody_chain
5c5o	nonantibody_chain
5c67	nonantibody_chain
5c69	nonantibody_chain
5c6a	nonantibody_chain
5c6b	nonantibody_chain
5c6e	nonantibody_chain
5c6i	nonantibody_chain
5c6j	nonantibody_chain
5c6l	nonantibody_chain
5c6p	nonantibody_chain
5c6t	released
5c6y	nonantibody_chain
5c7j	nonantibody_chain
5c7m	nonantibody_chain
5c7r	nonantibody_chain
5c8i	nonantibody_chain
5c8k	nonantibody_chain
5c8m	nonantibody_chain
5c8n	nonantibody_chain
5c9c	nonantibody_chain
5c9j	nonantibody_chain
5c9k	cdr_similar
5c9m	nonantibody_chain
5c9v	nonantibody_chain
5ca2	nonantibody_chain
5cac	nonantibody_chain
5cal	nonantibody_chain
5can	nonantibody_chain
5cao	nonantibody_chain
5cap	nonantibody_chain
5caq	nonantibody_chain
5cas	nonantibody_chain
5cau	nonantibody_chain
5cav	nonantibody_chain
5caw	nonantibody_chain
5cay	nonantibody_chain
5cb1	nonantibody_chain
5cba	released
5cbe	released
5cbn	nonantibody_chain
5cbt	nonantibody_chain
5cbu	nonantibody_chain
5cbv	nonantibody_chain
5cbw	nonantibody_chain
5cc4	nonantibody_chain
5cc9	nonantibody_chain
5ccc	nonantibody_chain
5ccd	nonantibody_chain
5cck	released_antibody_only
5ccn	nonantibody_chain
5ccq	nonantibody_chain
5ccr	nonantibody_chain
5ccs	nonantibody_chain
5cd5	cdr_untransferred
5cdf	nonantibody_chain
5cdx	nonantibody_chain
5cdz	nonantibody_chain
5ce0	nonantibody_chain
5cei	nonantibody_chain
5cek	nonantibody_chain
5cex	cdr_similar
5cey	cdr_similar
5cf4	nonantibody_chain
5cf5	nonantibody_chain
5cf6	nonantibody_chain
5cfh	nonantibody_chain
5cfw	nonantibody_chain
5cfz	nonantibody_chain
5cg1	nonantibody_chain
5cg2	nonantibody_chain
5cg7	nonantibody_chain
5cgb	nonantibody_chain
5cgk	nonantibody_chain
5cgy	cdr_similar
5chn	released_antibody_only
5ci7	nonantibody_chain
5cib	nonantibody_chain
5cic	nonantibody_chain
5cid	nonantibody_chain
5cie	nonantibody_chain
5cif	nonantibody_chain
5cig	nonantibody_chain
5cih	nonantibody_chain
5cil	nonantibody_chain
5cin	nonantibody_chain
5cip	cdr_similar
5ciq	nonantibody_chain
5cit	nonantibody_chain
5ciu	nonantibody_chain
5ciw	nonantibody_chain
5cjf	nonantibody_chain
5cjq	nonantibody_chain
5cka	nonantibody_chain
5ckg	nonantibody_chain
5cll	nonantibody_chain
5clm	nonantibody_chain
5clq	nonantibody_chain
5clu	nonantibody_chain
5cm8	nonantibody_chain
5cma	cdr_similar
5cmu	nonantibody_chain
5cmv	nonantibody_chain
5cmz	nonantibody_chain
5cn0	nonantibody_chain
5cn4	nonantibody_chain
5cn5	nonantibody_chain
5cn6	nonantibody_chain
5cn7	nonantibody_chain
5cn8	nonantibody_chain
5cn9	nonantibody_chain
5cnb	nonantibody_chain
5cnc	nonantibody_chain
5cnd	nonantibody_chain
5cne	nonantibody_chain
5cnf	nonantibody_chain
5cng	nonantibody_chain
5cnn	nonantibody_chain
5cno	nonantibody_chain
5coe	nonantibody_chain
5coi	nonantibody_chain
5cok	nonantibody_chain
5con	nonantibody_chain
5coo	nonantibody_chain
5cop	nonantibody_chain
5cp3	cdr_similar
5cp5	nonantibody_chain
5cp9	nonantibody_chain
5cpe	nonantibody_chain
5cqt	nonantibody_chain
5cqu	nonantibody_chain
5cqw	nonantibody_chain
5cr3	nonantibody_chain
5cra	nonantibody_chain
5crm	nonantibody_chain
5crv	nonantibody_chain
5crz	nonantibody_chain
5cs1	nonantibody_chain
5cs3	nonantibody_chain
5cs5	nonantibody_chain
5cs6	nonantibody_chain
5cs7	nonantibody_chain
5cs8	nonantibody_chain
5cs9	nonantibody_chain
5csb	nonantibody_chain
5csf	nonantibody_chain
5csg	nonantibody_chain
5csi	nonantibody_chain
5csj	nonantibody_chain
5csn	nonantibody_chain
5csp	nonantibody_chain
5csq	nonantibody_chain
5csv	nonantibody_chain
5csw	nonantibody_chain
5csx	nonantibody_chain
5csz	nonantibody_chain
5ct1	nonantibody_chain
5ct2	nonantibody_chain
5ct3	nonantibody_chain
5ct7	nonantibody_chain
5ctl	nonantibody_chain
5ctt	nonantibody_chain
5cv4	nonantibody_chain
5cv6	nonantibody_chain
5cv7	nonantibody_chain
5cv8	nonantibody_chain
5cv9	nonantibody_chain
5cvf	nonantibody_chain
5cvg	nonantibody_chain
5cvh	nonantibody_chain
5cvm	nonantibody_chain
5cvn	nonantibody_chain
5cw1	nonantibody_chain
5cwz	nonantibody_chain
5cxh	nonantibody_chain
5cxz	nonantibody_chain
5cy3	nonantibody_chain
5cy5	nonantibody_chain
5cy9	nonantibody_chain
5cyh	nonantibody_chain
5cyt	nonantibody_chain
5czh	nonantibody_chain
5czi	nonantibody_chain
5czv	cdr_similar
5d0c	nonantibody_chain
5d0m	nonantibody_chain
5d13	nonantibody_chain
5d14	nonantibody_chain
5d1j	nonantibody_chain
5d1k	nonantibody_chain
5d1l	nonantibody_chain
5d1m	nonantibody_chain
5d1q	nonantibody_chain
5d1x	nonantibody_chain
5d24	nonantibody_chain
5d25	nonantibody_chain
5d26	nonantibody_chain
5d2d	nonantibody_chain
5d2m	nonantibody_chain
5d3f	nonantibody_chain
5d3h	nonantibody_chain
5d3j	nonantibody_chain
5d3l	nonantibody_chain
5d3n	nonantibody_chain
5d3p	nonantibody_chain
5d3r	nonantibody_chain
5d3s	nonantibody_chain
5d3t	nonantibody_chain
5d41	nonantibody_chain
5d43	nonantibody_chain
5d4q	nonantibody_chain
5d5a	nonantibody_chain
5d5b	nonantibody_chain
5d5c	nonantibody_chain
5d5f	nonantibody_chain
5d5k	nonantibody_chain
5d5r	nonantibody_chain
5d6c	released_antibody_only
5d6d	nonantibody_chain
5d6j	nonantibody_chain
5d6l	nonantibody_chain
5d6u	nonantibody_chain
5d70	released
5d71	released
5d73	nonantibody_chain
5d75	nonantibody_chain
5d7a	nonantibody_chain
5d7f	nonantibody_chain
5d7k	nonantibody_chain
5d7s	released_antibody_only
5d8j	released
5d97	nonantibody_chain
5d9s	nonantibody_chain
5da0	released
5da4	released_antibody_only
5dak	nonantibody_chain
5dal	nonantibody_chain
5dau	nonantibody_chain
5dbq	nonantibody_chain
5dbr	nonantibody_chain
5dby	nonantibody_chain
5dc0	nonantibody_chain
5dc4	nonantibody_chain
5dc9	nonantibody_chain
5dcg	nonantibody_chain
5dch	nonantibody_chain
5dd0	cdr_similar
5dd1	cdr_similar
5dd2	nonantibody_chain
5dd3	released_antibody_only
5dd5	cdr_similar
5dd6	cdr_similar
5ddh	nonantibody_chain
5ddl	nonantibody_chain
5ddz	nonantibody_chain
5de1	nonantibody_chain
5def	nonantibody_chain
5deg	nonantibody_chain
5df5	nonantibody_chain
5dfb	nonantibody_chain
5dfc	nonantibody_chain
5dfd	nonantibody_chain
5dfl	nonantibody_chain
5dfs	nonantibody_chain
5dfw	nonantibody_chain
5dfx	nonantibody_chain
5dfy	nonantibody_chain
5dg2	nonantibody_chain
5dgu	nonantibody_chain
5dgw	nonantibody_chain
5dhg	nonantibody_chain
5dhh	nonantibody_chain
5dhv	nonantibody_chain
5dhx	nonantibody_chain
5dhy	nonantibody_chain
5dhz	nonantibody_chain
5di1	nonantibody_chain
5di8	nonantibody_chain
5dj0	nonantibody_chain
5dj2	nonantibody_chain
5dj6	nonantibody_chain
5dj7	nonantibody_chain
5dj8	nonantibody_chain
5dja	nonantibody_chain
5djc	nonantibody_chain
5djd	nonantibody_chain
5djl	nonantibody_chain
5djm	nonantibody_chain
5djt	nonantibody_chain
5dju	nonantibody_chain
5djx	nonantibody_chain
5djy	nonantibody_chain
5djz	nonantibody_chain
5dk0	nonantibody_chain
5dk1	nonantibody_chain
5dk2	nonantibody_chain
5dk6	nonantibody_chain
5dk8	nonantibody_chain
5dka	nonantibody_chain
5dkc	nonantibody_chain
5dkd	nonantibody_chain
5dkh	nonantibody_chain
5dkm	nonantibody_chain
5dkn	nonantibody_chain
5dkq	nonantibody_chain
5dkr	nonantibody_chain
5dl9	nonantibody_chain
5dla	nonantibody_chain
5dlm	cdr_similar
5dls	nonantibody_chain
5dlx	nonantibody_chain
5dlz	nonantibody_chain
5dm9	nonantibody_chain
5dmi	nonantibody_chain
5dmj	nonantibody_chain
5dn3	nonantibody_chain
5dnr	nonantibody_chain
5dog	nonantibody_chain
5doh	nonantibody_chain
5dos	nonantibody_chain
5dow	nonantibody_chain
5dpg	nonantibody_chain
5dph	nonantibody_chain
5dpj	nonantibody_chain
5dpv	nonantibody_chain
5dqb	nonantibody_chain
5dqd	cdr_similar
5dqf	nonantibody_chain
5dqj	cdr_similar
5dqm	nonantibody_chain
5dqy	nonantibody_chain
5dr2	nonantibody_chain
5dr5	released_antibody_only
5dr6	nonantibody_chain
5dr9	nonantibody_chain
5drd	nonantibody_chain
5drf	nonantibody_chain
5drg	nonantibody_chain
5drn	released_antibody_only
5drs	nonantibody_chain
5drw	cdr_similar
5drx	cdr_similar
5drz	cdr_similar
5ds8	released
5dsd	nonantibody_chain
5dsg	nonantibody_chain
5dsk	nonantibody_chain
5dsl	nonantibody_chain
5dsm	nonantibody_chain
5dso	nonantibody_chain
5dsp	nonantibody_chain
5dsq	nonantibody_chain
5dsr	nonantibody_chain
5dsu	nonantibody_chain
5dt0	nonantibody_chain
5dt1	released_antibody_only
5dt3	nonantibody_chain
5dt4	nonantibody_chain
5dtf	released
5dtp	nonantibody_chain
5dtx	nonantibody_chain
5dty	nonantibody_chain
5dtz	nonantibody_chain
5du0	nonantibody_chain
5du4	nonantibody_chain
5du6	nonantibody_chain
5du8	nonantibody_chain
5dub	released
5duc	nonantibody_chain
5duf	nonantibody_chain
5dum	nonantibody_chain
5dup	nonantibody_chain
5dut	nonantibody_chain
5dvk	nonantibody_chain
5dvl	nonantibody_chain
5dvm	nonantibody_chain
5dvn	nonantibody_chain
5dvo	nonantibody_chain
5dvx	nonantibody_chain
5dw1	nonantibody_chain
5dw2	nonantibody_chain
5dx4	nonantibody_chain
5dxt	nonantibody_chain
5dxv	nonantibody_chain
5dxw	cdr_untransferred
5dy6	nonantibody_chain
5dyo	cdr_similar
5dys	nonantibody_chain
5e00	nonantibody_chain
5e03	released_antibody_only
5e0q	released
5e0r	nonantibody_chain
5e0t	nonantibody_chain
5e0u	nonantibody_chain
5e0v	nonantibody_chain
5e1a	cdr_similar
5e1h	nonantibody_chain
5e1k	nonantibody_chain
5e1n	nonantibody_chain
5e1p	nonantibody_chain
5e1s	nonantibody_chain
5e28	nonantibody_chain
5e29	nonantibody_chain
5e2e	nonantibody_chain
5e2k	nonantibody_chain
5e2m	nonantibody_chain
5e2n	nonantibody_chain
5e2o	nonantibody_chain
5e2p	nonantibody_chain
5e2r	nonantibody_chain
5e2s	nonantibody_chain
5e2t	cdr_similar
5e2u	cdr_similar
5e2v	cdr_similar
5e2w	cdr_similar
5e2x	nonantibody_chain
5e32	nonantibody_chain
5e34	nonantibody_chain
5e35	nonantibody_chain
5e43	nonantibody_chain
5e4p	nonantibody_chain
5e4w	nonantibody_chain
5e5e	nonantibody_chain
5e5f	nonantibody_chain
5e5j	nonantibody_chain
5e5k	nonantibody_chain
5e5m	released
5e6e	nonantibody_chain
5e6j	nonantibody_chain
5e6q	nonantibody_chain
5e7b	released_antibody_only
5e7f	released
5e7u	nonantibody_chain
5e83	nonantibody_chain
5e8d	cdr_similar
5e8e	nonantibody_chain
5e8m	nonantibody_chain
5e8o	nonantibody_chain
5e8p	nonantibody_chain
5e8q	nonantibody_chain
5e95	nonantibody_chain
5e97	nonantibody_chain
5e98	nonantibody_chain
5e99	cdr_similar
5e9b	nonantibody_chain
5e9c	nonantibody_chain
5e9r	nonantibody_chain
5ea0	cdr_similar
5ea1	nonantibody_chain
5ea3	nonantibody_chain
5ea4	nonantibody_chain
5ea5	nonantibody_chain
5ea6	nonantibody_chain
5ea7	nonantibody_chain
5ea8	nonantibody_chain
5eaa	nonantibody_chain
5eaj	nonantibody_chain
5eak	nonantibody_chain
5eal	nonantibody_chain
5eam	nonantibody_chain
5eap	nonantibody_chain
5ear	nonantibody_chain
5eb6	nonantibody_chain
5eb7	nonantibody_chain
5ebh	nonantibody_chain
5ebj	nonantibody_chain
5ebl	cdr_similar
5ebm	cdr_similar
5ebw	cdr_similar
5ebx	nonantibody_chain
5ec1	cdr_similar
5ec2	cdr_similar
5ecc	nonantibody_chain
5ecg	nonantibody_chain
5ecj	nonantibody_chain
5ecx	nonantibody_chain
5ed9	nonantibody_chain
5edk	nonantibody_chain
5edm	nonantibody_chain
5edp	nonantibody_chain
5edq	nonantibody_chain
5edr	nonantibody_chain
5eds	nonantibody_chain
5ee8	nonantibody_chain
5eec	nonantibody_chain
5eep	nonantibody_chain
5efi	nonantibody_chain
5efu	nonantibody_chain
5efw	nonantibody_chain
5eg3	nonantibody_chain
5eg4	nonantibody_chain
5egg	nonantibody_chain
5egm	nonantibody_chain
5egu	nonantibody_chain
5eh5	nonantibody_chain
5eh7	nonantibody_chain
5eh8	nonantibody_chain
5ehc	nonantibody_chain
5ehe	nonantibody_chain
5ehu	nonantibody_chain
5ehv	nonantibody_chain
5ehw	nonantibody_chain
5ei0	nonantibody_chain
5ei3	nonantibody_chain
5ei4	nonantibody_chain
5eij	nonantibody_chain
5eir	nonantibody_chain
5eis	nonantibody_chain
5ek7	nonantibody_chain
5ek9	nonantibody_chain
5ekf	nonantibody_chain
5ekg	nonantibody_chain
5ekh	nonantibody_chain
5ekj	nonantibody_chain
5ekk	nonantibody_chain
5ekl	nonantibody_chain
5ekm	nonantibody_chain
5ekv	nonantibody_chain
5eld	nonantibody_chain
5elu	nonantibody_chain
5em5	nonantibody_chain
5em6	nonantibody_chain
5em7	nonantibody_chain
5em8	nonantibody_chain
5emz	nonantibody_chain
5en0	nonantibody_chain
5en2	cdr_similar
5enk	nonantibody_chain
5enl	nonantibody_chain
5enm	nonantibody_chain
5enw	nonantibody_chain
5eo0	nonantibody_chain
5eo1	nonantibody_chain
5eo7	nonantibody_chain
5eo8	nonantibody_chain
5eoc	cdr_similar
5eod	nonantibody_chain
5eoe	nonantibody_chain
5eoi	nonantibody_chain
5eok	nonantibody_chain
5eop	nonantibody_chain
5eoq	cdr_similar
5eor	cdr_similar
5eot	nonantibody_chain
5epm	cdr_similar
5epz	nonantibody_chain
5eqh	nonantibody_chain
5eqi	nonantibody_chain
5eql	nonantibody_chain
5eqo	nonantibody_chain
5er4	nonantibody_chain
5er5	nonantibody_chain
5erw	nonantibody_chain
5es1	nonantibody_chain
5esq	nonantibody_chain
5est	nonantibody_chain
5et3	nonantibody_chain
5et4	nonantibody_chain
5etu	nonantibody_chain
5eu3	nonantibody_chain
5eu4	nonantibody_chain
5eu5	nonantibody_chain
5eu6	nonantibody_chain
5eu8	nonantibody_chain
5eua	nonantibody_chain
5eug	nonantibody_chain
5eui	nonantibody_chain
5euk	nonantibody_chain
5ew8	nonantibody_chain
5ew9	nonantibody_chain
5ewi	cdr_similar
5ewx	nonantibody_chain
5ewz	nonantibody_chain
5exa	nonantibody_chain
5exl	nonantibody_chain
5exm	nonantibody_chain
5exn	nonantibody_chain
5exq	nonantibody_chain
5eya	nonantibody_chain
5eyl	nonantibody_chain
5eym	nonantibody_chain
5eyp	nonantibody_chain
5eyw	nonantibody_chain
5ez5	nonantibody_chain
5ez6	nonantibody_chain
5ezi	cdr_similar
5ezj	cdr_similar
5ezl	cdr_similar
5ezo	cdr_similar
5ezt	nonantibody_chain
5ezw	nonantibody_chain
5ezx	nonantibody_chain
5ezz	nonantibody_chain
5f00	nonantibody_chain
5f01	nonantibody_chain
5f02	nonantibody_chain
5f03	nonantibody_chain
5f0w	nonantibody_chain
5f14	nonantibody_chain
5f16	nonantibody_chain
5f1k	nonantibody_chain
5f1n	nonantibody_chain
5f1o	nonantibody_chain
5f21	nonantibody_chain
5f2d	nonantibody_chain
5f2e	nonantibody_chain
5f2f	nonantibody_chain
5f3f	nonantibody_chain
5f4n	nonantibody_chain
5f5z	nonantibody_chain
5f60	nonantibody_chain
5f61	nonantibody_chain
5f62	nonantibody_chain
5f63	nonantibody_chain
5f66	nonantibody_chain
5f6d	nonantibody_chain
5f6e	nonantibody_chain
5f6i	released_antibody_only
5f6m	nonantibody_chain
5f6u	nonantibody_chain
5f6v	nonantibody_chain
5f6w	nonantibody_chain
5f6x	nonantibody_chain
5f6y	nonantibody_chain
5f74	nonantibody_chain
5f7d	nonantibody_chain
5f7e	cdr_similar
5f7l	cdr_untransferred
5f81	nonantibody_chain
5f82	nonantibody_chain
5f83	nonantibody_chain
5f88	nonantibody_chain
5f89	released_antibody_only
5f8t	nonantibody_chain
5f8x	nonantibody_chain
5f8z	nonantibody_chain
5f94	nonantibody_chain
5f95	nonantibody_chain
5f96	released
5f9d	released
5f9j	nonantibody_chain
5f9o	cdr_similar
5f9u	nonantibody_chain
5f9x	nonantibody_chain
5fa3	nonantibody_chain
5fa4	nonantibody_chain
5fa5	nonantibody_chain
5fa7	nonantibody_chain
5fah	nonantibody_chain
5fao	nonantibody_chain
5fap	nonantibody_chain
5fb0	nonantibody_chain
5fb1	nonantibody_chain
5fb8	cdr_similar
5fbe	nonantibody_chain
5fbi	nonantibody_chain
5fbx	nonantibody_chain
5fbz	nonantibody_chain
5fc4	nonantibody_chain
5fc8	nonantibody_chain
5fcg	nonantibody_chain
5fck	nonantibody_chain
5fcp	nonantibody_chain
5fcr	nonantibody_chain
5fcs	cdr_similar
5fcu	released
5fd2	nonantibody_chain
5fda	nonantibody_chain
5fdb	nonantibody_chain
5fdc	nonantibody_chain
5fdi	nonantibody_chain
5fdj	nonantibody_chain
5fdo	nonantibody_chain
5fdr	nonantibody_chain
5fdw	nonantibody_chain
5fdz	nonantibody_chain
5fe0	nonantibody_chain
5fe1	nonantibody_chain
5fe2	nonantibody_chain
5fe3	nonantibody_chain
5fe4	nonantibody_chain
5fe5	nonantibody_chain
5fe6	nonantibody_chain
5fe7	nonantibody_chain
5fe8	nonantibody_chain
5fe9	nonantibody_chain
5fed	nonantibody_chain
5fee	nonantibody_chain
5fek	nonantibody_chain
5fel	nonantibody_chain
5feq	nonantibody_chain
5fer	nonantibody_chain
5ff6	nonantibody_chain
5ffn	nonantibody_chain
5ffv	nonantibody_chain
5fg8	nonantibody_chain
5fgb	cdr_similar
5fgc	cdr_similar
5fgk	nonantibody_chain
5fgu	nonantibody_chain
5fha	released_antibody_only
5fhb	cdr_similar
5fhv	nonantibody_chain
5fhw	nonantibody_chain
5fi1	nonantibody_chain
5fin	nonantibody_chain
5fio	nonantibody_chain
5fj2	nonantibody_chain
5fj3	nonantibody_chain
5fjb	nonantibody_chain
5fk9	nonantibody_chain
5fka	nonantibody_chain
5fkp	nonantibody_chain
5flo	nonantibody_chain
5flp	nonantibody_chain
5flq	nonantibody_chain
5flr	nonantibody_chain
5fls	nonantibody_chain
5flt	nonantibody_chain
5fmj	nonantibody_chain
5fmk	nonantibody_chain
5fng	nonantibody_chain
5fnh	nonantibody_chain
5fni	nonantibody_chain
5fnj	nonantibody_chain
5fnk	nonantibody_chain
5fnl	nonantibody_chain
5fnm	nonantibody_chain
5fp5	nonantibody_chain
5fp6	nonantibody_chain
5fq2	nonantibody_chain
5fqi	nonantibody_chain
5fqj	nonantibody_chain
5fqk	nonantibody_chain
5fqm	nonantibody_chain
5fqq	nonantibody_chain
5fr1	nonantibody_chain
5fr2	nonantibody_chain
5fs5	nonantibody_chain
5fst	nonantibody_chain
5fto	nonantibody_chain
5ftq	nonantibody_chain
5fuc	released
5fug	nonantibody_chain
5fv1	nonantibody_chain
5fv2	nonantibody_chain
5fve	nonantibody_chain
5fvf	nonantibody_chain
5fvg	nonantibody_chain
5fvi	nonantibody_chain
5fvo	nonantibody_chain
5fvy	nonantibody_chain
5fvz	nonantibody_chain
5fwe	nonantibody_chain
5fwg	nonantibody_chain
5fwo	released_antibody_only
5fx3	nonantibody_chain
5fxc	cdr_similar
5fxl	nonantibody_chain
5fxq	nonantibody_chain
5fxr	nonantibody_chain
5fxs	nonantibody_chain
5fxt	nonantibody_chain
5fyq	nonantibody_chain
5g01	nonantibody_chain
5g03	nonantibody_chain
5g0b	nonantibody_chain
5g0c	nonantibody_chain
5g15	nonantibody_chain
5g18	nonantibody_chain
5g1k	nonantibody_chain
5g1l	nonantibody_chain
5g1x	nonantibody_chain
5g27	nonantibody_chain
5g2n	nonantibody_chain
5g2z	nonantibody_chain
5g30	nonantibody_chain
5g31	nonantibody_chain
5g36	nonantibody_chain
5g38	nonantibody_chain
5g3a	nonantibody_chain
5g48	nonantibody_chain
5g4m	nonantibody_chain
5g4o	nonantibody_chain
5g4q	nonantibody_chain
5g53	nonantibody_chain
5g55	nonantibody_chain
5g5r	released
5g5x	released
5g65	nonantibody_chain
5g66	nonantibody_chain
5g67	nonantibody_chain
5g68	nonantibody_chain
5g69	nonantibody_chain
5g6a	nonantibody_chain
5g6b	nonantibody_chain
5g6c	nonantibody_chain
5g6d	nonantibody_chain
5g6e	nonantibody_chain
5g6f	nonantibody_chain
5g6g	nonantibody_chain
5g6h	nonantibody_chain
5g6i	nonantibody_chain
5g6j	nonantibody_chain
5g6k	nonantibody_chain
5g6l	nonantibody_chain
5g6m	nonantibody_chain
5g6n	nonantibody_chain
5g6o	nonantibody_chain
5g6p	nonantibody_chain
5g6q	nonantibody_chain
5gal	nonantibody_chain
5gds	nonantibody_chain
5ggq	cdr_similar
5ggt	nonantibody_chain
5ggu	cdr_similar
5ggv	cdr_similar
5gh9	nonantibody_chain
5ghk	nonantibody_chain
5ghv	nonantibody_chain
5ghw	nonantibody_chain
5ghx	nonantibody_chain
5ghy	nonantibody_chain
5ghz	nonantibody_chain
5gib	nonantibody_chain
5gik	nonantibody_chain
5gim	nonantibody_chain
5gir	nonantibody_chain
5gis	cdr_similar
5giy	nonantibody_chain
5gji	nonantibody_chain
5gjs	nonantibody_chain
5gjt	nonantibody_chain
5gjx	nonantibody_chain
5gjy	nonantibody_chain
5gks	cdr_similar
5gl8	nonantibody_chain
5gl9	nonantibody_chain
5gla	nonantibody_chain
5glb	nonantibody_chain
5glc	nonantibody_chain
5gld	nonantibody_chain
5gmm	nonantibody_chain
5gmn	nonantibody_chain
5gmp	nonantibody_chain
5gmq	nonantibody_chain
5gnk	nonantibody_chain
5go7	nonantibody_chain
5go8	nonantibody_chain
5gob	nonantibody_chain
5goc	nonantibody_chain
5god	nonantibody_chain
5gog	nonantibody_chain
5goh	nonantibody_chain
5goi	nonantibody_chain
5goj	nonantibody_chain
5gok	nonantibody_chain
5got	nonantibody_chain
5gpg	nonantibody_chain
5gr7	nonantibody_chain
5grd	nonantibody_chain
5grg	nonantibody_chain
5grj	nonantibody_chain
5grt	nonantibody_chain
5gru	nonantibody_chain
5grv	released_antibody_only
5grw	released_antibody_only
5grx	released_antibody_only
5gry	released_antibody_only
5grz	released_antibody_only
5gs3	released_antibody_only
5gs6	nonantibody_chain
5gsa	nonantibody_chain
5gsb	nonantibody_chain
5gsd	nonantibody_chain
5gsp	nonantibody_chain
5gsq	nonantibody_chain
5gsr	nonantibody_chain
5gss	nonantibody_chain
5gst	nonantibody_chain
5gsv	nonantibody_chain
5gsx	nonantibody_chain
5gtz	nonantibody_chain
5gu4	nonantibody_chain
5gv2	nonantibody_chain
5gv4	nonantibody_chain
5gvi	nonantibody_chain
5gvt	nonantibody_chain
5gw6	nonantibody_chain
5gwb	nonantibody_chain
5gwy	nonantibody_chain
5gwz	nonantibody_chain
5gxb	nonantibody_chain
5gxp	nonantibody_chain
5gxw	nonantibody_chain
5gy6	nonantibody_chain
5gy7	nonantibody_chain
5gz0	cdr_similar
5h07	nonantibody_chain
5h0n	nonantibody_chain
5h13	nonantibody_chain
5h14	nonantibody_chain
5h15	nonantibody_chain
5h17	nonantibody_chain
5h19	nonantibody_chain
5h21	nonantibody_chain
5h24	nonantibody_chain
5h25	nonantibody_chain
5h2b	cdr_similar
5h2h	nonantibody_chain
5h2i	nonantibody_chain
5h2j	nonantibody_chain
5h2k	nonantibody_chain
5h2l	nonantibody_chain
5h2m	nonantibody_chain
5h2n	nonantibody_chain
5h2o	nonantibody_chain
5h2p	nonantibody_chain
5h2w	nonantibody_chain
5h2x	nonantibody_chain
5h43	nonantibody_chain
5h5z	nonantibody_chain
5h6j	nonantibody_chain
5h6k	nonantibody_chain
5h6l	nonantibody_chain
5h6m	nonantibody_chain
5h6q	nonantibody_chain
5h6r	nonantibody_chain
5h7s	nonantibody_chain
5h87	nonantibody_chain
5h88	nonantibody_chain
5h89	nonantibody_chain
5h8b	nonantibody_chain
5h8d	released_antibody_only
5h8e	nonantibody_chain
5h8g	nonantibody_chain
5h94	nonantibody_chain
5h9b	nonantibody_chain
5h9q	nonantibody_chain
5h9s	nonantibody_chain
5hag	nonantibody_chain
5hav	nonantibody_chain
5hbd	nonantibody_chain
5hbe	nonantibody_chain
5hbh	nonantibody_chain
5hbj	nonantibody_chain
5hbt	nonantibody_chain
5hbv	nonantibody_chain
5hcl	nonantibody_chain
5hcx	nonantibody_chain
5hcy	nonantibody_chain
5hcz	nonantibody_chain
5hd0	nonantibody_chain
5hdo	released_antibody_only
5hdq	cdr_similar
5hdu	nonantibody_chain
5hdv	nonantibody_chain
5hdx	nonantibody_chain
5hdy	nonantibody_chain
5hdz	nonantibody_chain
5he4	nonantibody_chain
5he5	nonantibody_chain
5he7	nonantibody_chain
5heb	nonantibody_chain
5hed	nonantibody_chain
5hel	nonantibody_chain
5hem	nonantibody_chain
5hen	nonantibody_chain
5het	nonantibody_chain
5hey	nonantibody_chain
5hf0	nonantibody_chain
5hf1	nonantibody_chain
5hf2	nonantibody_chain
5hf3	nonantibody_chain
5hf4	nonantibody_chain
5hfb	nonantibody_chain
5hfc	nonantibody_chain
5hfd	nonantibody_chain
5hfe	nonantibody_chain
5hff	nonantibody_chain
5hfl	nonantibody_chain
5hfm	nonantibody_chain
5hfq	nonantibody_chain
5hfr	nonantibody_chain
5hfy	nonantibody_chain
5hg2	nonantibody_chain
5hg5	nonantibody_chain
5hg7	nonantibody_chain
5hg8	nonantibody_chain
5hg9	nonantibody_chain
5hga	nonantibody_chain
5hgc	nonantibody_chain
5hgd	nonantibody_chain
5hge	nonantibody_chain
5hgg	nonantibody_chain
5hgh	nonantibody_chain
5hgt	nonantibody_chain
5hh7	nonantibody_chain
5hhc	nonantibody_chain
5hhd	nonantibody_chain
5hhe	nonantibody_chain
5hhg	nonantibody_chain
5hhn	nonantibody_chain
5hho	nonantibody_chain
5hhp	nonantibody_chain
5hhq	nonantibody_chain
5hhv	cdr_similar
5hhw	nonantibody_chain
5hhx	cdr_similar
5hi1	nonantibody_chain
5hi2	nonantibody_chain
5hi6	nonantibody_chain
5hib	nonantibody_chain
5hic	nonantibody_chain
5hid	nonantibody_chain
5hir	nonantibody_chain
5hit	nonantibody_chain
5hjc	nonantibody_chain
5hkg	nonantibody_chain
5hkm	nonantibody_chain
5hkn	nonantibody_chain
5hkr	nonantibody_chain
5hll	nonantibody_chain
5hln	nonantibody_chain
5hlo	nonantibody_chain
5hlp	nonantibody_chain
5hlq	nonantibody_chain
5hls	nonantibody_chain
5hlu	nonantibody_chain
5hlv	nonantibody_chain
5hlx	nonantibody_chain
5hm0	nonantibody_chain
5hm1	released
5hm7	nonantibody_chain
5hmj	nonantibody_chain
5hmv	nonantibody_chain
5hnb	nonantibody_chain
5hnc	nonantibody_chain
5hng	nonantibody_chain
5hnl	nonantibody_chain
5ho7	nonantibody_chain
5ho8	nonantibody_chain
5hoh	nonantibody_chain
5hoz	nonantibody_chain
5hpj	nonantibody_chain
5hpk	nonantibody_chain
5hpl	nonantibody_chain
5hpm	nonantibody_chain
5hps	nonantibody_chain
5hpy	nonantibody_chain
5hq0	nonantibody_chain
5hq1	nonantibody_chain
5hq5	nonantibody_chain
5hq6	nonantibody_chain
5hq7	nonantibody_chain
5hr0	nonantibody_chain
5hr1	nonantibody_chain
5hr2	nonantibody_chain
5hr3	nonantibody_chain
5hsf	nonantibody_chain
5hsv	nonantibody_chain
5ht1	nonantibody_chain
5htd	nonantibody_chain
5hte	nonantibody_chain
5htg	nonantibody_chain
5htz	nonantibody_chain
5hu0	nonantibody_chain
5hu1	nonantibody_chain
5hu3	nonantibody_chain
5hu6	nonantibody_chain
5hu9	nonantibody_chain
5hua	nonantibody_chain
5hur	nonantibody_chain
5huw	nonantibody_chain
5huy	nonantibody_chain
5hvf	released
5hvh	released
5hvp	nonantibody_chain
5hvu	nonantibody_chain
5hvw	nonantibody_chain
5hvy	nonantibody_chain
5hw3	nonantibody_chain
5hw6	nonantibody_chain
5hw7	nonantibody_chain
5hw8	nonantibody_chain
5hw9	nonantibody_chain
5hwb	nonantibody_chain
5hwc	nonantibody_chain
5hwl	nonantibody_chain
5hx6	nonantibody_chain
5hx9	nonantibody_chain
5hy9	nonantibody_chain
5hyd	nonantibody_chain
5hye	nonantibody_chain
5hyf	nonantibody_chain
5hyi	nonantibody_chain
5hyo	nonantibody_chain
5hyq	nonantibody_chain
5hze	nonantibody_chain
5hzh	nonantibody_chain
5hzi	nonantibody_chain
5hzj	nonantibody_chain
5hzo	nonantibody_chain
5i0a	nonantibody_chain
5i0b	nonantibody_chain
5i0r	nonantibody_chain
5i0s	nonantibody_chain
5i0t	nonantibody_chain
5i0u	nonantibody_chain
5i0x	nonantibody_chain
5i0y	nonantibody_chain
5i0z	released_antibody_only
5i14	nonantibody_chain
5i15	cdr_similar
5i16	cdr_similar
5i17	cdr_similar
5i18	cdr_similar
5i19	cdr_similar
5i1a	cdr_similar
5i1c	cdr_similar
5i1d	cdr_similar
5i1e	cdr_similar
5i1g	cdr_similar
5i1h	cdr_similar
5i1i	cdr_similar
5i1j	cdr_similar
5i1k	cdr_similar
5i1l	cdr_similar
5i1n	nonantibody_chain
5i1o	nonantibody_chain
5i1p	nonantibody_chain
5i1s	nonantibody_chain
5i25	nonantibody_chain
5i26	nonantibody_chain
5i2i	nonantibody_chain
5i30	cdr_similar
5i3f	nonantibody_chain
5i3g	nonantibody_chain
5i3h	nonantibody_chain
5i3i	nonantibody_chain
5i3j	nonantibody_chain
5i3k	nonantibody_chain
5i3l	nonantibody_chain
5i3v	nonantibody_chain
5i3w	nonantibody_chain
5i3x	nonantibody_chain
5i3y	nonantibody_chain
5i46	nonantibody_chain
5i4w	nonantibody_chain
5i4x	nonantibody_chain
5i4y	nonantibody_chain
5i53	nonantibody_chain
5i54	nonantibody_chain
5i5q	nonantibody_chain
5i5z	nonantibody_chain
5i66	cdr_similar
5i69	nonantibody_chain
5i6x	cdr_similar
5i6z	cdr_similar
5i71	cdr_similar
5i73	cdr_similar
5i74	cdr_similar
5i75	cdr_similar
5i76	cdr_similar
5i7q	nonantibody_chain
5i80	nonantibody_chain
5i88	nonantibody_chain
5i8a	nonantibody_chain
5i8c	cdr_similar
5i8e	cdr_similar
5i8k	released_antibody_only
5i8o	released_antibody_only
5i98	nonantibody_chain
5i9b	nonantibody_chain
5i9o	nonantibody_chain
5i9p	nonantibody_chain
5i9s	nonantibody_chain
5i9t	nonantibody_chain
5i9u	nonantibody_chain
5i9v	nonantibody_chain
5i9w	nonantibody_chain
5i9x	nonantibody_chain
5i9y	nonantibody_chain
5i9z	nonantibody_chain
5ia0	nonantibody_chain
5ia1	nonantibody_chain
5ia2	nonantibody_chain
5ia3	nonantibody_chain
5ia4	nonantibody_chain
5ia5	nonantibody_chain
5iab	nonantibody_chain
5iae	nonantibody_chain
5iag	nonantibody_chain
5iaj	nonantibody_chain
5iak	nonantibody_chain
5ian	nonantibody_chain
5iar	nonantibody_chain
5ias	nonantibody_chain
5ib1	nonantibody_chain
5ib2	nonantibody_chain
5ib3	nonantibody_chain
5ib4	nonantibody_chain
5ib5	nonantibody_chain
5ibc	nonantibody_chain
5ibk	nonantibody_chain
5ibn	nonantibody_chain
5ibo	nonantibody_chain
5ibp	nonantibody_chain
5ibr	nonantibody_chain
5ibt	cdr_similar
5ibu	released_antibody_only
5ibw	nonantibody_chain
5ic4	nonantibody_chain
5ic6	nonantibody_chain
5icp	nonantibody_chain
5icx	nonantibody_chain
5icy	nonantibody_chain
5icz	nonantibody_chain
5id0	cdr_similar
5id1	nonantibody_chain
5id2	nonantibody_chain
5id9	nonantibody_chain
5idd	nonantibody_chain
5idn	nonantibody_chain
5idp	nonantibody_chain
5idz	nonantibody_chain
5ie1	nonantibody_chain
5ieh	nonantibody_chain
5iek	nonantibody_chain
5iel	nonantibody_chain
5ies	cdr_similar
5iev	nonantibody_chain
5iex	nonantibody_chain
5iey	nonantibody_chain
5iez	nonantibody_chain
5if4	nonantibody_chain
5ifa	cdr_similar
5ifh	cdr_similar
5ifo	nonantibody_chain
5ifr	nonantibody_chain
5ig1	nonantibody_chain
5ig6	nonantibody_chain
5igb	nonantibody_chain
5igc	nonantibody_chain
5igd	nonantibody_chain
5ige	nonantibody_chain
5igf	nonantibody_chain
5igg	nonantibody_chain
5igk	nonantibody_chain
5ihg	nonantibody_chain
5ihu	cdr_similar
5ihv	nonantibody_chain
5ii3	nonantibody_chain
5iie	released_antibody_only
5iih	nonantibody_chain
5iiu	nonantibody_chain
5iix	nonantibody_chain
5ij5	nonantibody_chain
5ije	nonantibody_chain
5ijf	nonantibody_chain
5ijk	cdr_similar
5ik3	cdr_similar
5iks	nonantibody_chain
5ilc	nonantibody_chain
5ile	nonantibody_chain
5ilf	nonantibody_chain
5ilm	nonantibody_chain
5ilp	nonantibody_chain
5ilr	nonantibody_chain
5ilt	cdr_similar
5im7	nonantibody_chain
5imk	released
5iml	released
5imm	released
5imo	released
5imx	nonantibody_chain
5in1	nonantibody_chain
5inb	nonantibody_chain
5inc	nonantibody_chain
5ind	nonantibody_chain
5io1	nonantibody_chain
5io5	nonantibody_chain
5io6	nonantibody_chain
5io7	nonantibody_chain
5ioc	nonantibody_chain
5iod	nonantibody_chain
5ioh	nonantibody_chain
5iop	nonantibody_chain
5ip4	released
5ip5	nonantibody_chain
5iq7	cdr_similar
5iq9	cdr_similar
5iqp	nonantibody_chain
5iqw	nonantibody_chain
5iqx	nonantibody_chain
5iqz	nonantibody_chain
5ir1	nonantibody_chain
5ir3	released_antibody_only
5irc	nonantibody_chain
5isp	nonantibody_chain
5isq	nonantibody_chain
5ist	nonantibody_chain
5isz	nonantibody_chain
5it2	released_antibody_only
5ita	nonantibody_chain
5itb	cdr_similar
5itc	nonantibody_chain
5ite	nonantibody_chain
5itf	nonantibody_chain
5itz	nonantibody_chain
5iu4	nonantibody_chain
5iu7	nonantibody_chain
5iu8	nonantibody_chain
5iua	nonantibody_chain
5iub	nonantibody_chain
5iug	nonantibody_chain
5iuh	nonantibody_chain
5iui	nonantibody_chain
5ius	nonantibody_chain
5iv2	nonantibody_chain
5ivo	released_antibody_only
5ivq	nonantibody_chain
5ivr	nonantibody_chain
5ivs	nonantibody_chain
5ivt	nonantibody_chain
5ivx	nonantibody_chain
5ivz	nonantibody_chain
5iw3	nonantibody_chain
5iw6	nonantibody_chain
5ix1	nonantibody_chain
5ix2	nonantibody_chain
5iy3	nonantibody_chain
5iy4	nonantibody_chain
5izf	nonantibody_chain
5izj	nonantibody_chain
5j03	nonantibody_chain
5j13	cdr_similar
5j17	nonantibody_chain
5j18	nonantibody_chain
5j1a	nonantibody_chain
5j1s	released
5j1t	released
5j26	nonantibody_chain
5j28	nonantibody_chain
5j2o	nonantibody_chain
5j2r	nonantibody_chain
5j31	nonantibody_chain
5j3h	released
5j3n	nonantibody_chain
5j41	nonantibody_chain
5j4i	nonantibody_chain
5j4n	nonantibody_chain
5j4q	nonantibody_chain
5j4s	nonantibody_chain
5j56	nonantibody_chain
5j57	nonantibody_chain
5j5o	nonantibody_chain
5j5x	nonantibody_chain
5j5y	nonantibody_chain
5j5z	nonantibody_chain
5j6e	nonantibody_chain
5j6h	nonantibody_chain
5j79	nonantibody_chain
5j7a	nonantibody_chain
5j7b	nonantibody_chain
5j7c	nonantibody_chain
5j7j	nonantibody_chain
5j89	nonantibody_chain
5j8o	nonantibody_chain
5j8p	nonantibody_chain
5j8z	nonantibody_chain
5j94	nonantibody_chain
5j95	nonantibody_chain
5j99	nonantibody_chain
5j9a	nonantibody_chain
5j9p	cdr_similar
5j9s	nonantibody_chain
5j9y	nonantibody_chain
5j9z	nonantibody_chain
5ja4	nonantibody_chain
5ja7	nonantibody_chain
5ja8	released
5ja9	cdr_untransferred
5jb4	nonantibody_chain
5jb5	nonantibody_chain
5jb6	nonantibody_chain
5jb7	nonantibody_chain
5jb8	nonantibody_chain
5jb9	nonantibody_chain
5jba	nonantibody_chain
5jbb	nonantibody_chain
5jbc	nonantibody_chain
5jbn	nonantibody_chain
5jbt	nonantibody_chain
5jbv	nonantibody_chain
5jby	nonantibody_chain
5jcp	nonantibody_chain
5jcq	nonantibody_chain
5jcr	nonantibody_chain
5jcu	nonantibody_chain
5jcw	nonantibody_chain
5jdr	nonantibody_chain
5jds	nonantibody_chain
5jdt	nonantibody_chain
5jdu	nonantibody_chain
5jdv	nonantibody_chain
5je7	nonantibody_chain
5jeb	nonantibody_chain
5jeg	nonantibody_chain
5jeh	nonantibody_chain
5jen	nonantibody_chain
5jep	nonantibody_chain
5jes	nonantibody_chain
5jfd	nonantibody_chain
5jfp	nonantibody_chain
5jfs	nonantibody_chain
5jfu	nonantibody_chain
5jfv	nonantibody_chain
5jfw	nonantibody_chain
5jfx	nonantibody_chain
5jg0	nonantibody_chain
5jg1	nonantibody_chain
5jg3	nonantibody_chain
5jg5	nonantibody_chain
5jg6	nonantibody_chain
5jgn	nonantibody_chain
5jgr	nonantibody_chain
5jgs	nonantibody_chain
5jgt	nonantibody_chain
5jgu	nonantibody_chain
5jgv	nonantibody_chain
5jgx	nonantibody_chain
5jgz	nonantibody_chain
5jh3	nonantibody_chain
5jha	nonantibody_chain
5jhb	nonantibody_chain
5jhl	nonantibody_chain
5jhm	nonantibody_chain
5jih	nonantibody_chain
5jii	nonantibody_chain
5jik	nonantibody_chain
5jje	nonantibody_chain
5jjf	nonantibody_chain
5jjj	nonantibody_chain
5jjn	nonantibody_chain
5jlg	nonantibody_chain
5jly	nonantibody_chain
5jlz	nonantibody_chain
5jm4	nonantibody_chain
5jmg	nonantibody_chain
5jml	nonantibody_chain
5jmr	released_antibody_only
5jmz	nonantibody_chain
5jn3	nonantibody_chain
5jn7	nonantibody_chain
5jn8	nonantibody_chain
5jn9	nonantibody_chain
5jna	nonantibody_chain
5jnc	nonantibody_chain
5jnr	nonantibody_chain
5jns	nonantibody_chain
5jnt	nonantibody_chain
5jnu	nonantibody_chain
5jnv	nonantibody_chain
5jnw	nonantibody_chain
5jny	cdr_similar
5jo4	cdr_similar
5job	nonantibody_chain
5jom	nonantibody_chain
5jop	cdr_untransferred
5jpc	nonantibody_chain
5jpj	cdr_similar
5jq0	nonantibody_chain
5jq5	nonantibody_chain
5jq6	nonantibody_chain
5jq8	nonantibody_chain
5jqa	nonantibody_chain
5jqd	cdr_similar
5jqs	nonantibody_chain
5jqt	nonantibody_chain
5jr1	cdr_similar
5jr4	nonantibody_chain
5jrm	nonantibody_chain
5jrn	nonantibody_chain
5jrp	released_antibody_only
5jrq	nonantibody_chain
5jsi	nonantibody_chain
5jsn	nonantibody_chain
5jst	nonantibody_chain
5jt2	nonantibody_chain
5jtb	nonantibody_chain
5jth	nonantibody_chain
5jtj	nonantibody_chain
5jue	cdr_similar
5jw3	nonantibody_chain
5jw5	cdr_similar
5jw7	nonantibody_chain
5jwd	nonantibody_chain
5jwm	nonantibody_chain
5jws	nonantibody_chain
5jwt	nonantibody_chain
5jwu	nonantibody_chain
5jwv	nonantibody_chain
5jww	nonantibody_chain
5jxa	released_antibody_only
5jxp	nonantibody_chain
5jy0	nonantibody_chain
5jy5	nonantibody_chain
5jyi	nonantibody_chain
5jyl	cdr_similar
5jz8	nonantibody_chain
5jzj	nonantibody_chain
5jzk	nonantibody_chain
5jzl	nonantibody_chain
5jzn	nonantibody_chain
5jzu	nonantibody_chain
5jzy	nonantibody_chain
5k06	nonantibody_chain
5k08	nonantibody_chain
5k0h	nonantibody_chain
5k0m	nonantibody_chain
5k10	nonantibody_chain
5k11	nonantibody_chain
5k1z	nonantibody_chain
5k20	nonantibody_chain
5k2a	nonantibody_chain
5k2b	nonantibody_chain
5k2c	nonantibody_chain
5k2d	nonantibody_chain
5k2k	nonantibody_chain
5k2n	nonantibody_chain
5k2p	nonantibody_chain
5k2q	nonantibody_chain
5k2r	nonantibody_chain
5k2s	nonantibody_chain
5k33	nonantibody_chain
5k4j	nonantibody_chain
5k5n	nonantibody_chain
5k5p	nonantibody_chain
5k64	nonantibody_chain
5k65	nonantibody_chain
5k6c	nonantibody_chain
5k6f	nonantibody_chain
5k6g	nonantibody_chain
5k6i	nonantibody_chain
5k6k	nonantibody_chain
5k7l	nonantibody_chain
5k7o	nonantibody_chain
5k7p	nonantibody_chain
5k7r	nonantibody_chain
5k7s	nonantibody_chain
5k8q	nonantibody_chain
5k99	nonantibody_chain
5k9j	cdr_similar
5k9p	nonantibody_chain
5k9s	nonantibody_chain
5k9v	nonantibody_chain
5k9w	nonantibody_chain
5k9y	nonantibody_chain
5ka0	nonantibody_chain
5ka1	nonantibody_chain
5ka2	nonantibody_chain
5ka3	nonantibody_chain
5ka4	nonantibody_chain
5ka5	nonantibody_chain
5ka6	nonantibody_chain
5ka7	nonantibody_chain
5ka8	nonantibody_chain
5ka9	nonantibody_chain
5kaa	nonantibody_chain
5kab	nonantibody_chain
5kac	nonantibody_chain
5kad	nonantibody_chain
5kae	nonantibody_chain
5kao	nonantibody_chain
5kb3	nonantibody_chain
5kbn	nonantibody_chain
5kd1	nonantibody_chain
5kd4	nonantibody_chain
5kdh	nonantibody_chain
5kdl	nonantibody_chain
5kdm	nonantibody_chain
5kdo	nonantibody_chain
5kdq	nonantibody_chain
5kee	nonantibody_chain
5kg9	released_antibody_only
5kgr	nonantibody_chain
5kh3	nonantibody_chain
5kh7	nonantibody_chain
5kh9	nonantibody_chain
5khm	nonantibody_chain
5kho	nonantibody_chain
5kht	nonantibody_chain
5khy	nonantibody_chain
5khz	nonantibody_chain
5ki1	nonantibody_chain
5ki2	nonantibody_chain
5ki3	nonantibody_chain
5ki8	nonantibody_chain
5kig	nonantibody_chain
5kii	nonantibody_chain
5kim	nonantibody_chain
5kio	nonantibody_chain
5kj0	nonantibody_chain
5kj9	nonantibody_chain
5kjr	cdr_similar
5kke	nonantibody_chain
5kkh	nonantibody_chain
5kki	nonantibody_chain
5kkj	nonantibody_chain
5kkk	nonantibody_chain
5kkr	nonantibody_chain
5kks	nonantibody_chain
5kkt	nonantibody_chain
5kkv	nonantibody_chain
5klr	nonantibody_chain
5klt	nonantibody_chain
5klu	nonantibody_chain
5klx	nonantibody_chain
5kmi	nonantibody_chain
5kmj	nonantibody_chain
5kmk	nonantibody_chain
5kml	nonantibody_chain
5kmm	nonantibody_chain
5kmn	nonantibody_chain
5kmo	nonantibody_chain
5kmt	nonantibody_chain
5kmu	nonantibody_chain
5kmw	nonantibody_chain
5kn5	cdr_similar
5kng	nonantibody_chain
5knh	nonantibody_chain
5knm	nonantibody_chain
5kom	nonantibody_chain
5kpf	nonantibody_chain
5kpk	nonantibody_chain
5kpl	nonantibody_chain
5kpm	nonantibody_chain
5kqf	nonantibody_chain
5kqg	nonantibody_chain
5kql	nonantibody_chain
5kqm	nonantibody_chain
5kqp	nonantibody_chain
5kqx	nonantibody_chain
5kqy	nonantibody_chain
5kqz	nonantibody_chain
5kr0	nonantibody_chain
5kr1	nonantibody_chain
5kr2	nonantibody_chain
5kr8	nonantibody_chain
5kru	nonantibody_chain
5ksa	nonantibody_chain
5ksc	nonantibody_chain
5ksi	nonantibody_chain
5ksj	nonantibody_chain
5kte	cdr_similar
5ktg	nonantibody_chain
5ktq	nonantibody_chain
5ktz	released
5ku0	released
5ku2	released
5ku3	nonantibody_chain
5ku6	nonantibody_chain
5ku8	nonantibody_chain
5ku9	nonantibody_chain
5kul	nonantibody_chain
5kun	nonantibody_chain
5kuo	nonantibody_chain
5kuq	nonantibody_chain
5kur	nonantibody_chain
5kus	nonantibody_chain
5kuu	nonantibody_chain
5kuv	nonantibody_chain
5kuw	nonantibody_chain
5kuz	nonantibody_chain
5kv0	nonantibody_chain
5kv1	nonantibody_chain
5kv2	nonantibody_chain
5kv3	nonantibody_chain
5kv4	nonantibody_chain
5kv5	nonantibody_chain
5kv6	nonantibody_chain
5kv7	nonantibody_chain
5kvd	nonantibody_chain
5kve	nonantibody_chain
5kvf	nonantibody_chain
5kvg	nonantibody_chain
5kvl	cdr_similar
5kvm	nonantibody_chain
5kvt	nonantibody_chain
5kw9	cdr_similar
5kwg	nonantibody_chain
5kwh	nonantibody_chain
5kwl	released
5kwm	nonantibody_chain
5kww	nonantibody_chain
5kxk	nonantibody_chain
5kxl	nonantibody_chain
5kxm	nonantibody_chain
5kxn	nonantibody_chain
5kxo	nonantibody_chain
5kxp	nonantibody_chain
5kxr	nonantibody_chain
5kxs	nonantibody_chain
5kxt	nonantibody_chain
5kxu	nonantibody_chain
5kxv	nonantibody_chain
5kxw	nonantibody_chain
5kxx	nonantibody_chain
5kxy	nonantibody_chain
5kxz	nonantibody_chain
5ky1	nonantibody_chain
5kyc	nonantibody_chain
5kyd	nonantibody_chain
5kye	nonantibody_chain
5kyf	nonantibody_chain
5kyi	nonantibody_chain
5kyk	nonantibody_chain
5kyl	nonantibody_chain
5kz0	nonantibody_chain
5kz7	nonantibody_chain
5kz8	nonantibody_chain
5l0c	nonantibody_chain
5l0d	nonantibody_chain
5l0f	nonantibody_chain
5l0g	nonantibody_chain
5l0h	nonantibody_chain
5l0i	nonantibody_chain
5l0j	nonantibody_chain
5l2i	nonantibody_chain
5l2j	nonantibody_chain
5l2k	nonantibody_chain
5l2s	nonantibody_chain
5l2t	nonantibody_chain
5l2w	nonantibody_chain
5l2y	nonantibody_chain
5l2z	nonantibody_chain
5l30	nonantibody_chain
5l31	nonantibody_chain
5l32	nonantibody_chain
5l3a	nonantibody_chain
5l3b	nonantibody_chain
5l3c	nonantibody_chain
5l3d	nonantibody_chain
5l3h	nonantibody_chain
5l3i	nonantibody_chain
5l3o	nonantibody_chain
5l4t	nonantibody_chain
5l4u	nonantibody_chain
5l4v	nonantibody_chain
5l4w	nonantibody_chain
5l4x	nonantibody_chain
5l4y	nonantibody_chain
5l57	nonantibody_chain
5l58	nonantibody_chain
5l6k	nonantibody_chain
5l6n	nonantibody_chain
5l6o	nonantibody_chain
5l6p	nonantibody_chain
5l6q	cdr_similar
5l6t	nonantibody_chain
5l6x	nonantibody_chain
5l6y	released
5l70	nonantibody_chain
5l7x	cdr_similar
5l88	cdr_similar
5l8h	nonantibody_chain
5l8j	nonantibody_chain
5l8k	nonantibody_chain
5l8l	nonantibody_chain
5l8w	nonantibody_chain
5l9d	cdr_similar
5l9j	nonantibody_chain
5l9y	nonantibody_chain
5l9z	nonantibody_chain
5la4	nonantibody_chain
5la5	nonantibody_chain
5la7	nonantibody_chain
5la8	nonantibody_chain
5laf	nonantibody_chain
5lag	nonantibody_chain
5lan	nonantibody_chain
5lap	nonantibody_chain
5lax	nonantibody_chain
5lbn	nonantibody_chain
5lbv	nonantibody_chain
5lce	nonantibody_chain
5lcp	nonantibody_chain
5lcq	nonantibody_chain
5lcr	nonantibody_chain
5lct	nonantibody_chain
5lcu	nonantibody_chain
5lcz	nonantibody_chain
5ld0	nonantibody_chain
5ldd	nonantibody_chain
5lem	nonantibody_chain
5lfg	nonantibody_chain
5lft	nonantibody_chain
5lg1	nonantibody_chain
5lgh	cdr_similar
5lgj	nonantibody_chain
5lgo	nonantibody_chain
5lh4	nonantibody_chain
5lh8	nonantibody_chain
5lhg	nonantibody_chain
5lhh	nonantibody_chain
5lhi	nonantibody_chain
5lhn	nonantibody_chain
5lho	nonantibody_chain
5lhp	nonantibody_chain
5lhq	nonantibody_chain
5lhr	nonantibody_chain
5lhs	nonantibody_chain
5lin	nonantibody_chain
5lio	nonantibody_chain
5lj1	nonantibody_chain
5lj2	nonantibody_chain
5ljq	nonantibody_chain
5ljt	nonantibody_chain
5lk4	nonantibody_chain
5lke	nonantibody_chain
5lkf	nonantibody_chain
5ll4	nonantibody_chain
5ll7	nonantibody_chain
5ll8	nonantibody_chain
5lla	nonantibody_chain
5llc	nonantibody_chain
5lle	nonantibody_chain
5llg	nonantibody_chain
5llh	nonantibody_chain
5lln	nonantibody_chain
5lma	nonantibody_chain
5lmb	nonantibody_chain
5lmd	nonantibody_chain
5lmj	released_antibody_only
5lmw	released_antibody_only
5ln1	nonantibody_chain
5lof	nonantibody_chain
5lpd	nonantibody_chain
5lpe	nonantibody_chain
5lpf	nonantibody_chain
5lqb	cdr_similar
5lrq	nonantibody_chain
5lrv	nonantibody_chain
5lrw	nonantibody_chain
5lsh	nonantibody_chain
5ltr	nonantibody_chain
5lu1	nonantibody_chain
5lu2	nonantibody_chain
5lud	nonantibody_chain
5luu	nonantibody_chain
5lve	cdr_similar
5lvg	nonantibody_chain
5lvh	nonantibody_chain
5lvi	nonantibody_chain
5lvj	nonantibody_chain
5lvk	nonantibody_chain
5lvl	nonantibody_chain
5lvm	nonantibody_chain
5lvn	nonantibody_chain
5lvo	nonantibody_chain
5lvq	nonantibody_chain
5lvr	nonantibody_chain
5lvs	nonantibody_chain
5lvz	nonantibody_chain
5lw2	nonantibody_chain
5lwf	nonantibody_chain
5lwo	nonantibody_chain
5lwy	cdr_similar
5lx2	nonantibody_chain
5lx9	cdr_similar
5lxa	cdr_similar
5lxg	cdr_similar
5lxm	nonantibody_chain
5lxw	nonantibody_chain
5lyc	nonantibody_chain
5lyg	nonantibody_chain
5lyk	nonantibody_chain
5lym	nonantibody_chain
5lyo	nonantibody_chain
5lyt	nonantibody_chain
5lyz	nonantibody_chain
5lz0	released_antibody_only
5lzg	nonantibody_chain
5lzh	nonantibody_chain
5lzi	nonantibody_chain
5lzj	nonantibody_chain
5lzm	nonantibody_chain
5m01	nonantibody_chain
5m02	nonantibody_chain
5m0b	nonantibody_chain
5m0c	nonantibody_chain
5m0l	nonantibody_chain
5m0u	nonantibody_chain
5m13	nonantibody_chain
5m14	nonantibody_chain
5m15	nonantibody_chain
5m1y	nonantibody_chain
5m23	nonantibody_chain
5m25	nonantibody_chain
5m2c	nonantibody_chain
5m2j	nonantibody_chain
5m2w	cdr_similar
5m33	nonantibody_chain
5m35	nonantibody_chain
5m36	nonantibody_chain
5m37	nonantibody_chain
5m39	nonantibody_chain
5m3a	nonantibody_chain
5m3d	nonantibody_chain
5m3s	nonantibody_chain
5m3t	nonantibody_chain
5m3v	nonantibody_chain
5m44	nonantibody_chain
5m4c	nonantibody_chain
5m4f	nonantibody_chain
5m4i	nonantibody_chain
5m4r	nonantibody_chain
5m4u	nonantibody_chain
5m4v	nonantibody_chain
5m51	nonantibody_chain
5m53	nonantibody_chain
5m55	nonantibody_chain
5m56	nonantibody_chain
5m57	nonantibody_chain
5m5r	nonantibody_chain
5m5s	nonantibody_chain
5m5t	nonantibody_chain
5m5u	nonantibody_chain
5m5v	nonantibody_chain
5m61	nonantibody_chain
5m63	released_antibody_only
5m6a	cdr_similar
5m6i	released_antibody_only
5m6v	nonantibody_chain
5m6x	nonantibody_chain
5m6y	nonantibody_chain
5m70	nonantibody_chain
5m71	nonantibody_chain
5m75	nonantibody_chain
5m76	released_antibody_only
5m78	nonantibody_chain
5m7q	cdr_untransferred
5m7v	nonantibody_chain
5m7w	nonantibody_chain
5m7x	nonantibody_chain
5m7z	nonantibody_chain
5m80	nonantibody_chain
5m81	nonantibody_chain
5m82	nonantibody_chain
5m83	nonantibody_chain
5m84	nonantibody_chain
5m85	nonantibody_chain
5m93	nonantibody_chain
5m9a	nonantibody_chain
5m9c	nonantibody_chain
5m9g	nonantibody_chain
5m9j	nonantibody_chain
5m9m	nonantibody_chain
5m9p	nonantibody_chain
5m9q	nonantibody_chain
5m9r	nonantibody_chain
5m9s	nonantibody_chain
5m9t	nonantibody_chain
5m9v	nonantibody_chain
5ma3	nonantibody_chain
5ma4	nonantibody_chain
5ma6	nonantibody_chain
5ma8	nonantibody_chain
5mae	nonantibody_chain
5maj	nonantibody_chain
5mbl	nonantibody_chain
5mbm	nonantibody_chain
5mbn	nonantibody_chain
5mbw	nonantibody_chain
5mca	nonantibody_chain
5mco	nonantibody_chain
5mcq	nonantibody_chain
5men	nonantibody_chain
5meo	nonantibody_chain
5mep	nonantibody_chain
5meq	nonantibody_chain
5mer	nonantibody_chain
5mes	nonantibody_chain
5mev	nonantibody_chain
5mg9	nonantibody_chain
5mgi	nonantibody_chain
5mhc	nonantibody_chain
5mhe	cdr_similar
5mhg	cdr_similar
5mhi	nonantibody_chain
5mhq	nonantibody_chain
5mja	nonantibody_chain
5mjb	nonantibody_chain
5mjj	nonantibody_chain
5mjl	nonantibody_chain
5mjn	nonantibody_chain
5mjt	nonantibody_chain
5mjz	nonantibody_chain
5mk0	nonantibody_chain
5mk2	nonantibody_chain
5mkx	nonantibody_chain
5mkz	nonantibody_chain
5ml0	nonantibody_chain
5ml9	nonantibody_chain
5mla	nonantibody_chain
5mli	nonantibody_chain
5mlj	nonantibody_chain
5mlo	nonantibody_chain
5mls	nonantibody_chain
5mlw	nonantibody_chain
5mm3	nonantibody_chain
5mm6	nonantibody_chain
5mn1	nonantibody_chain
5mn2	nonantibody_chain
5mn9	nonantibody_chain
5mna	nonantibody_chain
5mnb	nonantibody_chain
5mnc	nonantibody_chain
5mne	nonantibody_chain
5mnf	nonantibody_chain
5mng	nonantibody_chain
5mnh	nonantibody_chain
5mnj	nonantibody_chain
5mnk	nonantibody_chain
5mnl	nonantibody_chain
5mnm	nonantibody_chain
5mnn	nonantibody_chain
5mno	nonantibody_chain
5mnp	nonantibody_chain
5mnq	nonantibody_chain
5mnx	nonantibody_chain
5mny	nonantibody_chain
5mnz	nonantibody_chain
5mo0	nonantibody_chain
5mo1	nonantibody_chain
5mo2	nonantibody_chain
5mo3	cdr_similar
5mo4	nonantibody_chain
5mo5	nonantibody_chain
5mo6	nonantibody_chain
5mo9	cdr_similar
5moc	nonantibody_chain
5moj	nonantibody_chain
5mok	nonantibody_chain
5mol	nonantibody_chain
5mom	nonantibody_chain
5mon	nonantibody_chain
5moo	nonantibody_chain
5mop	nonantibody_chain
5moq	nonantibody_chain
5mor	nonantibody_chain
5mos	nonantibody_chain
5mot	nonantibody_chain
5mov	nonantibody_chain
5mow	nonantibody_chain
5mp2	released
5mp3	cdr_similar
5mp6	released_antibody_only
5mqy	nonantibody_chain
5mrd	nonantibody_chain
5ms3	nonantibody_chain
5ms4	nonantibody_chain
5mse	nonantibody_chain
5mt0	nonantibody_chain
5mt4	nonantibody_chain
5mth	cdr_similar
5mtj	nonantibody_chain
5mtl	cdr_similar
5mtm	nonantibody_chain
5mtn	nonantibody_chain
5mts	nonantibody_chain
5muc	nonantibody_chain
5mud	cdr_similar
5muh	cdr_untransferred
5muq	cdr_similar
5mvg	released_antibody_only
5mvv	nonantibody_chain
5mvw	nonantibody_chain
5mw0	nonantibody_chain
5mw9	nonantibody_chain
5mwe	nonantibody_chain
5mwt	nonantibody_chain
5mwx	nonantibody_chain
5mx3	cdr_similar
5mxc	nonantibody_chain
5mxo	nonantibody_chain
5my4	cdr_similar
5my9	nonantibody_chain
5myc	nonantibody_chain
5myk	cdr_similar
5myo	cdr_similar
5myx	nonantibody_chain
5myy	nonantibody_chain
5mz7	nonantibody_chain
5mza	nonantibody_chain
5mzj	nonantibody_chain
5mzm	nonantibody_chain
5mzp	nonantibody_chain
5mzv	released
5n0d	nonantibody_chain
5n0e	nonantibody_chain
5n10	nonantibody_chain
5n19	nonantibody_chain
5n1d	nonantibody_chain
5n1e	nonantibody_chain
5n1f	nonantibody_chain
5n1g	nonantibody_chain
5n1h	nonantibody_chain
5n1k	nonantibody_chain
5n1l	nonantibody_chain
5n1m	nonantibody_chain
5n1n	nonantibody_chain
5n1o	nonantibody_chain
5n1r	nonantibody_chain
5n1s	nonantibody_chain
5n1v	nonantibody_chain
5n1y	nonantibody_chain
5n23	nonantibody_chain
5n24	nonantibody_chain
5n25	nonantibody_chain
5n2d	nonantibody_chain
5n2f	nonantibody_chain
5n2l	nonantibody_chain
5n2m	nonantibody_chain
5n2r	nonantibody_chain
5n2s	nonantibody_chain
5n2w	nonantibody_chain
5n32	nonantibody_chain
5n33	nonantibody_chain
5n36	nonantibody_chain
5n37	nonantibody_chain
5n38	nonantibody_chain
5n39	nonantibody_chain
5n3a	nonantibody_chain
5n3b	nonantibody_chain
5n3c	nonantibody_chain
5n3d	nonantibody_chain
5n3e	nonantibody_chain
5n3f	nonantibody_chain
5n3g	nonantibody_chain
5n3h	nonantibody_chain
5n3i	nonantibody_chain
5n3j	nonantibody_chain
5n3k	nonantibody_chain
5n3l	nonantibody_chain
5n3m	nonantibody_chain
5n3n	nonantibody_chain
5n3o	nonantibody_chain
5n3p	nonantibody_chain
5n3q	nonantibody_chain
5n3r	nonantibody_chain
5n3s	nonantibody_chain
5n3t	nonantibody_chain
5n4g	released_antibody_only
5n4j	released_antibody_only
5n4w	nonantibody_chain
5n5o	nonantibody_chain
5n5r	nonantibody_chain
5n5t	nonantibody_chain
5n5w	nonantibody_chain
5n6b	nonantibody_chain
5n6o	nonantibody_chain
5n6p	nonantibody_chain
5n75	nonantibody_chain
5n7b	cdr_similar
5n7e	nonantibody_chain
5n7p	nonantibody_chain
5n7u	nonantibody_chain
5n88	nonantibody_chain
5n9k	nonantibody_chain
5n9l	nonantibody_chain
5n9n	nonantibody_chain
5n9o	nonantibody_chain
5na9	nonantibody_chain
5nar	nonantibody_chain
5nas	nonantibody_chain
5nat	nonantibody_chain
5naw	nonantibody_chain
5nb5	released_antibody_only
5nb6	nonantibody_chain
5nb7	nonantibody_chain
5nba	nonantibody_chain
5nbi	released_antibody_only
5nbj	nonantibody_chain
5nbu	nonantibody_chain
5nbv	nonantibody_chain
5nbw	cdr_similar
5ncv	nonantibody_chain
5ndd	nonantibody_chain
5ndz	nonantibody_chain
5ne0	nonantibody_chain
5ne1	nonantibody_chain
5ne2	nonantibody_chain
5nea	nonantibody_chain
5nee	nonantibody_chain
5ng0	nonantibody_chain
5ng2	nonantibody_chain
5ngv	cdr_similar
5nh0	nonantibody_chain
5nh3	cdr_similar
5nhn	nonantibody_chain
5nhr	cdr_similar
5nhu	nonantibody_chain
5nhw	cdr_similar
5ni1	nonantibody_chain
5ni3	nonantibody_chain
5nin	nonantibody_chain
5niu	nonantibody_chain
5niv	released_antibody_only
5nj1	nonantibody_chain
5nj2	nonantibody_chain
5nj6	nonantibody_chain
5nj7	nonantibody_chain
5njm	nonantibody_chain
5njp	nonantibody_chain
5njq	nonantibody_chain
5njr	nonantibody_chain
5njs	nonantibody_chain
5njz	nonantibody_chain
5nk0	nonantibody_chain
5nk1	nonantibody_chain
5nk2	nonantibody_chain
5nk3	nonantibody_chain
5nk4	nonantibody_chain
5nk5	nonantibody_chain
5nk6	nonantibody_chain
5nk7	nonantibody_chain
5nk8	nonantibody_chain
5nk9	nonantibody_chain
5nka	nonantibody_chain
5nkb	nonantibody_chain
5nkc	nonantibody_chain
5nkd	nonantibody_chain
5nke	nonantibody_chain
5nkf	nonantibody_chain
5nkg	nonantibody_chain
5nkh	nonantibody_chain
5nki	nonantibody_chain
5nkq	nonantibody_chain
5nkz	nonantibody_chain
5nl4	nonantibody_chain
5nl5	nonantibody_chain
5nl8	nonantibody_chain
5nld	nonantibody_chain
5nle	nonantibody_chain
5nlf	nonantibody_chain
5nlh	nonantibody_chain
5nli	nonantibody_chain
5nlj	nonantibody_chain
5nlu	released_antibody_only
5nlw	released_antibody_only
5nlx	nonantibody_chain
5nlz	nonantibody_chain
5nm0	released_antibody_only
5nm1	nonantibody_chain
5nm2	nonantibody_chain
5nm4	nonantibody_chain
5nm5	nonantibody_chain
5nm6	nonantibody_chain
5nmc	nonantibody_chain
5nmd	nonantibody_chain
5nmh	nonantibody_chain
5nmj	nonantibody_chain
5nmk	nonantibody_chain
5nmv	cdr_similar
5nnc	nonantibody_chain
5nnd	nonantibody_chain
5nne	nonantibody_chain
5nnf	nonantibody_chain
5nng	nonantibody_chain
5noq	nonantibody_chain
5nor	nonantibody_chain
5nos	nonantibody_chain
5not	nonantibody_chain
5nou	nonantibody_chain
5nov	nonantibody_chain
5now	nonantibody_chain
5nox	nonantibody_chain
5noy	nonantibody_chain
5noz	nonantibody_chain
5nph	cdr_similar
5npo	nonantibody_chain
5npz	nonantibody_chain
5nq0	nonantibody_chain
5nq1	nonantibody_chain
5nq2	nonantibody_chain
5nq3	nonantibody_chain
5nq6	nonantibody_chain
5nqc	nonantibody_chain
5nqw	nonantibody_chain
5nsc	nonantibody_chain
5nse	nonantibody_chain
5nsg	nonantibody_chain
5ntj	nonantibody_chain
5nuc	nonantibody_chain
5nud	nonantibody_chain
5nuj	nonantibody_chain
5nuk	nonantibody_chain
5num	nonantibody_chain
5nun	nonantibody_chain
5nv1	nonantibody_chain
5nvg	nonantibody_chain
5nvj	nonantibody_chain
5nvn	nonantibody_chain
5nw8	nonantibody_chain
5nwi	nonantibody_chain
5nwj	nonantibody_chain
5nwz	nonantibody_chain
5nx0	nonantibody_chain
5nx1	nonantibody_chain
5nx3	nonantibody_chain
5nxg	nonantibody_chain
5nxi	nonantibody_chain
5nxj	nonantibody_chain
5nxm	nonantibody_chain
5nxo	nonantibody_chain
5nxp	nonantibody_chain
5nxv	nonantibody_chain
5nxw	nonantibody_chain
5ny1	nonantibody_chain
5ny3	nonantibody_chain
5ny6	nonantibody_chain
5nya	nonantibody_chain
5o02	released
5o03	released
5o05	released
5o06	nonantibody_chain
5o07	nonantibody_chain
5o08	nonantibody_chain
5o0a	nonantibody_chain
5o0b	nonantibody_chain
5o0c	nonantibody_chain
5o0d	nonantibody_chain
5o0e	nonantibody_chain
5o0f	nonantibody_chain
5o0h	nonantibody_chain
5o0k	nonantibody_chain
5o0l	nonantibody_chain
5o0m	nonantibody_chain
5o0n	nonantibody_chain
5o0p	nonantibody_chain
5o0r	nonantibody_chain
5o10	nonantibody_chain
5o1a	nonantibody_chain
5o1b	nonantibody_chain
5o1c	nonantibody_chain
5o1d	nonantibody_chain
5o1e	nonantibody_chain
5o1h	nonantibody_chain
5o1i	nonantibody_chain
5o2t	nonantibody_chain
5o2u	released
5o33	nonantibody_chain
5o38	nonantibody_chain
5o39	nonantibody_chain
5o3a	nonantibody_chain
5o3b	nonantibody_chain
5o3c	nonantibody_chain
5o3d	nonantibody_chain
5o3e	nonantibody_chain
5o3f	nonantibody_chain
5o3g	nonantibody_chain
5o3h	nonantibody_chain
5o3i	nonantibody_chain
5o3l	nonantibody_chain
5o3o	nonantibody_chain
5o3t	nonantibody_chain
5o41	nonantibody_chain
5o44	nonantibody_chain
5o45	nonantibody_chain
5o49	nonantibody_chain
5o4a	nonantibody_chain
5o4g	cdr_similar
5o4w	nonantibody_chain
5o4x	nonantibody_chain
5o4y	nonantibody_chain
5o5m	nonantibody_chain
5o6q	nonantibody_chain
5o6s	nonantibody_chain
5o6t	nonantibody_chain
5o76	nonantibody_chain
5o7b	nonantibody_chain
5o89	nonantibody_chain
5o8a	nonantibody_chain
5o8b	nonantibody_chain
5o8c	nonantibody_chain
5o8k	nonantibody_chain
5o94	nonantibody_chain
5o97	nonantibody_chain
5oab	nonantibody_chain
5ob5	nonantibody_chain
5ob6	nonantibody_chain
5ob7	nonantibody_chain
5ob8	nonantibody_chain
5ob9	nonantibody_chain
5obc	nonantibody_chain
5obd	nonantibody_chain
5obe	nonantibody_chain
5obf	cdr_similar
5obj	nonantibody_chain
5obr	nonantibody_chain
5oc7	nonantibody_chain
5occ	nonantibody_chain
5ocg	nonantibody_chain
5ock	nonantibody_chain
5ocl	cdr_untransferred
5oct	nonantibody_chain
5ocv	nonantibody_chain
5ocx	cdr_similar
5ocy	cdr_similar
5od0	cdr_similar
5od8	cdr_similar
5odb	cdr_similar
5odt	nonantibody_chain
5oe7	nonantibody_chain
5oeg	nonantibody_chain
5oeh	nonantibody_chain
5oer	nonantibody_chain
5ofs	nonantibody_chain
5ogh	nonantibody_chain
5ogj	nonantibody_chain
5ogn	nonantibody_chain
5ogo	nonantibody_chain
5ogp	nonantibody_chain
5ogq	nonantibody_chain
5ogr	nonantibody_chain
5ohh	nonantibody_chain
5ohk	nonantibody_chain
5ohn	nonantibody_chain
5ohp	nonantibody_chain
5ohv	nonantibody_chain
5oj9	nonantibody_chain
5oja	nonantibody_chain
5ojb	nonantibody_chain
5ojc	nonantibody_chain
5ojj	nonantibody_chain
5ojw	nonantibody_chain
5ok3	nonantibody_chain
5ok9	nonantibody_chain
5okf	nonantibody_chain
5ol3	nonantibody_chain
5old	nonantibody_chain
5ole	nonantibody_chain
5olg	nonantibody_chain
5olh	nonantibody_chain
5olo	nonantibody_chain
5olv	nonantibody_chain
5olz	nonantibody_chain
5om0	nonantibody_chain
5om1	nonantibody_chain
5om2	nonantibody_chain
5om3	nonantibody_chain
5om4	nonantibody_chain
5om5	nonantibody_chain
5om6	nonantibody_chain
5om7	nonantibody_chain
5om8	nonantibody_chain
5oma	nonantibody_chain
5omm	released
5omn	released
5omy	nonantibody_chain
5one	nonantibody_chain
5oni	nonantibody_chain
5oo0	nonantibody_chain
5oo1	nonantibody_chain
5oo3	nonantibody_chain
5ooi	nonantibody_chain
5oop	nonantibody_chain
5oor	nonantibody_chain
5oos	nonantibody_chain
5oot	nonantibody_chain
5oou	nonantibody_chain
5oov	nonantibody_chain
5ooy	nonantibody_chain
5ooz	nonantibody_chain
5op1	nonantibody_chain
5op2	nonantibody_chain
5op3	nonantibody_chain
5op4	nonantibody_chain
5op5	nonantibody_chain
5op7	nonantibody_chain
5opb	nonantibody_chain
5opi	nonantibody_chain
5opr	nonantibody_chain
5ops	nonantibody_chain
5opu	nonantibody_chain
5opv	nonantibody_chain
5opy	cdr_similar
5oq4	nonantibody_chain
5oq5	nonantibody_chain
5oq6	nonantibody_chain
5oq7	nonantibody_chain
5oq8	nonantibody_chain
5oq9	nonantibody_chain
5oqa	nonantibody_chain
5oqe	nonantibody_chain
5oqf	nonantibody_chain
5oqg	nonantibody_chain
5oqh	nonantibody_chain
5oqi	nonantibody_chain
5oqv	nonantibody_chain
5ori	nonantibody_chain
5orl	nonantibody_chain
5orn	nonantibody_chain
5oro	nonantibody_chain
5orp	nonantibody_chain
5orr	nonantibody_chain
5ors	nonantibody_chain
5ort	nonantibody_chain
5orv	nonantibody_chain
5orw	nonantibody_chain
5orx	nonantibody_chain
5ory	nonantibody_chain
5orz	nonantibody_chain
5os0	nonantibody_chain
5os1	nonantibody_chain
5os2	nonantibody_chain
5os3	nonantibody_chain
5os4	nonantibody_chain
5os5	nonantibody_chain
5os6	nonantibody_chain
5os8	nonantibody_chain
5osd	nonantibody_chain
5ose	nonantibody_chain
5osf	nonantibody_chain
5osj	nonantibody_chain
5osl	nonantibody_chain
5osm	nonantibody_chain
5osr	nonantibody_chain
5osw	nonantibody_chain
5osx	nonantibody_chain
5ot3	nonantibody_chain
5ot5	nonantibody_chain
5ote	nonantibody_chain
5otf	nonantibody_chain
5otg	nonantibody_chain
5oto	nonantibody_chain
5otp	nonantibody_chain
5otq	nonantibody_chain
5ots	nonantibody_chain
5otz	nonantibody_chain
5ou7	nonantibody_chain
5ou8	nonantibody_chain
5ou9	nonantibody_chain
5oua	nonantibody_chain
5ouc	nonantibody_chain
5oul	nonantibody_chain
5ous	nonantibody_chain
5ovb	nonantibody_chain
5ovd	nonantibody_chain
5ove	nonantibody_chain
5ovf	nonantibody_chain
5ovg	nonantibody_chain
5ovh	nonantibody_chain
5ovi	nonantibody_chain
5ovl	nonantibody_chain
5owh	nonantibody_chain
5owm	nonantibody_chain
5owp	cdr_similar
5oww	nonantibody_chain
5ox2	nonantibody_chain
5ox8	nonantibody_chain
5ox9	nonantibody_chain
5oxh	nonantibody_chain
5oxi	nonantibody_chain
5oy3	nonantibody_chain
5oy4	nonantibody_chain
5oyj	nonantibody_chain
5oym	nonantibody_chain
5oyo	nonantibody_chain
5p21	nonantibody_chain
5pa8	nonantibody_chain
5pa9	nonantibody_chain
5paa	nonantibody_chain
5pab	nonantibody_chain
5pac	nonantibody_chain
5pad	nonantibody_chain
5pae	nonantibody_chain
5paf	nonantibody_chain
5pag	nonantibody_chain
5pai	nonantibody_chain
5paj	nonantibody_chain
5pak	nonantibody_chain
5pam	nonantibody_chain
5pan	nonantibody_chain
5pao	nonantibody_chain
5paq	nonantibody_chain
5par	nonantibody_chain
5pas	nonantibody_chain
5pat	nonantibody_chain
5pau	nonantibody_chain
5pav	nonantibody_chain
5paw	nonantibody_chain
5pax	nonantibody_chain
5pay	nonantibody_chain
5pb0	nonantibody_chain
5pb1	nonantibody_chain
5pb2	nonantibody_chain
5pb3	nonantibody_chain
5pb4	nonantibody_chain
5pb5	nonantibody_chain
5pb6	nonantibody_chain
5pnt	nonantibody_chain
5ptd	nonantibody_chain
5pti	nonantibody_chain
5ptp	nonantibody_chain
5q0d	nonantibody_chain
5q0e	nonantibody_chain
5q0f	nonantibody_chain
5q0g	nonantibody_chain
5q0h	nonantibody_chain
5qbu	nonantibody_chain
5qbv	nonantibody_chain
5qbw	nonantibody_chain
5qbx	nonantibody_chain
5qby	nonantibody_chain
5qbz	nonantibody_chain
5qc0	nonantibody_chain
5qc1	nonantibody_chain
5qc2	nonantibody_chain
5qc3	nonantibody_chain
5qc4	nonantibody_chain
5qc5	nonantibody_chain
5qc6	nonantibody_chain
5qc7	nonantibody_chain
5qc8	nonantibody_chain
5qc9	nonantibody_chain
5qca	nonantibody_chain
5qcb	nonantibody_chain
5qcc	nonantibody_chain
5qcd	nonantibody_chain
5qce	nonantibody_chain
5qcf	nonantibody_chain
5qcg	nonantibody_chain
5qch	nonantibody_chain
5qci	nonantibody_chain
5qcj	nonantibody_chain
5qck	nonantibody_chain
5qcl	nonantibody_chain
5qcm	nonantibody_chain
5qcn	nonantibody_chain
5qde	nonantibody_chain
5qdf	nonantibody_chain
5qdg	nonantibody_chain
5qdh	nonantibody_chain
5qdi	nonantibody_chain
5qdj	nonantibody_chain
5qdk	nonantibody_chain
5qdl	nonantibody_chain
5qdm	nonantibody_chain
5qdn	nonantibody_chain
5qdo	nonantibody_chain
5qdp	nonantibody_chain
5qdq	nonantibody_chain
5qdr	nonantibody_chain
5qds	nonantibody_chain
5qdt	nonantibody_chain
5qdu	nonantibody_chain
5qdv	nonantibody_chain
5qdw	nonantibody_chain
5qdx	nonantibody_chain
5qdy	nonantibody_chain
5qdz	nonantibody_chain
5qe0	nonantibody_chain
5qe1	nonantibody_chain
5qe2	nonantibody_chain
5qe3	nonantibody_chain
5qe4	nonantibody_chain
5qe5	nonantibody_chain
5qe6	nonantibody_chain
5qe7	nonantibody_chain
5qe8	nonantibody_chain
5qe9	nonantibody_chain
5qea	nonantibody_chain
5qeb	nonantibody_chain
5qec	nonantibody_chain
5qed	nonantibody_chain
5qee	nonantibody_chain
5qef	nonantibody_chain
5qeg	nonantibody_chain
5qeh	nonantibody_chain
5qei	nonantibody_chain
5qej	nonantibody_chain
5qek	nonantibody_chain
5qel	nonantibody_chain
5qem	nonantibody_chain
5qen	nonantibody_chain
5qeo	nonantibody_chain
5qep	nonantibody_chain
5qeq	nonantibody_chain
5qer	nonantibody_chain
5qes	nonantibody_chain
5qet	nonantibody_chain
5qeu	nonantibody_chain
5qev	nonantibody_chain
5qew	nonantibody_chain
5qex	nonantibody_chain
5qey	nonantibody_chain
5qez	nonantibody_chain
5qf0	nonantibody_chain
5qf1	nonantibody_chain
5qf2	nonantibody_chain
5qf3	nonantibody_chain
5qf4	nonantibody_chain
5qf5	nonantibody_chain
5qf6	nonantibody_chain
5qf7	nonantibody_chain
5qf8	nonantibody_chain
5qf9	nonantibody_chain
5qfa	nonantibody_chain
5qfb	nonantibody_chain
5qfc	nonantibody_chain
5qfd	nonantibody_chain
5qfe	nonantibody_chain
5qff	nonantibody_chain
5qfg	nonantibody_chain
5qfh	nonantibody_chain
5qfi	nonantibody_chain
5qfj	nonantibody_chain
5qfk	nonantibody_chain
5qfl	nonantibody_chain
5qfm	nonantibody_chain
5qfn	nonantibody_chain
5qfo	nonantibody_chain
5qfp	nonantibody_chain
5qfq	nonantibody_chain
5qfr	nonantibody_chain
5qfs	nonantibody_chain
5qft	nonantibody_chain
5qfu	nonantibody_chain
5qfv	nonantibody_chain
5qfw	nonantibody_chain
5qfx	nonantibody_chain
5qfy	nonantibody_chain
5qfz	nonantibody_chain
5qg0	nonantibody_chain
5qg1	nonantibody_chain
5qg2	nonantibody_chain
5qg3	nonantibody_chain
5qg4	nonantibody_chain
5qg5	nonantibody_chain
5qg6	nonantibody_chain
5qg7	nonantibody_chain
5qg8	nonantibody_chain
5qg9	nonantibody_chain
5qga	nonantibody_chain
5qgb	nonantibody_chain
5qgc	nonantibody_chain
5qgd	nonantibody_chain
5qge	nonantibody_chain
5qgf	nonantibody_chain
5qj0	nonantibody_chain
5qj1	nonantibody_chain
5qkc	nonantibody_chain
5qkd	nonantibody_chain
5qke	nonantibody_chain
5qkf	nonantibody_chain
5qkg	nonantibody_chain
5qkh	nonantibody_chain
5qki	nonantibody_chain
5qkj	nonantibody_chain
5qkk	nonantibody_chain
5qkl	nonantibody_chain
5qkm	nonantibody_chain
5qkn	nonantibody_chain
5qko	nonantibody_chain
5qkp	nonantibody_chain
5qkq	nonantibody_chain
5qkr	nonantibody_chain
5qks	nonantibody_chain
5qkt	nonantibody_chain
5qku	nonantibody_chain
5qkv	nonantibody_chain
5qkw	nonantibody_chain
5qkx	nonantibody_chain
5qky	nonantibody_chain
5qkz	nonantibody_chain
5ql0	nonantibody_chain
5ql1	nonantibody_chain
5ql2	nonantibody_chain
5ql3	nonantibody_chain
5ql4	nonantibody_chain
5ql5	nonantibody_chain
5ql6	nonantibody_chain
5ql7	nonantibody_chain
5ql8	nonantibody_chain
5ql9	nonantibody_chain
5qla	nonantibody_chain
5qlb	nonantibody_chain
5qlc	nonantibody_chain
5qld	nonantibody_chain
5qle	nonantibody_chain
5qlf	nonantibody_chain
5qlg	nonantibody_chain
5qlh	nonantibody_chain
5qli	nonantibody_chain
5qlj	nonantibody_chain
5qlk	nonantibody_chain
5qll	nonantibody_chain
5qlm	nonantibody_chain
5qln	nonantibody_chain
5qlo	nonantibody_chain
5qlp	nonantibody_chain
5qlq	nonantibody_chain
5qlr	nonantibody_chain
5qls	nonantibody_chain
5qlt	nonantibody_chain
5qlu	nonantibody_chain
5qlv	nonantibody_chain
5qlw	nonantibody_chain
5qlx	nonantibody_chain
5qly	nonantibody_chain
5qlz	nonantibody_chain
5qm0	nonantibody_chain
5qm1	nonantibody_chain
5qm2	nonantibody_chain
5qm3	nonantibody_chain
5qm4	nonantibody_chain
5qm5	nonantibody_chain
5qm6	nonantibody_chain
5qm7	nonantibody_chain
5qm8	nonantibody_chain
5qm9	nonantibody_chain
5qma	nonantibody_chain
5qmb	nonantibody_chain
5qmc	nonantibody_chain
5qmd	nonantibody_chain
5qme	nonantibody_chain
5qmf	nonantibody_chain
5qmg	nonantibody_chain
5qmh	nonantibody_chain
5qmi	nonantibody_chain
5qmj	nonantibody_chain
5qmk	nonantibody_chain
5qml	nonantibody_chain
5qmm	nonantibody_chain
5qmn	nonantibody_chain
5qmo	nonantibody_chain
5qmp	nonantibody_chain
5qmq	nonantibody_chain
5qmr	nonantibody_chain
5qms	nonantibody_chain
5qmt	nonantibody_chain
5qmu	nonantibody_chain
5qmv	nonantibody_chain
5qmw	nonantibody_chain
5qmx	nonantibody_chain
5qmy	nonantibody_chain
5qmz	nonantibody_chain
5qn0	nonantibody_chain
5qn1	nonantibody_chain
5qn2	nonantibody_chain
5qn3	nonantibody_chain
5qn4	nonantibody_chain
5qn5	nonantibody_chain
5qn6	nonantibody_chain
5qn7	nonantibody_chain
5qn8	nonantibody_chain
5qn9	nonantibody_chain
5qna	nonantibody_chain
5qnb	nonantibody_chain
5qnc	nonantibody_chain
5qnd	nonantibody_chain
5qne	nonantibody_chain
5qnf	nonantibody_chain
5qng	nonantibody_chain
5qnh	nonantibody_chain
5qni	nonantibody_chain
5qnj	nonantibody_chain
5qnk	nonantibody_chain
5qnl	nonantibody_chain
5qnm	nonantibody_chain
5qnn	nonantibody_chain
5qno	nonantibody_chain
5qnp	nonantibody_chain
5qnq	nonantibody_chain
5qnr	nonantibody_chain
5qns	nonantibody_chain
5qnt	nonantibody_chain
5qnu	nonantibody_chain
5qnv	nonantibody_chain
5qnw	nonantibody_chain
5qnx	nonantibody_chain
5qny	nonantibody_chain
5qnz	nonantibody_chain
5qo0	nonantibody_chain
5qo1	nonantibody_chain
5qo2	nonantibody_chain
5qo3	nonantibody_chain
5qo4	nonantibody_chain
5qo5	nonantibody_chain
5qo6	nonantibody_chain
5qo7	nonantibody_chain
5qo8	nonantibody_chain
5qo9	nonantibody_chain
5qoa	nonantibody_chain
5qob	nonantibody_chain
5qoc	nonantibody_chain
5qod	nonantibody_chain
5qoe	nonantibody_chain
5qof	nonantibody_chain
5qog	nonantibody_chain
5qqd	nonantibody_chain
5qqe	nonantibody_chain
5qqf	nonantibody_chain
5qqg	nonantibody_chain
5qqh	nonantibody_chain
5qqi	nonantibody_chain
5qqj	nonantibody_chain
5qqk	nonantibody_chain
5qql	nonantibody_chain
5qqm	nonantibody_chain
5qqn	nonantibody_chain
5qqo	nonantibody_chain
5qqp	nonantibody_chain
5qtt	nonantibody_chain
5qtu	nonantibody_chain
5qtv	nonantibody_chain
5qtw	nonantibody_chain
5qtx	nonantibody_chain
5qty	nonantibody_chain
5qu9	nonantibody_chain
5r7y	nonantibody_chain
5r7z	nonantibody_chain
5r80	nonantibody_chain
5r81	nonantibody_chain
5r82	nonantibody_chain
5r83	nonantibody_chain
5r84	nonantibody_chain
5r8t	nonantibody_chain
5rat	nonantibody_chain
5re4	nonantibody_chain
5re5	nonantibody_chain
5re6	nonantibody_chain
5re7	nonantibody_chain
5re8	nonantibody_chain
5re9	nonantibody_chain
5rea	nonantibody_chain
5reb	nonantibody_chain
5rec	nonantibody_chain
5red	nonantibody_chain
5ree	nonantibody_chain
5ref	nonantibody_chain
5reg	nonantibody_chain
5reh	nonantibody_chain
5rei	nonantibody_chain
5rej	nonantibody_chain
5rek	nonantibody_chain
5rel	nonantibody_chain
5rem	nonantibody_chain
5ren	nonantibody_chain
5reo	nonantibody_chain
5rep	nonantibody_chain
5rer	nonantibody_chain
5res	nonantibody_chain
5ret	nonantibody_chain
5reu	nonantibody_chain
5rev	nonantibody_chain
5rew	nonantibody_chain
5rex	nonantibody_chain
5rey	nonantibody_chain
5rez	nonantibody_chain
5rf0	nonantibody_chain
5rf1	nonantibody_chain
5rf2	nonantibody_chain
5rf3	nonantibody_chain
5rf4	nonantibody_chain
5rf5	nonantibody_chain
5rf6	nonantibody_chain
5rf7	nonantibody_chain
5rf8	nonantibody_chain
5rf9	nonantibody_chain
5rfa	nonantibody_chain
5rfb	nonantibody_chain
5rfc	nonantibody_chain
5rfd	nonantibody_chain
5rfe	nonantibody_chain
5rff	nonantibody_chain
5rfg	nonantibody_chain
5rfh	nonantibody_chain
5rfi	nonantibody_chain
5rfj	nonantibody_chain
5rfk	nonantibody_chain
5rfl	nonantibody_chain
5rfm	nonantibody_chain
5rfn	nonantibody_chain
5rfo	nonantibody_chain
5rfp	nonantibody_chain
5rfq	nonantibody_chain
5rfr	nonantibody_chain
5rfs	nonantibody_chain
5rft	nonantibody_chain
5rfu	nonantibody_chain
5rfv	nonantibody_chain
5rfw	nonantibody_chain
5rfx	nonantibody_chain
5rfy	nonantibody_chain
5rfz	nonantibody_chain
5rg0	nonantibody_chain
5rg1	nonantibody_chain
5rg2	nonantibody_chain
5rg3	nonantibody_chain
5rgg	nonantibody_chain
5rgh	nonantibody_chain
5rgi	nonantibody_chain
5rgj	nonantibody_chain
5rgk	nonantibody_chain
5rgl	nonantibody_chain
5rgm	nonantibody_chain
5rgn	nonantibody_chain
5rgo	nonantibody_chain
5rgp	nonantibody_chain
5rgq	nonantibody_chain
5rgr	nonantibody_chain
5rgs	nonantibody_chain
5rgt	nonantibody_chain
5rgu	nonantibody_chain
5rgv	nonantibody_chain
5rgw	nonantibody_chain
5rgx	nonantibody_chain
5rgy	nonantibody_chain
5rgz	nonantibody_chain
5rh0	nonantibody_chain
5rh1	nonantibody_chain
5rh2	nonantibody_chain
5rh3	nonantibody_chain
5rh4	nonantibody_chain
5rh5	nonantibody_chain
5rh6	nonantibody_chain
5rh7	nonantibody_chain
5rh8	nonantibody_chain
5rh9	nonantibody_chain
5rha	nonantibody_chain
5rhb	nonantibody_chain
5rhc	nonantibody_chain
5rhd	nonantibody_chain
5rhe	nonantibody_chain
5rhf	nonantibody_chain
5rl0	nonantibody_chain
5rl1	nonantibody_chain
5rl2	nonantibody_chain
5rl3	nonantibody_chain
5rl4	nonantibody_chain
5rl5	nonantibody_chain
5rnt	nonantibody_chain
5rsa	nonantibody_chain
5sic	nonantibody_chain
5sun	nonantibody_chain
5sv3	nonantibody_chain
5sv4	released_antibody_only
5sve	nonantibody_chain
5svz	nonantibody_chain
5sw7	nonantibody_chain
5swq	nonantibody_chain
5sws	nonantibody_chain
5sxm	nonantibody_chain
5sy4	nonantibody_chain
5sy6	nonantibody_chain
5sy8	nonantibody_chain
5sy9	nonantibody_chain
5sya	nonantibody_chain
5sz0	nonantibody_chain
5sz1	nonantibody_chain
5sz2	nonantibody_chain
5sz3	nonantibody_chain
5sz4	nonantibody_chain
5sz5	nonantibody_chain
5sz6	nonantibody_chain
5sz7	nonantibody_chain
5szb	nonantibody_chain
5szc	nonantibody_chain
5szf	cdr_similar
5t04	nonantibody_chain
5t19	nonantibody_chain
5t1g	nonantibody_chain
5t1h	nonantibody_chain
5t1i	nonantibody_chain
5t1k	nonantibody_chain
5t1l	nonantibody_chain
5t1m	nonantibody_chain
5t1u	nonantibody_chain
5t1w	nonantibody_chain
5t23	nonantibody_chain
5t25	nonantibody_chain
5t26	nonantibody_chain
5t29	nonantibody_chain
5t2e	nonantibody_chain
5t2z	nonantibody_chain
5t31	nonantibody_chain
5t33	released
5t35	nonantibody_chain
5t3f	nonantibody_chain
5t3h	nonantibody_chain
5t3i	nonantibody_chain
5t46	nonantibody_chain
5t47	nonantibody_chain
5t48	nonantibody_chain
5t4l	nonantibody_chain
5t4z	released_antibody_only
5t5f	cdr_similar
5t66	nonantibody_chain
5t68	nonantibody_chain
5t6p	cdr_similar
5t6u	nonantibody_chain
5t6w	nonantibody_chain
5t6x	nonantibody_chain
5t6y	nonantibody_chain
5t6z	nonantibody_chain
5t70	nonantibody_chain
5t71	nonantibody_chain
5t72	nonantibody_chain
5t74	nonantibody_chain
5t75	nonantibody_chain
5t78	cdr_similar
5t7g	nonantibody_chain
5t7h	nonantibody_chain
5t7l	nonantibody_chain
5t7z	nonantibody_chain
5t80	nonantibody_chain
5t84	nonantibody_chain
5t85	nonantibody_chain
5t8h	nonantibody_chain
5t8w	nonantibody_chain
5t93	cdr_similar
5t94	nonantibody_chain
5t9d	nonantibody_chain
5t9u	nonantibody_chain
5t9w	nonantibody_chain
5t9z	nonantibody_chain
5ta2	nonantibody_chain
5ta4	nonantibody_chain
5ta6	nonantibody_chain
5ta8	nonantibody_chain
5tar	nonantibody_chain
5tb5	nonantibody_chain
5tbd	cdr_similar
5tc4	nonantibody_chain
5tcx	nonantibody_chain
5td8	released
5td9	nonantibody_chain
5tdi	nonantibody_chain
5tdl	nonantibody_chain
5tdn	cdr_similar
5tdo	cdr_similar
5tdp	cdr_similar
5te3	nonantibody_chain
5te4	released
5te5	nonantibody_chain
5te6	released
5te7	released
5tf1	released_antibody_only
5tfs	cdr_similar
5tfw	nonantibody_chain
5tfx	nonantibody_chain
5tg8	nonantibody_chain
5tg9	nonantibody_chain
5tgb	cdr_similar
5th2	nonantibody_chain
5th4	nonantibody_chain
5thi	nonantibody_chain
5thj	nonantibody_chain
5thn	nonantibody_chain
5ti0	nonantibody_chain
5ti2	nonantibody_chain
5ti3	nonantibody_chain
5ti4	nonantibody_chain
5ti5	nonantibody_chain
5ti6	nonantibody_chain
5ti7	nonantibody_chain
5tih	cdr_similar
5tij	nonantibody_chain
5tiu	nonantibody_chain
5tjd	cdr_similar
5tjw	released
5tjx	nonantibody_chain
5tk0	nonantibody_chain
5tkk	cdr_similar
5tks	nonantibody_chain
5tkt	nonantibody_chain
5tku	nonantibody_chain
5tl5	cdr_similar
5tl6	nonantibody_chain
5tnc	nonantibody_chain
5tno	nonantibody_chain
5tnt	nonantibody_chain
5to3	nonantibody_chain
5tof	nonantibody_chain
5tog	nonantibody_chain
5tol	nonantibody_chain
5ton	nonantibody_chain
5top	nonantibody_chain
5toq	nonantibody_chain
5tor	nonantibody_chain
5tot	nonantibody_chain
5toy	nonantibody_chain
5tp0	nonantibody_chain
5tp3	released_antibody_only
5tpl	cdr_similar
5tpn	nonantibody_chain
5tpp	released_antibody_only
5tps	nonantibody_chain
5tq1	nonantibody_chain
5tqa	cdr_similar
5tqc	nonantibody_chain
5tqe	nonantibody_chain
5tqf	nonantibody_chain
5tqg	nonantibody_chain
5tr6	nonantibody_chain
5tr8	cdr_similar
5trp	cdr_similar
5trz	nonantibody_chain
5ts8	nonantibody_chain
5tsw	nonantibody_chain
5tt7	nonantibody_chain
5tte	nonantibody_chain
5tun	nonantibody_chain
5tup	nonantibody_chain
5tut	nonantibody_chain
5tvn	nonantibody_chain
5tvq	nonantibody_chain
5tvv	nonantibody_chain
5tvy	nonantibody_chain
5tw2	nonantibody_chain
5tw5	nonantibody_chain
5tw6	nonantibody_chain
5twd	nonantibody_chain
5twe	nonantibody_chain
5twm	nonantibody_chain
5twt	nonantibody_chain
5tx4	nonantibody_chain
5tx5	nonantibody_chain
5txk	nonantibody_chain
5txs	nonantibody_chain
5txy	nonantibody_chain
5ty1	nonantibody_chain
5ty3	nonantibody_chain
5ty4	nonantibody_chain
5ty6	withheld_unstable
5ty8	nonantibody_chain
5ty9	nonantibody_chain
5tya	nonantibody_chain
5tyr	nonantibody_chain
5tys	nonantibody_chain
5tz2	released
5tzo	nonantibody_chain
5tzu	cdr_similar
5u0d	nonantibody_chain
5u0e	nonantibody_chain
5u0f	nonantibody_chain
5u0g	nonantibody_chain
5u0r	cdr_similar
5u15	cdr_similar
5u28	nonantibody_chain
5u2c	nonantibody_chain
5u2e	nonantibody_chain
5u2f	nonantibody_chain
5u2j	nonantibody_chain
5u3d	nonantibody_chain
5u3i	nonantibody_chain
5u3j	released
5u3k	nonantibody_chain
5u3l	nonantibody_chain
5u3m	nonantibody_chain
5u3n	nonantibody_chain
5u3o	nonantibody_chain
5u3p	released_antibody_only
5u4l	nonantibody_chain
5u4m	nonantibody_chain
5u4p	nonantibody_chain
5u4r	released_antibody_only
5u4y	nonantibody_chain
5u52	nonantibody_chain
5u53	nonantibody_chain
5u5f	nonantibody_chain
5u5h	nonantibody_chain
5u5k	nonantibody_chain
5u5m	nonantibody_chain
5u5p	nonantibody_chain
5u5r	nonantibody_chain
5u5t	nonantibody_chain
5u62	nonantibody_chain
5u63	nonantibody_chain
5u65	released_antibody_only
5u69	nonantibody_chain
5u6a	nonantibody_chain
5u6d	nonantibody_chain
5u6j	nonantibody_chain
5u6v	nonantibody_chain
5u8a	nonantibody_chain
5u8e	nonantibody_chain
5u8f	nonantibody_chain
5u8l	nonantibody_chain
5u92	nonantibody_chain
5u94	nonantibody_chain
5u98	nonantibody_chain
5ub0	nonantibody_chain
5ubm	nonantibody_chain
5ubo	nonantibody_chain
5ubr	nonantibody_chain
5ubs	nonantibody_chain
5ubx	nonantibody_chain
5uby	cdr_similar
5ubz	cdr_similar
5ucb	nonantibody_chain
5uce	nonantibody_chain
5ucf	nonantibody_chain
5ucu	nonantibody_chain
5ucy	nonantibody_chain
5ud7	nonantibody_chain
5ud9	released_antibody_only
5ude	nonantibody_chain
5ue1	nonantibody_chain
5uek	nonantibody_chain
5uel	released_antibody_only
5uem	released
5uen	nonantibody_chain
5ueo	nonantibody_chain
5uep	nonantibody_chain
5ueq	nonantibody_chain
5uer	nonantibody_chain
5ues	nonantibody_chain
5uet	nonantibody_chain
5ueu	nonantibody_chain
5uev	nonantibody_chain
5uew	nonantibody_chain
5uex	nonantibody_chain
5uey	nonantibody_chain
5uez	nonantibody_chain
5uf0	nonantibody_chain
5ufe	nonantibody_chain
5ufj	nonantibody_chain
5ufq	nonantibody_chain
5ufz	nonantibody_chain
5ug0	nonantibody_chain
5ug8	nonantibody_chain
5ug9	nonantibody_chain
5uga	nonantibody_chain
5ugb	nonantibody_chain
5ugc	nonantibody_chain
5ugd	nonantibody_chain
5ugg	nonantibody_chain
5ugl	nonantibody_chain
5ugx	nonantibody_chain
5uhn	nonantibody_chain
5uhv	nonantibody_chain
5ui0	nonantibody_chain
5uig	nonantibody_chain
5uih	nonantibody_chain
5uii	nonantibody_chain
5uio	nonantibody_chain
5uip	nonantibody_chain
5uj3	nonantibody_chain
5uj4	nonantibody_chain
5ujl	nonantibody_chain
5ujo	nonantibody_chain
5ujx	nonantibody_chain
5uk5	nonantibody_chain
5uk9	nonantibody_chain
5uka	nonantibody_chain
5ukg	nonantibody_chain
5ukn	released_antibody_only
5uko	released_antibody_only
5ukp	released_antibody_only
5ukq	released_antibody_only
5ukr	released
5ul8	nonantibody_chain
5ula	nonantibody_chain
5ulf	nonantibody_chain
5ulh	nonantibody_chain
5ulk	nonantibody_chain
5uln	nonantibody_chain
5ulo	nonantibody_chain
5ult	nonantibody_chain
5umc	nonantibody_chain
5umi	nonantibody_chain
5umz	nonantibody_chain
5unf	nonantibody_chain
5ung	nonantibody_chain
5unh	nonantibody_chain
5unq	nonantibody_chain
5unr	nonantibody_chain
5uns	nonantibody_chain
5unt	nonantibody_chain
5unu	nonantibody_chain
5unv	nonantibody_chain
5unw	nonantibody_chain
5unx	nonantibody_chain
5uny	nonantibody_chain
5unz	nonantibody_chain
5uo0	nonantibody_chain
5uoa	nonantibody_chain
5uod	nonantibody_chain
5uoo	nonantibody_chain
5uor	nonantibody_chain
5uov	nonantibody_chain
5uox	nonantibody_chain
5up3	nonantibody_chain
5upj	nonantibody_chain
5upk	nonantibody_chain
5upl	nonantibody_chain
5upz	nonantibody_chain
5uq0	nonantibody_chain
5uq1	nonantibody_chain
5uq2	nonantibody_chain
5uq3	nonantibody_chain
5uqw	nonantibody_chain
5ur1	nonantibody_chain
5ur8	cdr_untransferred
5urc	nonantibody_chain
5us4	nonantibody_chain
5usx	nonantibody_chain
5ut7	nonantibody_chain
5ut8	nonantibody_chain
5ut9	nonantibody_chain
5uta	nonantibody_chain
5utb	nonantibody_chain
5utc	nonantibody_chain
5utd	nonantibody_chain
5utx	nonantibody_chain
5uui	nonantibody_chain
5uul	nonantibody_chain
5uum	nonantibody_chain
5uvi	nonantibody_chain
5uvj	nonantibody_chain
5uvl	nonantibody_chain
5uvs	nonantibody_chain
5uvt	nonantibody_chain
5uvu	nonantibody_chain
5uvv	nonantibody_chain
5uvw	nonantibody_chain
5uvx	nonantibody_chain
5uvy	nonantibody_chain
5uvz	nonantibody_chain
5uwd	nonantibody_chain
5uxq	cdr_similar
5uy3	cdr_similar
5uy6	nonantibody_chain
5uy9	nonantibody_chain
5uyj	nonantibody_chain
5uyu	nonantibody_chain
5uz7	nonantibody_chain
5uzj	nonantibody_chain
5uzk	nonantibody_chain
5v02	nonantibody_chain
5v03	nonantibody_chain
5v0r	nonantibody_chain
5v0v	nonantibody_chain
5v19	nonantibody_chain
5v1y	nonantibody_chain
5v1z	nonantibody_chain
5v21	nonantibody_chain
5v22	nonantibody_chain
5v24	nonantibody_chain
5v2a	nonantibody_chain
5v43	nonantibody_chain
5v4g	nonantibody_chain
5v4h	nonantibody_chain
5v4i	nonantibody_chain
5v4y	nonantibody_chain
5v52	nonantibody_chain
5v5g	nonantibody_chain
5v5i	nonantibody_chain
5v5l	nonantibody_chain
5v5m	nonantibody_chain
5v5o	nonantibody_chain
5v5p	nonantibody_chain
5v67	nonantibody_chain
5v6l	nonantibody_chain
5v6m	nonantibody_chain
5v6s	nonantibody_chain
5v6u	nonantibody_chain
5v6v	nonantibody_chain
5v6z	nonantibody_chain
5v7d	nonantibody_chain
5v7e	nonantibody_chain
5v7f	nonantibody_chain
5v7k	nonantibody_chain
5v7l	nonantibody_chain
5v7m	nonantibody_chain
5v7p	nonantibody_chain
5v7r	cdr_similar
5v7u	cdr_similar
5v7x	nonantibody_chain
5v8g	nonantibody_chain
5v8t	nonantibody_chain
5v92	nonantibody_chain
5v94	nonantibody_chain
5v9l	nonantibody_chain
5v9o	nonantibody_chain
5v9u	nonantibody_chain
5va6	nonantibody_chain
5vaa	nonantibody_chain
5vac	nonantibody_chain
5vag	nonantibody_chain
5vah	nonantibody_chain
5vak	released
5val	nonantibody_chain
5vam	nonantibody_chain
5van	released
5vas	nonantibody_chain
5vau	nonantibody_chain
5vay	nonantibody_chain
5vbc	nonantibody_chain
5vbe	nonantibody_chain
5vbm	nonantibody_chain
5vbo	nonantibody_chain
5vbp	nonantibody_chain
5vbq	nonantibody_chain
5vbr	nonantibody_chain
5vbt	nonantibody_chain
5vbz	nonantibody_chain
5vcj	nonantibody_chain
5vck	nonantibody_chain
5vcl	nonantibody_chain
5vcu	nonantibody_chain
5vde	nonantibody_chain
5vdf	nonantibody_chain
5vdn	nonantibody_chain
5vea	nonantibody_chain
5ved	nonantibody_chain
5vee	nonantibody_chain
5vef	nonantibody_chain
5vfc	nonantibody_chain
5vga	cdr_similar
5vgd	nonantibody_chain
5vge	nonantibody_chain
5vgj	cdr_similar
5vgp	nonantibody_chain
5vgy	nonantibody_chain
5vh3	released_antibody_only
5vh4	released_antibody_only
5vh5	nonantibody_chain
5vhb	nonantibody_chain
5vi9	nonantibody_chain
5vib	nonantibody_chain
5vix	nonantibody_chain
5vj3	nonantibody_chain
5vjk	nonantibody_chain
5vjl	nonantibody_chain
5vjm	nonantibody_chain
5vjn	nonantibody_chain
5vjp	nonantibody_chain
5vjz	nonantibody_chain
5vk6	cdr_similar
5vk7	nonantibody_chain
5vkc	nonantibody_chain
5vkd	nonantibody_chain
5vke	cdr_similar
5vkh	cdr_similar
5vkk	cdr_similar
5vl4	nonantibody_chain
5vl7	nonantibody_chain
5vla	nonantibody_chain
5vle	nonantibody_chain
5vlh	nonantibody_chain
5vli	nonantibody_chain
5vlk	nonantibody_chain
5vll	nonantibody_chain
5vlo	nonantibody_chain
5vlv	released_antibody_only
5vm0	released_antibody_only
5vme	nonantibody_chain
5vms	nonantibody_chain
5vn7	nonantibody_chain
5vn9	nonantibody_chain
5vnd	nonantibody_chain
5vnq	nonantibody_chain
5vnr	nonantibody_chain
5vnu	nonantibody_chain
5vnv	released_antibody_only
5vnz	nonantibody_chain
5vo0	nonantibody_chain
5vok	nonantibody_chain
5vom	nonantibody_chain
5vp7	nonantibody_chain
5vpg	nonantibody_chain
5vph	nonantibody_chain
5vpi	nonantibody_chain
5vpk	nonantibody_chain
5vpl	nonantibody_chain
5vpq	nonantibody_chain
5vpy	nonantibody_chain
5vpz	nonantibody_chain
5vq0	nonantibody_chain
5vq1	nonantibody_chain
5vq2	nonantibody_chain
5vq6	nonantibody_chain
5vq8	nonantibody_chain
5vqj	nonantibody_chain
5vr3	nonantibody_chain
5vr9	cdr_similar
5vra	nonantibody_chain
5vrt	nonantibody_chain
5vsi	cdr_similar
5vt1	nonantibody_chain
5vt3	nonantibody_chain
5vth	nonantibody_chain
5vu0	nonantibody_chain
5vud	nonantibody_chain
5vue	nonantibody_chain
5vuf	nonantibody_chain
5vui	nonantibody_chain
5vuj	nonantibody_chain
5vuk	nonantibody_chain
5vul	nonantibody_chain
5vum	nonantibody_chain
5vun	nonantibody_chain
5vuo	nonantibody_chain
5vup	nonantibody_chain
5vuq	nonantibody_chain
5vur	nonantibody_chain
5vus	nonantibody_chain
5vut	nonantibody_chain
5vuu	nonantibody_chain
5vv6	nonantibody_chain
5vv7	nonantibody_chain
5vv8	nonantibody_chain
5vv9	nonantibody_chain
5vva	nonantibody_chain
5vvf	released_antibody_only
5vvg	nonantibody_chain
5vvn	nonantibody_chain
5vvp	nonantibody_chain
5vwd	nonantibody_chain
5vwf	nonantibody_chain
5vwh	nonantibody_chain
5vwj	nonantibody_chain
5vwm	nonantibody_chain
5vwn	nonantibody_chain
5vwr	nonantibody_chain
5vwv	nonantibody_chain
5vww	nonantibody_chain
5vwy	nonantibody_chain
5vwz	nonantibody_chain
5vx0	nonantibody_chain
5vx2	nonantibody_chain
5vx3	nonantibody_chain
5vxk	released
5vxl	released
5vxm	released
5vxr	cdr_similar
5vz1	cdr_similar
5vz5	nonantibody_chain
5vzn	nonantibody_chain
5vzo	nonantibody_chain
5vzp	nonantibody_chain
5vzq	nonantibody_chain
5vzr	cdr_similar
5vzs	nonantibody_chain
5vzw	nonantibody_chain
5vzx	cdr_similar
5vzy	nonantibody_chain
5w05	cdr_similar
5w06	nonantibody_chain
5w0d	nonantibody_chain
5w1f	nonantibody_chain
5w1g	cdr_similar
5w22	nonantibody_chain
5w24	cdr_similar
5w2b	nonantibody_chain
5w38	nonantibody_chain
5w3p	nonantibody_chain
5w3q	nonantibody_chain
5w41	nonantibody_chain
5w42	nonantibody_chain
5w46	nonantibody_chain
5w4f	nonantibody_chain
5w4g	nonantibody_chain
5w53	nonantibody_chain
5w55	nonantibody_chain
5w5j	nonantibody_chain
5w5l	nonantibody_chain
5w5m	nonantibody_chain
5w5n	nonantibody_chain
5w5q	nonantibody_chain
5w5s	nonantibody_chain
5w5u	nonantibody_chain
5w5w	nonantibody_chain
5w5x	released
5w5z	released
5w67	nonantibody_chain
5w6a	nonantibody_chain
5w6c	cdr_similar
5w6g	nonantibody_chain
5w6i	nonantibody_chain
5w6t	nonantibody_chain
5w6u	nonantibody_chain
5w89	nonantibody_chain
5w8b	nonantibody_chain
5w8f	nonantibody_chain
5w8t	nonantibody_chain
5w8u	nonantibody_chain
5wa5	nonantibody_chain
5wav	nonantibody_chain
5waw	cdr_similar
5wax	nonantibody_chain
5wb0	nonantibody_chain
5wb2	released
5wb6	nonantibody_chain
5wb9	released
5wbn	nonantibody_chain
5wbx	nonantibody_chain
5wc5	nonantibody_chain
5wc7	nonantibody_chain
5wca	released_antibody_only
5wcc	cdr_similar
5wcd	cdr_similar
5wdf	nonantibody_chain
5wdi	nonantibody_chain
5wdo	nonantibody_chain
5wdp	nonantibody_chain
5wdq	nonantibody_chain
5wdr	nonantibody_chain
5wds	nonantibody_chain
5wdz	nonantibody_chain
5weq	released_antibody_only
5wes	nonantibody_chain
5wet	nonantibody_chain
5weu	nonantibody_chain
5wev	nonantibody_chain
5wex	nonantibody_chain
5wfi	nonantibody_chain
5wfo	nonantibody_chain
5wfp	nonantibody_chain
5wfq	nonantibody_chain
5wfr	nonantibody_chain
5wfu	nonantibody_chain
5wfx	nonantibody_chain
5wg7	nonantibody_chain
5wgp	nonantibody_chain
5wha	nonantibody_chain
5whb	nonantibody_chain
5whd	nonantibody_chain
5whe	nonantibody_chain
5whj	released_antibody_only
5whk	nonantibody_chain
5whw	nonantibody_chain
5whz	cdr_similar
5wi6	nonantibody_chain
5wiu	nonantibody_chain
5wiv	nonantibody_chain
5wj2	nonantibody_chain
5wj3	nonantibody_chain
5wj4	nonantibody_chain
5wjg	nonantibody_chain
5wjh	nonantibody_chain
5wjk	nonantibody_chain
5wjo	nonantibody_chain
5wk2	released_antibody_only
5wke	nonantibody_chain
5wkg	nonantibody_chain
5wki	nonantibody_chain
5wkj	nonantibody_chain
5wkk	nonantibody_chain
5wkl	nonantibody_chain
5wkm	nonantibody_chain
5wkt	nonantibody_chain
5wkz	cdr_similar
5wl1	nonantibody_chain
5wl2	cdr_similar
5wlb	nonantibody_chain
5wle	nonantibody_chain
5wlo	nonantibody_chain
5wlr	nonantibody_chain
5wlt	nonantibody_chain
5wlu	nonantibody_chain
5wlv	nonantibody_chain
5wma	nonantibody_chain
5wmd	nonantibody_chain
5wmf	nonantibody_chain
5wmg	nonantibody_chain
5wmn	nonantibody_chain
5wmo	nonantibody_chain
5wmp	nonantibody_chain
5wmq	nonantibody_chain
5wmr	nonantibody_chain
5wn9	nonantibody_chain
5wna	nonantibody_chain
5wnb	nonantibody_chain
5wno	nonantibody_chain
5wog	nonantibody_chain
5woh	nonantibody_chain
5wos	nonantibody_chain
5wp3	nonantibody_chain
5wpl	nonantibody_chain
5wpm	nonantibody_chain
5wr7	nonantibody_chain
5wr9	nonantibody_chain
5wra	nonantibody_chain
5wrb	nonantibody_chain
5wrc	nonantibody_chain
5wro	nonantibody_chain
5wsh	nonantibody_chain
5wsv	nonantibody_chain
5wt9	nonantibody_chain
5wtg	cdr_similar
5wts	cdr_similar
5wtt	cdr_similar
5wuk	nonantibody_chain
5wul	nonantibody_chain
5wum	nonantibody_chain
5wun	nonantibody_chain
5wuu	nonantibody_chain
5wuv	cdr_similar
5wuw	nonantibody_chain
5wva	nonantibody_chain
5wvd	nonantibody_chain
5wvo	nonantibody_chain
5wwi	nonantibody_chain
5wwj	nonantibody_chain
5wwu	nonantibody_chain
5wxc	nonantibody_chain
5wxd	nonantibody_chain
5wxf	nonantibody_chain
5wxn	nonantibody_chain
5wxo	nonantibody_chain
5wxq	nonantibody_chain
5wxr	nonantibody_chain
5wxs	nonantibody_chain
5wxt	nonantibody_chain
5wym	released_antibody_only
5x08	nonantibody_chain
5x26	nonantibody_chain
5x27	nonantibody_chain
5x28	nonantibody_chain
5x2c	nonantibody_chain
5x2k	nonantibody_chain
5x3f	nonantibody_chain
5x3m	nonantibody_chain
5x3n	nonantibody_chain
5x3o	nonantibody_chain
5x4g	cdr_similar
5x5x	cdr_similar
5x60	nonantibody_chain
5x6u	nonantibody_chain
5x6v	nonantibody_chain
5x7d	nonantibody_chain
5x8m	nonantibody_chain
5x8n	nonantibody_chain
5x8y	nonantibody_chain
5x9s	nonantibody_chain
5xa4	nonantibody_chain
5xbr	nonantibody_chain
5xco	nonantibody_chain
5xcq	cdr_similar
5xcr	cdr_similar
5xct	cdr_similar
5xdk	nonantibody_chain
5xdl	nonantibody_chain
5xdp	nonantibody_chain
5xe5	nonantibody_chain
5xfj	nonantibody_chain
5xg4	nonantibody_chain
5xg7	nonantibody_chain
5xg8	nonantibody_chain
5xgm	nonantibody_chain
5xgn	nonantibody_chain
5xhe	nonantibody_chain
5xhf	cdr_similar
5xhg	cdr_similar
5xhk	nonantibody_chain
5xhl	nonantibody_chain
5xhy	nonantibody_chain
5xi2	nonantibody_chain
5xi3	nonantibody_chain
5xi4	nonantibody_chain
5xib	nonantibody_chain
5xic	nonantibody_chain
5xie	nonantibody_chain
5xis	nonantibody_chain
5xit	nonantibody_chain
5xiu	nonantibody_chain
5xj4	nonantibody_chain
5xje	nonantibody_chain
5xjf	nonantibody_chain
5xjm	nonantibody_chain
5xjn	nonantibody_chain
5xkb	nonantibody_chain
5xku	nonantibody_chain
5xkv	nonantibody_chain
5xkw	nonantibody_chain
5xl0	nonantibody_chain
5xl1	nonantibody_chain
5xl3	nonantibody_chain
5xl4	nonantibody_chain
5xli	cdr_similar
5xmf	nonantibody_chain
5xmm	nonantibody_chain
5xoc	nonantibody_chain
5xop	nonantibody_chain
5xos	nonantibody_chain
5xot	nonantibody_chain
5xp1	released_antibody_only
5xpe	nonantibody_chain
5xpf	nonantibody_chain
5xpk	nonantibody_chain
5xpt	nonantibody_chain
5xpu	nonantibody_chain
5xqw	released_antibody_only
5xqx	nonantibody_chain
5xqy	released_antibody_only
5xr4	nonantibody_chain
5xr6	nonantibody_chain
5xr7	nonantibody_chain
5xrf	nonantibody_chain
5xrg	nonantibody_chain
5xrh	nonantibody_chain
5xri	nonantibody_chain
5xrj	nonantibody_chain
5xrk	nonantibody_chain
5xrl	nonantibody_chain
5xrm	nonantibody_chain
5xrn	nonantibody_chain
5xro	nonantibody_chain
5xrp	nonantibody_chain
5xrq	cdr_similar
5xs2	nonantibody_chain
5xs3	nonantibody_chain
5xtu	nonantibody_chain
5xu8	nonantibody_chain
5xuw	nonantibody_chain
5xva	nonantibody_chain
5xve	nonantibody_chain
5xvf	nonantibody_chain
5xvg	nonantibody_chain
5xw1	nonantibody_chain
5xw8	nonantibody_chain
5xw9	nonantibody_chain
5xwa	nonantibody_chain
5xwd	cdr_similar
5xwj	nonantibody_chain
5xwl	nonantibody_chain
5xx2	nonantibody_chain
5xx3	nonantibody_chain
5xx4	nonantibody_chain
5xx5	nonantibody_chain
5xx6	nonantibody_chain
5xx7	nonantibody_chain
5xx8	nonantibody_chain
5xxy	nonantibody_chain
5xy1	nonantibody_chain
5xy9	nonantibody_chain
5xzi	nonantibody_chain
5xzj	nonantibody_chain
5y03	nonantibody_chain
5y07	nonantibody_chain
5y11	cdr_similar
5y14	nonantibody_chain
5y1y	nonantibody_chain
5y25	nonantibody_chain
5y2l	nonantibody_chain
5y2r	nonantibody_chain
5y2s	nonantibody_chain
5y38	nonantibody_chain
5y39	nonantibody_chain
5y3a	nonantibody_chain
5y4a	nonantibody_chain
5y56	nonantibody_chain
5y5c	nonantibody_chain
5y5t	nonantibody_chain
5y5u	nonantibody_chain
5y63	nonantibody_chain
5y8c	nonantibody_chain
5y8w	nonantibody_chain
5y8y	nonantibody_chain
5y8z	nonantibody_chain
5y91	nonantibody_chain
5y93	nonantibody_chain
5y94	nonantibody_chain
5y98	nonantibody_chain
5y9a	nonantibody_chain
5y9j	cdr_similar
5y9k	cdr_similar
5y9l	nonantibody_chain
5y9m	nonantibody_chain
5y9t	nonantibody_chain
5y9z	nonantibody_chain
5yax	nonantibody_chain
5yb2	nonantibody_chain
5yb3	nonantibody_chain
5yb4	nonantibody_chain
5yb9	nonantibody_chain
5yba	nonantibody_chain
5yc0	nonantibody_chain
5yc5	nonantibody_chain
5yc6	nonantibody_chain
5yc7	nonantibody_chain
5yce	nonantibody_chain
5ycg	nonantibody_chain
5ych	nonantibody_chain
5yci	nonantibody_chain
5ycj	nonantibody_chain
5yd8	nonantibody_chain
5ydk	nonantibody_chain
5ydo	nonantibody_chain
5ydr	nonantibody_chain
5ydv	nonantibody_chain
5ydw	nonantibody_chain
5ye3	nonantibody_chain
5ye4	nonantibody_chain
5yer	nonantibody_chain
5yez	nonantibody_chain
5yf9	nonantibody_chain
5yfi	cdr_similar
5yfn	nonantibody_chain
5ygx	nonantibody_chain
5ygy	nonantibody_chain
5yhl	cdr_similar
5yin	nonantibody_chain
5yjk	nonantibody_chain
5yjm	nonantibody_chain
5yjp	nonantibody_chain
5yk5	nonantibody_chain
5ykj	nonantibody_chain
5ykw	nonantibody_chain
5yky	nonantibody_chain
5yl3	nonantibody_chain
5yl7	nonantibody_chain
5yl8	nonantibody_chain
5yla	nonantibody_chain
5ylx	nonantibody_chain
5ym7	nonantibody_chain
5ymv	nonantibody_chain
5yn4	nonantibody_chain
5ynl	nonantibody_chain
5yo3	nonantibody_chain
5yo4	nonantibody_chain
5yo5	nonantibody_chain
5yo6	nonantibody_chain
5yoj	nonantibody_chain
5yok	nonantibody_chain
5you	nonantibody_chain
5yov	nonantibody_chain
5ypp	nonantibody_chain
5ypw	nonantibody_chain
5ypy	nonantibody_chain
5yqg	nonantibody_chain
5yqx	nonantibody_chain
5yr0	nonantibody_chain
5yr3	nonantibody_chain
5yrs	nonantibody_chain
5ys7	nonantibody_chain
5yt4	nonantibody_chain
5yt6	nonantibody_chain
5yt7	nonantibody_chain
5yui	nonantibody_chain
5yuj	nonantibody_chain
5yuk	nonantibody_chain
5yum	nonantibody_chain
5yup	cdr_similar
5yv8	nonantibody_chain
5yv9	nonantibody_chain
5yva	nonantibody_chain
5yvb	nonantibody_chain
5yvc	nonantibody_chain
5yvh	nonantibody_chain
5yvi	nonantibody_chain
5yvu	nonantibody_chain
5yw1	nonantibody_chain
5ywe	nonantibody_chain
5ywf	released_antibody_only
5ywm	nonantibody_chain
5ywr	nonantibody_chain
5ywx	nonantibody_chain
5ywy	cdr_similar
5yx1	nonantibody_chain
5yxe	nonantibody_chain
5yxn	nonantibody_chain
5yxz	nonantibody_chain
5yy1	nonantibody_chain
5yy5	nonantibody_chain
5yzf	nonantibody_chain
5yzh	nonantibody_chain
5yzi	nonantibody_chain
5z0r	nonantibody_chain
5z0s	nonantibody_chain
5z0w	nonantibody_chain
5z1c	nonantibody_chain
5z1o	nonantibody_chain
5z1r	nonantibody_chain
5z1s	nonantibody_chain
5z1t	nonantibody_chain
5z2m	nonantibody_chain
5z5t	nonantibody_chain
5z5u	nonantibody_chain
5z5v	nonantibody_chain
5z6f	nonantibody_chain
5z6j	nonantibody_chain
5z6k	nonantibody_chain
5z6l	nonantibody_chain
5z6m	nonantibody_chain
5z6o	nonantibody_chain
5z6y	nonantibody_chain
5z78	nonantibody_chain
5z7e	nonantibody_chain
5z7f	nonantibody_chain
5z8g	nonantibody_chain
5z8l	nonantibody_chain
5z8n	nonantibody_chain
5z8r	nonantibody_chain
5z8z	nonantibody_chain
5z90	nonantibody_chain
5z94	nonantibody_chain
5z9k	nonantibody_chain
5za7	nonantibody_chain
5za8	nonantibody_chain
5za9	nonantibody_chain
5zae	nonantibody_chain
5zaf	nonantibody_chain
5zag	nonantibody_chain
5zah	nonantibody_chain
5zaj	nonantibody_chain
5zan	nonantibody_chain
5zb7	nonantibody_chain
5zba	nonantibody_chain
5zbb	nonantibody_chain
5zbi	nonantibody_chain
5zbu	nonantibody_chain
5zc5	nonantibody_chain
5zc7	nonantibody_chain
5zca	nonantibody_chain
5zcj	nonantibody_chain
5zeo	nonantibody_chain
5zf3	nonantibody_chain
5zfh	nonantibody_chain
5zfi	nonantibody_chain
5zfl	nonantibody_chain
5zft	nonantibody_chain
5zfx	nonantibody_chain
5zg4	nonantibody_chain
5zg5	nonantibody_chain
5zg6	nonantibody_chain
5zga	nonantibody_chain
5zh0	nonantibody_chain
5zh9	nonantibody_chain
5zhq	nonantibody_chain
5zii	nonantibody_chain
5zil	nonantibody_chain
5zim	nonantibody_chain
5zin	nonantibody_chain
5ziw	nonantibody_chain
5zj3	nonantibody_chain
5zjw	nonantibody_chain
5zjy	nonantibody_chain
5zjz	nonantibody_chain
5zk5	nonantibody_chain
5zk7	nonantibody_chain
5zk9	nonantibody_chain
5zkb	nonantibody_chain
5zkz	nonantibody_chain
5zlc	nonantibody_chain
5zlz	nonantibody_chain
5zmi	nonantibody_chain
5zmj	cdr_similar
5zml	nonantibody_chain
5zn0	nonantibody_chain
5zn1	nonantibody_chain
5zn2	nonantibody_chain
5zn3	nonantibody_chain
5zn4	nonantibody_chain
5zn5	nonantibody_chain
5znp	nonantibody_chain
5znq	nonantibody_chain
5znr	nonantibody_chain
5zo0	nonantibody_chain
5zoc	nonantibody_chain
5zpw	nonantibody_chain
5zq3	nonantibody_chain
5zq4	nonantibody_chain
5zqg	nonantibody_chain
5zqi	nonantibody_chain
5zs0	cdr_similar
5zto	nonantibody_chain
5zut	nonantibody_chain
5zv2	nonantibody_chain
5zv3	cdr_similar
5zvl	nonantibody_chain
5zvp	nonantibody_chain
5zwj	nonantibody_chain
5zwx	nonantibody_chain
5zxk	nonantibody_chain
5zxw	nonantibody_chain
5zz0	nonantibody_chain
5zz3	nonantibody_chain
5zze	nonantibody_chain
5zzf	nonantibody_chain
5zzg	nonantibody_chain
5zzv	nonantibody_chain
621p	nonantibody_chain
6a0z	nonantibody_chain
6a10	nonantibody_chain
6a1c	nonantibody_chain
6a1s	nonantibody_chain
6a1t	nonantibody_chain
6a1u	nonantibody_chain
6a1v	nonantibody_chain
6a1x	nonantibody_chain
6a1y	nonantibody_chain
6a2b	nonantibody_chain
6a31	nonantibody_chain
6a42	nonantibody_chain
6a43	nonantibody_chain
6a4n	nonantibody_chain
6a4o	nonantibody_chain
6a4p	nonantibody_chain
6a4q	nonantibody_chain
6a5q	nonantibody_chain
6a5s	nonantibody_chain
6a62	nonantibody_chain
6a63	nonantibody_chain
6a64	nonantibody_chain
6a65	nonantibody_chain
6a66	nonantibody_chain
6a6h	nonantibody_chain
6a6i	nonantibody_chain
6a71	nonantibody_chain
6a72	nonantibody_chain
6a76	released_antibody_only
6a77	released
6a78	released
6a79	released
6a7u	nonantibody_chain
6a8g	nonantibody_chain
6a8n	nonantibody_chain
6a8o	nonantibody_chain
6a97	nonantibody_chain
6a9k	cdr_similar
6aa2	nonantibody_chain
6aa6	nonantibody_chain
6aar	nonantibody_chain
6abn	nonantibody_chain
6abo	nonantibody_chain
6abz	nonantibody_chain
6ac2	nonantibody_chain
6acr	nonantibody_chain
6ad5	nonantibody_chain
6adf	nonantibody_chain
6aea	nonantibody_chain
6aec	nonantibody_chain
6aeh	nonantibody_chain
6af5	nonantibody_chain
6af7	nonantibody_chain
6af9	nonantibody_chain
6afa	nonantibody_chain
6afb	nonantibody_chain
6afc	nonantibody_chain
6afd	nonantibody_chain
6afe	nonantibody_chain
6aff	nonantibody_chain
6afg	nonantibody_chain
6afh	nonantibody_chain
6afi	nonantibody_chain
6afj	nonantibody_chain
6afl	nonantibody_chain
6afm	nonantibody_chain
6afn	nonantibody_chain
6afo	nonantibody_chain
6afp	nonantibody_chain
6afr	nonantibody_chain
6ag2	nonantibody_chain
6ag3	nonantibody_chain
6ag7	nonantibody_chain
6ag9	nonantibody_chain
6agn	nonantibody_chain
6agr	nonantibody_chain
6agv	nonantibody_chain
6ahh	nonantibody_chain
6ahl	nonantibody_chain
6aho	nonantibody_chain
6ahs	nonantibody_chain
6ai5	nonantibody_chain
6ais	nonantibody_chain
6ajv	nonantibody_chain
6ajw	nonantibody_chain
6ajx	nonantibody_chain
6ajy	nonantibody_chain
6ajz	nonantibody_chain
6ak5	nonantibody_chain
6ak6	nonantibody_chain
6al0	cdr_similar
6al1	cdr_similar
6al5	cdr_similar
6ale	nonantibody_chain
6alz	nonantibody_chain
6am5	nonantibody_chain
6amb	nonantibody_chain
6amf	nonantibody_chain
6amj	released_antibody_only
6amm	released_antibody_only
6amt	nonantibody_chain
6amu	nonantibody_chain
6ana	cdr_similar
6and	cdr_similar
6anp	released_antibody_only
6anv	nonantibody_chain
6ao0	released_antibody_only
6aod	nonantibody_chain
6aop	nonantibody_chain
6aoq	nonantibody_chain
6aor	nonantibody_chain
6aos	nonantibody_chain
6aot	nonantibody_chain
6aou	nonantibody_chain
6aov	nonantibody_chain
6ap9	nonantibody_chain
6apc	cdr_similar
6apm	nonantibody_chain
6apn	nonantibody_chain
6apq	released_antibody_only
6apx	nonantibody_chain
6aq7	nonantibody_chain
6aqf	nonantibody_chain
6aqr	nonantibody_chain
6ark	nonantibody_chain
6arp	cdr_similar
6as9	nonantibody_chain
6asa	nonantibody_chain
6ase	nonantibody_chain
6ash	nonantibody_chain
6asr	nonantibody_chain
6at5	nonantibody_chain
6at6	nonantibody_chain
6at9	nonantibody_chain
6ath	nonantibody_chain
6ato	nonantibody_chain
6atp	nonantibody_chain
6atq	nonantibody_chain
6atr	nonantibody_chain
6au5	nonantibody_chain
6au6	nonantibody_chain
6aud	nonantibody_chain
6aum	nonantibody_chain
6auq	nonantibody_chain
6aur	nonantibody_chain
6aus	nonantibody_chain
6aut	nonantibody_chain
6auu	nonantibody_chain
6auv	nonantibody_chain
6auw	nonantibody_chain
6aux	nonantibody_chain
6avf	nonantibody_chain
6avl	nonantibody_chain
6avn	released_antibody_only
6awn	cdr_similar
6awo	cdr_similar
6awp	cdr_similar
6awq	cdr_similar
6axj	nonantibody_chain
6axk	cdr_similar
6axl	cdr_similar
6axp	nonantibody_chain
6ay2	nonantibody_chain
6aym	nonantibody_chain
6ayn	nonantibody_chain
6ayo	nonantibody_chain
6ayq	nonantibody_chain
6ayr	nonantibody_chain
6ayt	nonantibody_chain
6azk	cdr_similar
6azl	cdr_similar
6azm	cdr_similar
6azx	released_antibody_only
6b00	nonantibody_chain
6b08	released
6b0a	cdr_untransferred
6b0e	cdr_similar
6b0s	nonantibody_chain
6b0v	nonantibody_chain
6b0w	cdr_similar
6b0y	nonantibody_chain
6b1f	nonantibody_chain
6b1h	nonantibody_chain
6b1j	nonantibody_chain
6b1w	nonantibody_chain
6b1x	nonantibody_chain
6b1y	nonantibody_chain
6b24	nonantibody_chain
6b2a	nonantibody_chain
6b2b	nonantibody_chain
6b2d	nonantibody_chain
6b2p	nonantibody_chain
6b36	nonantibody_chain
6b38	nonantibody_chain
6b3c	nonantibody_chain
6b3d	released_antibody_only
6b3f	nonantibody_chain
6b3g	nonantibody_chain
6b3h	nonantibody_chain
6b4d	nonantibody_chain
6b4e	nonantibody_chain
6b4l	nonantibody_chain
6b4n	nonantibody_chain
6b4p	nonantibody_chain
6b4u	nonantibody_chain
6b59	nonantibody_chain
6b5a	nonantibody_chain
6b5l	nonantibody_chain
6b5m	cdr_similar
6b5n	cdr_similar
6b5o	cdr_similar
6b5p	nonantibody_chain
6b5r	released
6b5t	released
6b6b	nonantibody_chain
6b6c	nonantibody_chain
6b6d	nonantibody_chain
6b6e	nonantibody_chain
6b6f	nonantibody_chain
6b6n	nonantibody_chain
6b6o	nonantibody_chain
6b6p	nonantibody_chain
6b6q	nonantibody_chain
6b6r	nonantibody_chain
6b6s	nonantibody_chain
6b6t	nonantibody_chain
6b6z	cdr_similar
6b73	nonantibody_chain
6b74	nonantibody_chain
6b77	nonantibody_chain
6b7a	nonantibody_chain
6b7b	nonantibody_chain
6b7c	nonantibody_chain
6b7d	nonantibody_chain
6b7f	nonantibody_chain
6b7m	nonantibody_chain
6b7o	nonantibody_chain
6b7r	nonantibody_chain
6b7t	nonantibody_chain
6b7u	nonantibody_chain
6b7v	nonantibody_chain
6b7w	nonantibody_chain
6b8e	nonantibody_chain
6b8j	nonantibody_chain
6b8l	nonantibody_chain
6b8m	nonantibody_chain
6b8n	nonantibody_chain
6b8o	nonantibody_chain
6b8p	nonantibody_chain
6b8q	nonantibody_chain
6b8r	nonantibody_chain
6b8t	nonantibody_chain
6b8u	nonantibody_chain
6b8x	nonantibody_chain
6b8z	nonantibody_chain
6b90	nonantibody_chain
6b94	nonantibody_chain
6b95	nonantibody_chain
6b9c	nonantibody_chain
6b9x	nonantibody_chain
6b9y	nonantibody_chain
6b9z	nonantibody_chain
6bae	nonantibody_chain
6bah	nonantibody_chain
6bai	nonantibody_chain
6bb5	nonantibody_chain
6bbs	nonantibody_chain
6bc0	nonantibody_chain
6bc1	nonantibody_chain
6bc8	nonantibody_chain
6bc9	nonantibody_chain
6bca	nonantibody_chain
6bcb	nonantibody_chain
6bcc	nonantibody_chain
6bcd	nonantibody_chain
6bck	released
6bcr	nonantibody_chain
6bcs	nonantibody_chain
6bcy	nonantibody_chain
6bd1	nonantibody_chain
6bd2	nonantibody_chain
6bdv	nonantibody_chain
6bdz	cdr_similar
6be2	cdr_similar
6be3	cdr_similar
6be4	cdr_similar
6bfd	nonantibody_chain
6bfe	nonantibody_chain
6bfj	nonantibody_chain
6bfk	nonantibody_chain
6bfl	nonantibody_chain
6bfo	nonantibody_chain
6bfp	nonantibody_chain
6bfs	released
6bfw	nonantibody_chain
6bfx	nonantibody_chain
6bg0	nonantibody_chain
6bg1	nonantibody_chain
6bg4	nonantibody_chain
6bga	nonantibody_chain
6bgf	nonantibody_chain
6bgk	nonantibody_chain
6bgm	nonantibody_chain
6bgq	nonantibody_chain
6bgr	nonantibody_chain
6bgs	nonantibody_chain
6bh9	nonantibody_chain
6bha	nonantibody_chain
6bhd	nonantibody_chain
6bhg	nonantibody_chain
6bhq	nonantibody_chain
6bhy	nonantibody_chain
6bhz	cdr_similar
6bi0	cdr_similar
6bi2	cdr_similar
6bi7	nonantibody_chain
6bik	nonantibody_chain
6biy	nonantibody_chain
6biz	nonantibody_chain
6bj2	nonantibody_chain
6bj3	nonantibody_chain
6bj8	nonantibody_chain
6bjr	nonantibody_chain
6bjz	cdr_similar
6bkb	cdr_similar
6bkc	cdr_similar
6bkd	withheld_unstable
6bke	nonantibody_chain
6bkh	nonantibody_chain
6bki	nonantibody_chain
6bkn	nonantibody_chain
6bko	nonantibody_chain
6bkp	nonantibody_chain
6bkr	nonantibody_chain
6bks	nonantibody_chain
6bkt	nonantibody_chain
6bku	nonantibody_chain
6bkv	nonantibody_chain
6bkw	nonantibody_chain
6bkz	nonantibody_chain
6bl8	nonantibody_chain
6bla	released_antibody_only
6ble	nonantibody_chain
6blh	nonantibody_chain
6bln	nonantibody_chain
6blq	nonantibody_chain
6blr	nonantibody_chain
6blx	nonantibody_chain
6bmg	nonantibody_chain
6bmk	nonantibody_chain
6bn3	nonantibody_chain
6bnr	nonantibody_chain
6bo1	nonantibody_chain
6bo2	nonantibody_chain
6bof	nonantibody_chain
6bp1	nonantibody_chain
6bp2	cdr_similar
6bpb	cdr_similar
6bpd	cdr_similar
6bpf	nonantibody_chain
6bpr	nonantibody_chain
6bps	nonantibody_chain
6bpt	nonantibody_chain
6bpu	nonantibody_chain
6bpv	nonantibody_chain
6bpw	nonantibody_chain
6bpx	nonantibody_chain
6bqb	cdr_similar
6bqg	nonantibody_chain
6bqh	nonantibody_chain
6bql	nonantibody_chain
6bqo	nonantibody_chain
6bqp	nonantibody_chain
6bqq	nonantibody_chain
6bqx	nonantibody_chain
6br4	nonantibody_chain
6br9	nonantibody_chain
6bra	nonantibody_chain
6brc	nonantibody_chain
6bre	nonantibody_chain
6bsy	nonantibody_chain
6bta	nonantibody_chain
6btj	cdr_similar
6btl	nonantibody_chain
6bu3	nonantibody_chain
6bu7	nonantibody_chain
6buu	nonantibody_chain
6bva	nonantibody_chain
6bvb	nonantibody_chain
6bve	nonantibody_chain
6bvh	nonantibody_chain
6bvi	nonantibody_chain
6bvj	nonantibody_chain
6bvk	nonantibody_chain
6bvl	nonantibody_chain
6bvm	nonantibody_chain
6bvt	nonantibody_chain
6bw0	nonantibody_chain
6bw1	nonantibody_chain
6bw2	nonantibody_chain
6bw8	nonantibody_chain
6bwp	nonantibody_chain
6bwu	nonantibody_chain
6bx4	nonantibody_chain
6bx5	nonantibody_chain
6bx6	nonantibody_chain
6bxb	nonantibody_chain
6bxf	nonantibody_chain
6bxj	nonantibody_chain
6bxp	nonantibody_chain
6bxq	nonantibody_chain
6by2	cdr_similar
6by3	cdr_similar
6byh	nonantibody_chain
6byk	nonantibody_chain
6byn	nonantibody_chain
6bz2	nonantibody_chain
6bz4	nonantibody_chain
6bzd	nonantibody_chain
6bzy	cdr_similar
6c09	nonantibody_chain
6c0a	nonantibody_chain
6c0s	nonantibody_chain
6c0u	nonantibody_chain
6c15	nonantibody_chain
6c18	nonantibody_chain
6c19	nonantibody_chain
6c1b	nonantibody_chain
6c1c	nonantibody_chain
6c1o	nonantibody_chain
6c1q	nonantibody_chain
6c1r	nonantibody_chain
6c1s	nonantibody_chain
6c2g	nonantibody_chain
6c2i	nonantibody_chain
6c2r	nonantibody_chain
6c2t	nonantibody_chain
6c3e	nonantibody_chain
6c4w	nonantibody_chain
6c5h	cdr_similar
6c5i	cdr_similar
6c5j	cdr_similar
6c5k	cdr_similar
6c5m	nonantibody_chain
6c5w	released
6c5x	nonantibody_chain
6c61	nonantibody_chain
6c68	nonantibody_chain
6c69	nonantibody_chain
6c6a	nonantibody_chain
6c6c	nonantibody_chain
6c6e	nonantibody_chain
6c6f	nonantibody_chain
6c6h	nonantibody_chain
6c6j	nonantibody_chain
6c78	nonantibody_chain
6c79	nonantibody_chain
6c7a	nonantibody_chain
6c7q	nonantibody_chain
6c7r	nonantibody_chain
6c7w	nonantibody_chain
6c7x	nonantibody_chain
6c83	nonantibody_chain
6c8x	nonantibody_chain
6c8y	nonantibody_chain
6c97	nonantibody_chain
6c98	nonantibody_chain
6c99	nonantibody_chain
6c9o	nonantibody_chain
6c9w	nonantibody_chain
6ca2	nonantibody_chain
6ca6	released_antibody_only
6ca7	cdr_similar
6ca9	cdr_similar
6cad	nonantibody_chain
6cbj	cdr_similar
6cbv	nonantibody_chain
6cc4	nonantibody_chain
6ccf	nonantibody_chain
6cck	nonantibody_chain
6ccl	nonantibody_chain
6ccm	nonantibody_chain
6ccn	nonantibody_chain
6cco	nonantibody_chain
6ccq	nonantibody_chain
6ccs	nonantibody_chain
6ccy	nonantibody_chain
6cd4	nonantibody_chain
6cd5	nonantibody_chain
6cdh	nonantibody_chain
6cdj	nonantibody_chain
6cdl	nonantibody_chain
6cdm	cdr_similar
6cdn	nonantibody_chain
6cdo	cdr_similar
6cdp	cdr_untransferred
6cdt	nonantibody_chain
6ce6	nonantibody_chain
6ce8	nonantibody_chain
6cea	nonantibody_chain
6cec	nonantibody_chain
6ced	nonantibody_chain
6cee	nonantibody_chain
6cef	nonantibody_chain
6ceh	nonantibody_chain
6cez	released
6cf0	nonantibody_chain
6cf7	nonantibody_chain
6cfe	nonantibody_chain
6cfg	nonantibody_chain
6cfp	nonantibody_chain
6cg9	nonantibody_chain
6che	nonantibody_chain
6chf	nonantibody_chain
6chl	nonantibody_chain
6chm	nonantibody_chain
6chn	nonantibody_chain
6cho	nonantibody_chain
6chp	nonantibody_chain
6chq	nonantibody_chain
6chx	nonantibody_chain
6ci6	nonantibody_chain
6cis	nonantibody_chain
6ciu	nonantibody_chain
6ciw	nonantibody_chain
6ciy	nonantibody_chain
6cj1	nonantibody_chain
6cj2	nonantibody_chain
6cj5	nonantibody_chain
6cjc	nonantibody_chain
6cje	nonantibody_chain
6cjh	nonantibody_chain
6cjk	released_antibody_only
6cjv	nonantibody_chain
6cjw	nonantibody_chain
6cjx	nonantibody_chain
6cjy	nonantibody_chain
6ck3	nonantibody_chain
6ck6	nonantibody_chain
6ck8	released_antibody_only
6cka	nonantibody_chain
6ckb	nonantibody_chain
6cki	nonantibody_chain
6ckp	nonantibody_chain
6ckr	nonantibody_chain
6cks	nonantibody_chain
6ckw	nonantibody_chain
6ckz	nonantibody_chain
6cl0	nonantibody_chain
6cl2	nonantibody_chain
6cl7	nonantibody_chain
6cl8	nonantibody_chain
6cl9	nonantibody_chain
6cla	nonantibody_chain
6clb	nonantibody_chain
6cmg	nonantibody_chain
6cmi	nonantibody_chain
6cmj	nonantibody_chain
6cne	nonantibody_chain
6cnr	cdr_similar
6cnw	released_antibody_only
6co2	nonantibody_chain
6co3	nonantibody_chain
6cp0	nonantibody_chain
6cp2	nonantibody_chain
6cpe	nonantibody_chain
6cpf	nonantibody_chain
6cpg	nonantibody_chain
6cph	nonantibody_chain
6cpm	nonantibody_chain
6cpz	nonantibody_chain
6cqa	nonantibody_chain
6cqd	nonantibody_chain
6cqe	nonantibody_chain
6cqf	nonantibody_chain
6cql	nonantibody_chain
6cqn	nonantibody_chain
6cr1	cdr_similar
6crk	nonantibody_chain
6ct7	cdr_similar
6ctb	nonantibody_chain
6cte	nonantibody_chain
6cu6	nonantibody_chain
6cug	nonantibody_chain
6cuh	nonantibody_chain
6cuo	nonantibody_chain
6cup	nonantibody_chain
6cur	nonantibody_chain
6cw2	cdr_similar
6cw6	nonantibody_chain
6cw7	nonantibody_chain
6cw9	nonantibody_chain
6cwb	nonantibody_chain
6cwe	nonantibody_chain
6cwg	nonantibody_chain
6cwk	released_antibody_only
6cwu	nonantibody_chain
6cwv	nonantibody_chain
6cx2	nonantibody_chain
6cx3	nonantibody_chain
6cx4	nonantibody_chain
6cx5	nonantibody_chain
6cx7	nonantibody_chain
6cx9	nonantibody_chain
6cxa	nonantibody_chain
6cxe	nonantibody_chain
6cxf	nonantibody_chain
6cxg	cdr_similar
6cxk	nonantibody_chain
6cxl	cdr_similar
6cxm	nonantibody_chain
6cxy	cdr_similar
6cyk	nonantibody_chain
6cym	nonantibody_chain
6cyo	nonantibody_chain
6cyr	nonantibody_chain
6cyu	nonantibody_chain
6cyv	nonantibody_chain
6cyw	nonantibody_chain
6czk	nonantibody_chain
6czo	nonantibody_chain
6czq	nonantibody_chain
6czs	nonantibody_chain
6czu	nonantibody_chain
6czv	nonantibody_chain
6d07	nonantibody_chain
6d08	nonantibody_chain
6d0d	nonantibody_chain
6d0e	nonantibody_chain
6d0j	nonantibody_chain
6d0k	nonantibody_chain
6d0n	nonantibody_chain
6d0q	nonantibody_chain
6d0r	nonantibody_chain
6d0x	cdr_similar
6d11	cdr_similar
6d15	nonantibody_chain
6d16	nonantibody_chain
6d17	nonantibody_chain
6d18	nonantibody_chain
6d19	nonantibody_chain
6d1l	nonantibody_chain
6d1m	nonantibody_chain
6d1y	nonantibody_chain
6d1z	nonantibody_chain
6d20	nonantibody_chain
6d22	nonantibody_chain
6d29	nonantibody_chain
6d2b	nonantibody_chain
6d2p	cdr_similar
6d2r	nonantibody_chain
6d2t	nonantibody_chain
6d32	nonantibody_chain
6d35	nonantibody_chain
6d38	nonantibody_chain
6d39	nonantibody_chain
6d3o	nonantibody_chain
6d3x	nonantibody_chain
6d3y	nonantibody_chain
6d3z	nonantibody_chain
6d40	nonantibody_chain
6d43	nonantibody_chain
6d45	nonantibody_chain
6d4e	nonantibody_chain
6d4i	nonantibody_chain
6d4m	nonantibody_chain
6d4n	nonantibody_chain
6d4p	nonantibody_chain
6d55	nonantibody_chain
6d56	nonantibody_chain
6d58	nonantibody_chain
6d59	nonantibody_chain
6d5e	nonantibody_chain
6d5g	nonantibody_chain
6d5h	nonantibody_chain
6d5j	nonantibody_chain
6d5l	nonantibody_chain
6d5m	nonantibody_chain
6d5v	nonantibody_chain
6d5w	nonantibody_chain
6d64	nonantibody_chain
6d66	nonantibody_chain
6d67	nonantibody_chain
6d68	nonantibody_chain
6d6e	nonantibody_chain
6d6f	nonantibody_chain
6d6g	nonantibody_chain
6d6h	nonantibody_chain
6d6i	nonantibody_chain
6d78	nonantibody_chain
6d7g	nonantibody_chain
6d7h	nonantibody_chain
6d7i	nonantibody_chain
6d7m	nonantibody_chain
6d7n	nonantibody_chain
6d8e	nonantibody_chain
6d9g	cdr_similar
6d9h	nonantibody_chain
6d9i	nonantibody_chain
6d9w	cdr_similar
6d9x	nonantibody_chain
6dad	nonantibody_chain
6dae	nonantibody_chain
6daf	nonantibody_chain
6dah	nonantibody_chain
6dai	nonantibody_chain
6dak	nonantibody_chain
6dar	nonantibody_chain
6das	nonantibody_chain
6db0	nonantibody_chain
6db5	cdr_similar
6db6	cdr_untransferred
6db7	released
6dbc	nonantibody_chain
6dbe	released_antibody_only
6dc3	nonantibody_chain
6dc4	released_antibody_only
6dc7	cdr_similar
6dc8	cdr_similar
6dc9	released
6dch	nonantibody_chain
6dcn	nonantibody_chain
6dco	nonantibody_chain
6dcv	released_antibody_only
6dcw	released
6ddf	nonantibody_chain
6ddi	nonantibody_chain
6ddj	nonantibody_chain
6ddm	released
6ddr	released
6ddv	cdr_similar
6dek	nonantibody_chain
6del	nonantibody_chain
6dem	nonantibody_chain
6den	nonantibody_chain
6deo	nonantibody_chain
6dep	nonantibody_chain
6deq	nonantibody_chain
6der	nonantibody_chain
6des	nonantibody_chain
6deu	nonantibody_chain
6dev	nonantibody_chain
6dez	cdr_similar
6df0	released_antibody_only
6df2	released
6dfi	nonantibody_chain
6dfj	nonantibody_chain
6dfr	nonantibody_chain
6dfs	nonantibody_chain
6dfv	nonantibody_chain
6dg2	cdr_similar
6dgf	nonantibody_chain
6dgx	nonantibody_chain
6dgy	nonantibody_chain
6dgz	nonantibody_chain
6dh0	nonantibody_chain
6dh1	nonantibody_chain
6dh2	nonantibody_chain
6dh3	nonantibody_chain
6dh4	nonantibody_chain
6dh5	nonantibody_chain
6dh6	nonantibody_chain
6dh7	nonantibody_chain
6dh8	nonantibody_chain
6dhy	nonantibody_chain
6dhz	nonantibody_chain
6di4	nonantibody_chain
6di8	nonantibody_chain
6dif	nonantibody_chain
6dil	nonantibody_chain
6dj1	nonantibody_chain
6dj2	nonantibody_chain
6dj5	nonantibody_chain
6dj7	nonantibody_chain
6djc	nonantibody_chain
6djw	nonantibody_chain
6djx	nonantibody_chain
6dkb	nonantibody_chain
6dkg	nonantibody_chain
6dki	nonantibody_chain
6dkp	nonantibody_chain
6dkw	nonantibody_chain
6dl2	nonantibody_chain
6dla	cdr_similar
6dlb	cdr_similar
6dle	nonantibody_chain
6dmh	nonantibody_chain
6dmi	nonantibody_chain
6dmj	nonantibody_chain
6dml	nonantibody_chain
6dn0	cdr_similar
6dnb	nonantibody_chain
6dnd	nonantibody_chain
6dne	nonantibody_chain
6dno	nonantibody_chain
6dnt	nonantibody_chain
6dq0	nonantibody_chain
6dq1	nonantibody_chain
6dr1	nonantibody_chain
6dr7	nonantibody_chain
6dr9	nonantibody_chain
6drb	nonantibody_chain
6dre	nonantibody_chain
6drx	nonantibody_chain
6dry	nonantibody_chain
6drz	nonantibody_chain
6ds0	nonantibody_chain
6ds2	nonantibody_chain
6dsi	cdr_similar
6dt6	nonantibody_chain
6du9	nonantibody_chain
6duj	nonantibody_chain
6dun	nonantibody_chain
6duv	nonantibody_chain
6dv0	nonantibody_chain
6dv4	nonantibody_chain
6dw2	cdr_similar
6dwa	released_antibody_only
6dwc	released_antibody_only
6dwq	nonantibody_chain
6dwr	nonantibody_chain
6dxn	nonantibody_chain
6dy4	nonantibody_chain
6dy6	nonantibody_chain
6dy7	nonantibody_chain
6dy8	nonantibody_chain
6dya	nonantibody_chain
6dyb	nonantibody_chain
6dyc	nonantibody_chain
6dyd	nonantibody_chain
6dye	nonantibody_chain
6dyf	nonantibody_chain
6dyg	nonantibody_chain
6dyh	nonantibody_chain
6dyi	nonantibody_chain
6dyj	nonantibody_chain
6dyk	nonantibody_chain
6dyl	nonantibody_chain
6dyu	nonantibody_chain
6dyv	nonantibody_chain
6dyw	nonantibody_chain
6dyx	released_antibody_only
6dyy	nonantibody_chain
6dzf	nonantibody_chain
6dzh	nonantibody_chain
6dzn	cdr_similar
6dzr	cdr_similar
6dzv	cdr_similar
6dzw	cdr_similar
6dzy	cdr_similar
6dzz	cdr_similar
6e02	nonantibody_chain
6e03	nonantibody_chain
6e04	nonantibody_chain
6e0r	nonantibody_chain
6e1i	nonantibody_chain
6e1y	nonantibody_chain
6e1z	nonantibody_chain
6e20	nonantibody_chain
6e21	nonantibody_chain
6e22	nonantibody_chain
6e23	nonantibody_chain
6e2b	nonantibody_chain
6e2m	nonantibody_chain
6e2n	nonantibody_chain
6e2o	nonantibody_chain
6e3h	nonantibody_chain
6e49	nonantibody_chain
6e4a	nonantibody_chain
6e4e	nonantibody_chain
6e4l	nonantibody_chain
6e4x	nonantibody_chain
6e4y	nonantibody_chain
6e4z	nonantibody_chain
6e5m	nonantibody_chain
6e5z	nonantibody_chain
6e64	cdr_similar
6e65	cdr_similar
6e69	nonantibody_chain
6e6c	nonantibody_chain
6e6f	nonantibody_chain
6e6g	nonantibody_chain
6e6h	nonantibody_chain
6e6j	nonantibody_chain
6e6p	nonantibody_chain
6e7b	nonantibody_chain
6e7c	nonantibody_chain
6e7j	nonantibody_chain
6e87	nonantibody_chain
6e8p	nonantibody_chain
6e8x	nonantibody_chain
6e91	nonantibody_chain
6e92	nonantibody_chain
6e99	nonantibody_chain
6e9a	nonantibody_chain
6e9g	cdr_similar
6e9h	cdr_similar
6e9k	cdr_similar
6e9l	nonantibody_chain
6e9u	cdr_similar
6e9w	nonantibody_chain
6ead	nonantibody_chain
6eae	nonantibody_chain
6eag	nonantibody_chain
6eaj	nonantibody_chain
6eak	nonantibody_chain
6eal	nonantibody_chain
6eam	nonantibody_chain
6ean	nonantibody_chain
6eaq	nonantibody_chain
6eat	nonantibody_chain
6eau	nonantibody_chain
6eav	nonantibody_chain
6eaw	nonantibody_chain
6eax	nonantibody_chain
6eay	cdr_similar
6eb4	nonantibody_chain
6ebc	nonantibody_chain
6ebd	nonantibody_chain
6ebe	nonantibody_chain
6ebg	nonantibody_chain
6ebw	nonantibody_chain
6ebx	nonantibody_chain
6ecy	nonantibody_chain
6ecz	nonantibody_chain
6ed0	nonantibody_chain
6ed6	nonantibody_chain
6eda	nonantibody_chain
6edl	nonantibody_chain
6edr	nonantibody_chain
6ee5	nonantibody_chain
6eea	nonantibody_chain
6eeb	nonantibody_chain
6eeh	nonantibody_chain
6eek	nonantibody_chain
6eeo	nonantibody_chain
6ef4	nonantibody_chain
6ef5	nonantibody_chain
6efk	nonantibody_chain
6egw	nonantibody_chain
6egy	nonantibody_chain
6egz	nonantibody_chain
6eh0	nonantibody_chain
6eh2	nonantibody_chain
6eh3	nonantibody_chain
6eh4	nonantibody_chain
6eh5	nonantibody_chain
6eh6	nonantibody_chain
6eh7	nonantibody_chain
6eh8	nonantibody_chain
6eh9	nonantibody_chain
6ehp	nonantibody_chain
6ehr	nonantibody_chain
6ehv	cdr_similar
6ehw	cdr_similar
6ei1	nonantibody_chain
6ei2	nonantibody_chain
6eie	nonantibody_chain
6eih	nonantibody_chain
6eii	nonantibody_chain
6eix	nonantibody_chain
6ej2	nonantibody_chain
6ej3	nonantibody_chain
6ejg	nonantibody_chain
6ejl	nonantibody_chain
6ejm	nonantibody_chain
6ek2	nonantibody_chain
6ekd	nonantibody_chain
6ekj	nonantibody_chain
6ekl	nonantibody_chain
6ekm	nonantibody_chain
6ele	cdr_similar
6elj	cdr_similar
6ell	cdr_similar
6ely	nonantibody_chain
6em2	nonantibody_chain
6em6	nonantibody_chain
6em7	nonantibody_chain
6ema	nonantibody_chain
6emb	nonantibody_chain
6emd	nonantibody_chain
6emj	cdr_similar
6enl	nonantibody_chain
6enp	nonantibody_chain
6eo8	nonantibody_chain
6eo9	nonantibody_chain
6epp	nonantibody_chain
6eq9	nonantibody_chain
6eqa	nonantibody_chain
6eqb	nonantibody_chain
6eqi	nonantibody_chain
6eqm	nonantibody_chain
6equ	nonantibody_chain
6ers	nonantibody_chain
6ert	nonantibody_chain
6eru	nonantibody_chain
6erv	nonantibody_chain
6erw	nonantibody_chain
6es0	nonantibody_chain
6esa	nonantibody_chain
6est	nonantibody_chain
6esx	nonantibody_chain
6etk	nonantibody_chain
6etl	nonantibody_chain
6etm	nonantibody_chain
6etn	nonantibody_chain
6eto	nonantibody_chain
6etp	nonantibody_chain
6etq	nonantibody_chain
6etr	nonantibody_chain
6evr	nonantibody_chain
6eww	nonantibody_chain
6ex1	nonantibody_chain
6ex8	nonantibody_chain
6exo	nonantibody_chain
6exq	nonantibody_chain
6ezl	nonantibody_chain
6ezp	nonantibody_chain
6ezq	nonantibody_chain
6ezw	released_antibody_only
6ezx	nonantibody_chain
6f02	nonantibody_chain
6f06	nonantibody_chain
6f08	nonantibody_chain
6f09	nonantibody_chain
6f0d	released_antibody_only
6f14	nonantibody_chain
6f17	nonantibody_chain
6f18	nonantibody_chain
6f19	nonantibody_chain
6f1a	nonantibody_chain
6f1f	nonantibody_chain
6f1l	nonantibody_chain
6f1m	nonantibody_chain
6f1o	nonantibody_chain
6f1p	nonantibody_chain
6f1r	nonantibody_chain
6f2g	released
6f2i	nonantibody_chain
6f2j	nonantibody_chain
6f2k	nonantibody_chain
6f2w	released
6f2z	nonantibody_chain
6f3b	nonantibody_chain
6f4u	nonantibody_chain
6f4v	nonantibody_chain
6f5e	nonantibody_chain
6f5g	nonantibody_chain
6f5m	nonantibody_chain
6f5n	nonantibody_chain
6f60	nonantibody_chain
6f6d	nonantibody_chain
6f7t	cdr_untransferred
6f83	nonantibody_chain
6f9x	nonantibody_chain
6f9y	nonantibody_chain
6f9z	nonantibody_chain
6fa0	nonantibody_chain
6fa2	nonantibody_chain
6fab	cdr_similar
6faf	nonantibody_chain
6fag	nonantibody_chain
6fak	nonantibody_chain
6fau	nonantibody_chain
6fav	nonantibody_chain
6faw	nonantibody_chain
6fax	nonantibody_chain
6fbb	nonantibody_chain
6fbj	cdr_similar
6fbw	nonantibody_chain
6fby	nonantibody_chain
6fc8	nonantibody_chain
6fcf	nonantibody_chain
6fck	nonantibody_chain
6fcm	nonantibody_chain
6fcn	nonantibody_chain
6fcp	nonantibody_chain
6fd3	nonantibody_chain
6fd8	nonantibody_chain
6fdk	nonantibody_chain
6fdq	nonantibody_chain
6fdu	nonantibody_chain
6fdy	nonantibody_chain
6fdz	nonantibody_chain
6fe0	nonantibody_chain
6fe1	nonantibody_chain
6fe2	nonantibody_chain
6fe4	nonantibody_chain
6fel	nonantibody_chain
6ff5	nonantibody_chain
6ff9	nonantibody_chain
6ffa	nonantibody_chain
6ffd	nonantibody_chain
6ffe	nonantibody_chain
6fff	nonantibody_chain
6ffg	nonantibody_chain
6ffj	cdr_similar
6fg1	cdr_similar
6fgb	nonantibody_chain
6fge	nonantibody_chain
6fgy	nonantibody_chain
6fh5	nonantibody_chain
6fha	nonantibody_chain
6fhb	nonantibody_chain
6fi4	nonantibody_chain
6fi5	nonantibody_chain
6fid	nonantibody_chain
6fj7	nonantibody_chain
6fji	nonantibody_chain
6fjj	nonantibody_chain
6fjs	nonantibody_chain
6fjt	nonantibody_chain
6fk1	nonantibody_chain
6fk6	nonantibody_chain
6fk7	nonantibody_chain
6fk8	nonantibody_chain
6fk9	nonantibody_chain
6fkb	nonantibody_chain
6flb	nonantibody_chain
6fll	nonantibody_chain
6flr	nonantibody_chain
6fmi	nonantibody_chain
6fmp	nonantibody_chain
6fmq	nonantibody_chain
6fmu	nonantibody_chain
6fmz	nonantibody_chain
6fn9	nonantibody_chain
6fna	nonantibody_chain
6fnb	nonantibody_chain
6fnc	nonantibody_chain
6fnf	nonantibody_chain
6fng	nonantibody_chain
6fnh	nonantibody_chain
6fni	nonantibody_chain
6fnj	nonantibody_chain
6fnk	nonantibody_chain
6fnl	nonantibody_chain
6fnm	nonantibody_chain
6fnx	nonantibody_chain
6fo5	nonantibody_chain
6foe	cdr_similar
6fp4	nonantibody_chain
6fp7	nonantibody_chain
6fp8	nonantibody_chain
6fp9	nonantibody_chain
6fpa	nonantibody_chain
6fpb	nonantibody_chain
6fpv	released_antibody_only
6fqf	nonantibody_chain
6fqy	nonantibody_chain
6fqz	nonantibody_chain
6fr2	nonantibody_chain
6fr3	nonantibody_chain
6fr4	nonantibody_chain
6fr5	nonantibody_chain
6fr6	nonantibody_chain
6fr7	nonantibody_chain
6fr8	nonantibody_chain
6fr9	nonantibody_chain
6fra	nonantibody_chain
6frb	nonantibody_chain
6frc	nonantibody_chain
6frj	cdr_similar
6fro	nonantibody_chain
6frq	nonantibody_chain
6frx	nonantibody_chain
6fs0	nonantibody_chain
6fs1	nonantibody_chain
6fs2	nonantibody_chain
6fsj	nonantibody_chain
6fsy	nonantibody_chain
6ft3	nonantibody_chain
6ft4	nonantibody_chain
6ftc	nonantibody_chain
6ftp	nonantibody_chain
6ftr	nonantibody_chain
6fty	nonantibody_chain
6ftz	nonantibody_chain
6fu5	nonantibody_chain
6fuf	nonantibody_chain
6fuh	nonantibody_chain
6fui	nonantibody_chain
6fum	nonantibody_chain
6fun	nonantibody_chain
6fuo	nonantibody_chain
6fup	nonantibody_chain
6fuq	nonantibody_chain
6fur	nonantibody_chain
6fut	nonantibody_chain
6fuy	nonantibody_chain
6fuz	cdr_untransferred
6fv0	cdr_untransferred
6fv1	nonantibody_chain
6fv2	nonantibody_chain
6fwt	nonantibody_chain
6fwu	nonantibody_chain
6fww	nonantibody_chain
6fx4	nonantibody_chain
6fx7	nonantibody_chain
6fxb	nonantibody_chain
6fy0	cdr_similar
6fy1	cdr_similar
6fy2	cdr_similar
6fy3	released
6fyh	nonantibody_chain
6fyt	nonantibody_chain
6fyw	nonantibody_chain
6fzq	cdr_similar
6fzr	cdr_similar
6g0d	nonantibody_chain
6g0e	nonantibody_chain
6g0f	nonantibody_chain
6g0g	nonantibody_chain
6g0h	nonantibody_chain
6g0i	nonantibody_chain
6g0j	nonantibody_chain
6g0o	nonantibody_chain
6g0p	nonantibody_chain
6g0q	nonantibody_chain
6g0r	nonantibody_chain
6g0s	nonantibody_chain
6g1e	nonantibody_chain
6g2r	nonantibody_chain
6g3j	nonantibody_chain
6g3k	nonantibody_chain
6g3q	nonantibody_chain
6g3v	nonantibody_chain
6g4t	nonantibody_chain
6g5a	nonantibody_chain
6g5b	nonantibody_chain
6g5c	nonantibody_chain
6g5t	nonantibody_chain
6g5u	nonantibody_chain
6g5v	nonantibody_chain
6g5y	nonantibody_chain
6g61	nonantibody_chain
6g62	nonantibody_chain
6g6t	nonantibody_chain
6g6v	nonantibody_chain
6g6x	nonantibody_chain
6g7h	nonantibody_chain
6g7i	nonantibody_chain
6g7j	nonantibody_chain
6g7k	nonantibody_chain
6g7l	nonantibody_chain
6g7o	nonantibody_chain
6g7s	nonantibody_chain
6g7t	nonantibody_chain
6g7u	nonantibody_chain
6g7v	nonantibody_chain
6g8a	nonantibody_chain
6g8i	nonantibody_chain
6g8j	nonantibody_chain
6g8k	nonantibody_chain
6g8l	nonantibody_chain
6g8p	nonantibody_chain
6g8q	nonantibody_chain
6g8r	released
6g98	nonantibody_chain
6g9q	nonantibody_chain
6g9u	nonantibody_chain
6ga1	nonantibody_chain
6ga2	nonantibody_chain
6ga3	nonantibody_chain
6ga4	nonantibody_chain
6ga5	nonantibody_chain
6ga6	nonantibody_chain
6ga7	nonantibody_chain
6ga8	nonantibody_chain
6ga9	nonantibody_chain
6gaa	nonantibody_chain
6gab	nonantibody_chain
6gac	nonantibody_chain
6gad	nonantibody_chain
6gae	nonantibody_chain
6gaf	nonantibody_chain
6gag	nonantibody_chain
6gah	nonantibody_chain
6gai	nonantibody_chain
6gb5	nonantibody_chain
6gb6	nonantibody_chain
6gbu	nonantibody_chain
6gbw	nonantibody_chain
6gc2	cdr_similar
6gci	released
6gcy	nonantibody_chain
6gd1	nonantibody_chain
6gd6	nonantibody_chain
6gd7	nonantibody_chain
6gd8	nonantibody_chain
6gd9	nonantibody_chain
6gda	nonantibody_chain
6gdc	nonantibody_chain
6gdg	nonantibody_chain
6ge7	nonantibody_chain
6gf0	nonantibody_chain
6gf9	nonantibody_chain
6gfi	nonantibody_chain
6gfs	nonantibody_chain
6gfx	nonantibody_chain
6gga	nonantibody_chain
6ggb	nonantibody_chain
6ggc	nonantibody_chain
6ggd	nonantibody_chain
6gge	nonantibody_chain
6ggf	nonantibody_chain
6ggm	nonantibody_chain
6ggr	nonantibody_chain
6ghg	cdr_similar
6ghh	nonantibody_chain
6ghm	nonantibody_chain
6ghn	nonantibody_chain
6ghp	nonantibody_chain
6ghv	nonantibody_chain
6gi6	nonantibody_chain
6gih	nonantibody_chain
6gin	nonantibody_chain
6gip	nonantibody_chain
6gj5	nonantibody_chain
6gj6	nonantibody_chain
6gj7	nonantibody_chain
6gj8	nonantibody_chain
6gjh	nonantibody_chain
6gji	nonantibody_chain
6gjj	nonantibody_chain
6gjl	nonantibody_chain
6gjm	nonantibody_chain
6gjn	nonantibody_chain
6gjo	nonantibody_chain
6gjp	nonantibody_chain
6gjr	nonantibody_chain
6gjs	released
6gju	released
6gjy	nonantibody_chain
6gk3	nonantibody_chain
6gk4	released
6gk7	nonantibody_chain
6gk8	cdr_similar
6gke	nonantibody_chain
6gkj	nonantibody_chain
6gkk	nonantibody_chain
6gkl	nonantibody_chain
6gkq	nonantibody_chain
6gks	nonantibody_chain
6gkt	nonantibody_chain
6gku	nonantibody_chain
6gl8	nonantibody_chain
6glc	nonantibody_chain
6gm9	nonantibody_chain
6gmr	nonantibody_chain
6gn1	nonantibody_chain
6gn8	nonantibody_chain
6gn9	nonantibody_chain
6gnj	nonantibody_chain
6gnk	nonantibody_chain
6gnl	nonantibody_chain
6gnn	nonantibody_chain
6go8	nonantibody_chain
6go9	nonantibody_chain
6gob	nonantibody_chain
6god	nonantibody_chain
6goe	nonantibody_chain
6gof	nonantibody_chain
6goh	nonantibody_chain
6goi	nonantibody_chain
6goj	nonantibody_chain
6gok	nonantibody_chain
6gol	nonantibody_chain
6gom	nonantibody_chain
6got	nonantibody_chain
6goy	nonantibody_chain
6goz	nonantibody_chain
6gp0	nonantibody_chain
6gp1	nonantibody_chain
6gp9	nonantibody_chain
6gq7	nonantibody_chain
6gqg	nonantibody_chain
6gqh	nonantibody_chain
6gqt	nonantibody_chain
6gqw	nonantibody_chain
6gqx	nonantibody_chain
6gr8	nonantibody_chain
6gr9	nonantibody_chain
6gra	nonantibody_chain
6grm	nonantibody_chain
6grz	cdr_similar
6gs1	released
6gs4	released
6gs6	nonantibody_chain
6gs7	released
6gsp	nonantibody_chain
6gss	nonantibody_chain
6gsu	nonantibody_chain
6gsv	nonantibody_chain
6gsw	nonantibody_chain
6gsx	nonantibody_chain
6gsy	nonantibody_chain
6gt3	nonantibody_chain
6gt6	nonantibody_chain
6gth	nonantibody_chain
6gtv	nonantibody_chain
6gtw	nonantibody_chain
6gtx	nonantibody_chain
6gty	nonantibody_chain
6gtz	nonantibody_chain
6gu0	nonantibody_chain
6gu3	nonantibody_chain
6gu6	nonantibody_chain
6guh	nonantibody_chain
6guk	nonantibody_chain
6gum	nonantibody_chain
6gux	nonantibody_chain
6guy	nonantibody_chain
6guz	nonantibody_chain
6gv1	released
6gv3	nonantibody_chain
6gva	nonantibody_chain
6gvf	nonantibody_chain
6gvg	nonantibody_chain
6gvh	nonantibody_chain
6gvi	nonantibody_chain
6gvn	nonantibody_chain
6gwe	nonantibody_chain
6gwn	released
6gwp	released
6gwq	released
6gws	nonantibody_chain
6gx5	nonantibody_chain
6gxb	nonantibody_chain
6gxe	nonantibody_chain
6gxg	nonantibody_chain
6gxx	cdr_similar
6gxy	nonantibody_chain
6gyh	nonantibody_chain
6gyi	nonantibody_chain
6gzh	nonantibody_chain
6gzp	released_antibody_only
6gzs	nonantibody_chain
6gzt	nonantibody_chain
6h01	nonantibody_chain
6h0k	nonantibody_chain
6h0l	nonantibody_chain
6h0u	nonantibody_chain
6h16	released
6h1e	nonantibody_chain
6h1f	released
6h1y	nonantibody_chain
6h27	nonantibody_chain
6h28	nonantibody_chain
6h29	nonantibody_chain
6h2a	nonantibody_chain
6h2c	nonantibody_chain
6h2g	nonantibody_chain
6h2h	nonantibody_chain
6h2i	nonantibody_chain
6h2k	nonantibody_chain
6h2y	cdr_similar
6h2z	nonantibody_chain
6h33	nonantibody_chain
6h34	nonantibody_chain
6h36	nonantibody_chain
6h37	nonantibody_chain
6h38	nonantibody_chain
6h3b	nonantibody_chain
6h3h	cdr_similar
6h3q	nonantibody_chain
6h3t	cdr_similar
6h3u	cdr_similar
6h46	nonantibody_chain
6h47	nonantibody_chain
6h5c	nonantibody_chain
6h5d	nonantibody_chain
6h5g	nonantibody_chain
6h5j	nonantibody_chain
6h6d	nonantibody_chain
6h6h	nonantibody_chain
6h6s	nonantibody_chain
6h6z	released
6h70	released
6h71	released
6h72	released
6h79	nonantibody_chain
6h7d	nonantibody_chain
6h8t	nonantibody_chain
6h9m	nonantibody_chain
6hal	nonantibody_chain
6har	nonantibody_chain
6hax	nonantibody_chain
6hay	nonantibody_chain
6haz	nonantibody_chain
6hbn	nonantibody_chain
6hbw	nonantibody_chain
6hcs	nonantibody_chain
6hd4	nonantibody_chain
6hd6	nonantibody_chain
6hd8	released
6hd9	released
6hda	released
6hdb	released
6hdc	released
6hdq	nonantibody_chain
6heh	nonantibody_chain
6hei	nonantibody_chain
6hep	nonantibody_chain
6heq	released_antibody_only
6her	nonantibody_chain
6hes	nonantibody_chain
6het	nonantibody_chain
6heu	nonantibody_chain
6hev	nonantibody_chain
6hew	nonantibody_chain
6hex	nonantibody_chain
6hey	nonantibody_chain
6hg8	nonantibody_chain
6hga	cdr_similar
6hgd	nonantibody_chain
6hgf	nonantibody_chain
6hgg	nonantibody_chain
6hgh	nonantibody_chain
6hgi	nonantibody_chain
6hgj	nonantibody_chain
6hgk	nonantibody_chain
6hgl	nonantibody_chain
6hgm	nonantibody_chain
6hgn	nonantibody_chain
6hgu	cdr_similar
6hgv	nonantibody_chain
6hgw	nonantibody_chain
6hgx	nonantibody_chain
6hgy	nonantibody_chain
6hhc	nonantibody_chain
6hhd	nonantibody_chain
6hho	nonantibody_chain
6hhp	nonantibody_chain
6hhu	released
6hig	nonantibody_chain
6hir	nonantibody_chain
6hjj	nonantibody_chain
6hjk	nonantibody_chain
6hjl	nonantibody_chain
6hk2	nonantibody_chain
6hk3	nonantibody_chain
6hk4	nonantibody_chain
6hk7	nonantibody_chain
6hk8	nonantibody_chain
6hk9	nonantibody_chain
6hkb	nonantibody_chain
6hkf	nonantibody_chain
6hkg	cdr_similar
6hm6	nonantibody_chain
6hm7	nonantibody_chain
6hmb	nonantibody_chain
6hmc	nonantibody_chain
6hmd	nonantibody_chain
6hme	nonantibody_chain
6hmq	nonantibody_chain
6hmt	nonantibody_chain
6hmu	nonantibody_chain
6hmx	nonantibody_chain
6hmz	nonantibody_chain
6hn0	nonantibody_chain
6hn1	nonantibody_chain
6hn2	nonantibody_chain
6hnw	nonantibody_chain
6hny	nonantibody_chain
6hop	nonantibody_chain
6hoq	nonantibody_chain
6hor	nonantibody_chain
6hot	nonantibody_chain
6hou	nonantibody_chain
6hov	nonantibody_chain
6hpr	nonantibody_chain
6hqx	nonantibody_chain
6hr1	nonantibody_chain
6hr2	nonantibody_chain
6hr3	nonantibody_chain
6hsx	nonantibody_chain
6ht2	nonantibody_chain
6htf	nonantibody_chain
6hu5	nonantibody_chain
6hud	released_antibody_only
6hue	nonantibody_chain
6hvd	nonantibody_chain
6hvo	nonantibody_chain
6hwz	nonantibody_chain
6hx5	nonantibody_chain
6hxd	nonantibody_chain
6hxu	nonantibody_chain
6hy4	nonantibody_chain
6hy6	nonantibody_chain
6hy8	nonantibody_chain
6hyb	nonantibody_chain
6hyg	nonantibody_chain
6hzx	nonantibody_chain
6i07	cdr_similar
6i0i	nonantibody_chain
6i0j	nonantibody_chain
6i0l	nonantibody_chain
6i0w	nonantibody_chain
6i19	nonantibody_chain
6i1c	nonantibody_chain
6i1o	cdr_similar
6i1s	nonantibody_chain
6i1u	nonantibody_chain
6i2a	nonantibody_chain
6i2b	nonantibody_chain
6i2c	nonantibody_chain
6i2d	nonantibody_chain
6i2f	nonantibody_chain
6i2g	nonantibody_chain
6i2h	nonantibody_chain
6i2i	nonantibody_chain
6i2p	nonantibody_chain
6i2u	nonantibody_chain
6i3e	nonantibody_chain
6i3z	nonantibody_chain
6i42	nonantibody_chain
6i44	nonantibody_chain
6i45	nonantibody_chain
6i4d	nonantibody_chain
6i4e	nonantibody_chain
6i4g	nonantibody_chain
6i4h	nonantibody_chain
6i4i	nonantibody_chain
6i4j	nonantibody_chain
6i4k	nonantibody_chain
6i4l	nonantibody_chain
6i4m	nonantibody_chain
6i4p	nonantibody_chain
6i4q	nonantibody_chain
6i4r	nonantibody_chain
6i4s	nonantibody_chain
6i4t	nonantibody_chain
6i4u	nonantibody_chain
6i4v	nonantibody_chain
6i4x	nonantibody_chain
6i4y	nonantibody_chain
6i51	nonantibody_chain
6i58	nonantibody_chain
6i5e	nonantibody_chain
6i5g	nonantibody_chain
6i5j	nonantibody_chain
6i5n	nonantibody_chain
6i69	nonantibody_chain
6i6e	nonantibody_chain
6i6j	released
6i7q	nonantibody_chain
6i7r	nonantibody_chain
6i7u	nonantibody_chain
6i7x	nonantibody_chain
6i7y	nonantibody_chain
6i80	nonantibody_chain
6i81	nonantibody_chain
6i8c	nonantibody_chain
6i8g	released
6i8h	released
6ias	cdr_similar
6iav	nonantibody_chain
6iay	nonantibody_chain
6ibb	released
6ibp	nonantibody_chain
6ic2	nonantibody_chain
6ic3	cdr_similar
6icc	cdr_similar
6icf	cdr_similar
6ics	nonantibody_chain
6icw	nonantibody_chain
6icx	nonantibody_chain
6icy	nonantibody_chain
6id3	nonantibody_chain
6id5	nonantibody_chain
6id8	nonantibody_chain
6id9	nonantibody_chain
6ida	nonantibody_chain
6idb	nonantibody_chain
6idc	nonantibody_chain
6idh	cdr_similar
6idz	nonantibody_chain
6iea	released
6iei	nonantibody_chain
6ieu	nonantibody_chain
6iex	nonantibody_chain
6if1	nonantibody_chain
6if8	nonantibody_chain
6ifj	nonantibody_chain
6ig6	nonantibody_chain
6igu	cdr_similar
6ihx	nonantibody_chain
6ii1	nonantibody_chain
6iik	nonantibody_chain
6iil	nonantibody_chain
6iim	nonantibody_chain
6iin	nonantibody_chain
6iiu	nonantibody_chain
6iiv	nonantibody_chain
6ikx	nonantibody_chain
6ikz	nonantibody_chain
6ilc	nonantibody_chain
6ile	nonantibody_chain
6ilf	nonantibody_chain
6ilg	nonantibody_chain
6in0	nonantibody_chain
6in1	nonantibody_chain
6in4	nonantibody_chain
6inl	nonantibody_chain
6io0	nonantibody_chain
6ion	cdr_similar
6ip4	nonantibody_chain
6ip9	nonantibody_chain
6iph	nonantibody_chain
6ipk	nonantibody_chain
6iqg	nonantibody_chain
6iqh	nonantibody_chain
6iql	nonantibody_chain
6iqn	nonantibody_chain
6ir1	nonantibody_chain
6ir2	nonantibody_chain
6ir6	nonantibody_chain
6ir7	nonantibody_chain
6ire	nonantibody_chain
6irj	nonantibody_chain
6irl	nonantibody_chain
6ise	nonantibody_chain
6isj	nonantibody_chain
6ism	nonantibody_chain
6isu	nonantibody_chain
6ita	nonantibody_chain
6itj	nonantibody_chain
6ity	nonantibody_chain
6itz	nonantibody_chain
6iu0	nonantibody_chain
6iu7	nonantibody_chain
6iua	nonantibody_chain
6iui	nonantibody_chain
6iuo	nonantibody_chain
6iup	nonantibody_chain
6iut	nonantibody_chain
6ivv	nonantibody_chain
6ivz	cdr_similar
6iw0	cdr_similar
6iw8	nonantibody_chain
6iwa	nonantibody_chain
6iwb	nonantibody_chain
6iwd	nonantibody_chain
6iwg	nonantibody_chain
6iwh	nonantibody_chain
6ix6	nonantibody_chain
6ixd	nonantibody_chain
6iy1	nonantibody_chain
6iyb	nonantibody_chain
6iye	nonantibody_chain
6iyh	nonantibody_chain
6iyi	nonantibody_chain
6iys	nonantibody_chain
6izc	nonantibody_chain
6izd	nonantibody_chain
6j0g	nonantibody_chain
6j0k	nonantibody_chain
6j0l	nonantibody_chain
6j14	nonantibody_chain
6j1v	nonantibody_chain
6j1w	nonantibody_chain
6j25	nonantibody_chain
6j29	nonantibody_chain
6j2a	nonantibody_chain
6j2b	nonantibody_chain
6j2d	nonantibody_chain
6j2e	nonantibody_chain
6j2f	nonantibody_chain
6j2g	nonantibody_chain
6j2h	nonantibody_chain
6j2i	nonantibody_chain
6j2j	nonantibody_chain
6j2k	nonantibody_chain
6j2m	nonantibody_chain
6j2o	nonantibody_chain
6j3o	nonantibody_chain
6j3p	nonantibody_chain
6j43	nonantibody_chain
6j47	nonantibody_chain
6j48	nonantibody_chain
6j49	nonantibody_chain
6j4v	nonantibody_chain
6j5c	nonantibody_chain
6j5d	nonantibody_chain
6j5e	nonantibody_chain
6j5f	nonantibody_chain
6j5g	nonantibody_chain
6j5l	nonantibody_chain
6j5m	nonantibody_chain
6j5n	nonantibody_chain
6j5o	nonantibody_chain
6j5p	nonantibody_chain
6j5q	nonantibody_chain
6j5r	nonantibody_chain
6j69	nonantibody_chain
6j6b	nonantibody_chain
6j6c	nonantibody_chain
6j6d	nonantibody_chain
6j6e	nonantibody_chain
6j76	nonantibody_chain
6j7w	released
6j93	nonantibody_chain
6j9o	cdr_similar
6jb2	nonantibody_chain
6jb5	nonantibody_chain
6jb7	nonantibody_chain
6jb8	nonantibody_chain
6jb9	cdr_similar
6jbt	nonantibody_chain
6jc2	cdr_similar
6jd0	nonantibody_chain
6jd8	nonantibody_chain
6je7	nonantibody_chain
6jgh	nonantibody_chain
6jgi	nonantibody_chain
6jgj	nonantibody_chain
6jgm	nonantibody_chain
6jgu	nonantibody_chain
6ji3	nonantibody_chain
6ji4	nonantibody_chain
6ji5	nonantibody_chain
6ji6	nonantibody_chain
6jib	nonantibody_chain
6jid	nonantibody_chain
6jij	nonantibody_chain
6jik	nonantibody_chain
6jj1	nonantibody_chain
6jj3	nonantibody_chain
6jj5	nonantibody_chain
6jj6	nonantibody_chain
6jjb	nonantibody_chain
6jjq	nonantibody_chain
6jjy	nonantibody_chain
6jjz	nonantibody_chain
6jk0	nonantibody_chain
6jk1	nonantibody_chain
6jke	nonantibody_chain
6jkx	nonantibody_chain
6jl3	nonantibody_chain
6jlr	nonantibody_chain
6jmu	nonantibody_chain
6jod	nonantibody_chain
6jox	nonantibody_chain
6joz	nonantibody_chain
6jp1	nonantibody_chain
6jp3	nonantibody_chain
6jp7	released_antibody_only
6jpe	nonantibody_chain
6jpj	nonantibody_chain
6jpk	nonantibody_chain
6jq2	nonantibody_chain
6jq3	nonantibody_chain
6jqk	nonantibody_chain
6jqt	nonantibody_chain
6jri	released_antibody_only
6jrj	nonantibody_chain
6jrk	nonantibody_chain
6jrx	nonantibody_chain
6jse	nonantibody_chain
6jsf	nonantibody_chain
6jsg	nonantibody_chain
6jsn	nonantibody_chain
6jsz	nonantibody_chain
6jt3	nonantibody_chain
6jt4	nonantibody_chain
6jtn	nonantibody_chain
6jto	nonantibody_chain
6jtp	nonantibody_chain
6jug	nonantibody_chain
6jux	nonantibody_chain
6jw9	nonantibody_chain
6jwa	nonantibody_chain
6jwb	nonantibody_chain
6jwc	released_antibody_only
6jwl	nonantibody_chain
6jx0	nonantibody_chain
6jx4	nonantibody_chain
6jxl	nonantibody_chain
6jxp	nonantibody_chain
6jxq	nonantibody_chain
6jxt	nonantibody_chain
6jyp	nonantibody_chain
6jyq	nonantibody_chain
6jz0	nonantibody_chain
6jza	nonantibody_chain
6jzd	nonantibody_chain
6jzh	nonantibody_chain
6jzi	nonantibody_chain
6jzp	nonantibody_chain
6k00	nonantibody_chain
6k01	nonantibody_chain
6k03	nonantibody_chain
6k04	nonantibody_chain
6k05	nonantibody_chain
6k06	nonantibody_chain
6k07	nonantibody_chain
6k08	nonantibody_chain
6k09	nonantibody_chain
6k0g	nonantibody_chain
6k0h	nonantibody_chain
6k0i	nonantibody_chain
6k0y	nonantibody_chain
6k2p	nonantibody_chain
6k2q	nonantibody_chain
6k2r	nonantibody_chain
6k2s	nonantibody_chain
6k2t	nonantibody_chain
6k2u	nonantibody_chain
6k2v	nonantibody_chain
6k2w	nonantibody_chain
6k2x	nonantibody_chain
6k2y	nonantibody_chain
6k2z	nonantibody_chain
6k3a	nonantibody_chain
6k3l	nonantibody_chain
6k3m	nonantibody_chain
6k5q	nonantibody_chain
6k60	nonantibody_chain
6k64	nonantibody_chain
6k65	cdr_similar
6k67	cdr_similar
6k69	nonantibody_chain
6k6a	nonantibody_chain
6k6b	nonantibody_chain
6k6i	nonantibody_chain
6k6j	nonantibody_chain
6k6k	nonantibody_chain
6k74	nonantibody_chain
6k77	nonantibody_chain
6k7t	nonantibody_chain
6k7u	nonantibody_chain
6k8g	nonantibody_chain
6k8m	nonantibody_chain
6k9i	nonantibody_chain
6k9j	nonantibody_chain
6k9o	nonantibody_chain
6k9p	nonantibody_chain
6k9r	nonantibody_chain
6k9w	nonantibody_chain
6ka7	nonantibody_chain
6kao	nonantibody_chain
6kap	nonantibody_chain
6kaq	nonantibody_chain
6kar	nonantibody_chain
6kas	nonantibody_chain
6kat	nonantibody_chain
6kau	nonantibody_chain
6kav	nonantibody_chain
6kbb	nonantibody_chain
6kbe	nonantibody_chain
6kbr	nonantibody_chain
6kcb	nonantibody_chain
6kcd	nonantibody_chain
6kcr	nonantibody_chain
6kd1	nonantibody_chain
6kd5	nonantibody_chain
6kdh	cdr_similar
6kec	nonantibody_chain
6ked	nonantibody_chain
6kee	nonantibody_chain
6kef	nonantibody_chain
6keg	nonantibody_chain
6keh	nonantibody_chain
6kei	nonantibody_chain
6kej	nonantibody_chain
6kek	nonantibody_chain
6kfp	nonantibody_chain
6kfq	nonantibody_chain
6kg2	nonantibody_chain
6kg6	nonantibody_chain
6kio	nonantibody_chain
6kiq	nonantibody_chain
6kjw	nonantibody_chain
6kjx	nonantibody_chain
6kjy	nonantibody_chain
6kkf	nonantibody_chain
6kkg	nonantibody_chain
6kkz	nonantibody_chain
6kl0	nonantibody_chain
6kl1	nonantibody_chain
6kl4	nonantibody_chain
6kl8	nonantibody_chain
6klt	nonantibody_chain
6klu	nonantibody_chain
6klz	nonantibody_chain
6km0	nonantibody_chain
6km1	nonantibody_chain
6km2	nonantibody_chain
6km3	nonantibody_chain
6km4	nonantibody_chain
6km5	nonantibody_chain
6km6	nonantibody_chain
6kmc	nonantibody_chain
6kmh	nonantibody_chain
6kmj	nonantibody_chain
6kmp	nonantibody_chain
6knj	nonantibody_chain
6knl	nonantibody_chain
6ko2	nonantibody_chain
6ko5	nonantibody_chain
6ko6	nonantibody_chain
6krc	nonantibody_chain
6krf	nonantibody_chain
6krg	nonantibody_chain
6krr	nonantibody_chain
6ks0	cdr_similar
6ks1	cdr_similar
6ks2	cdr_similar
6ksn	released_antibody_only
6kt1	nonantibody_chain
6kts	nonantibody_chain
6kux	nonantibody_chain
6kuy	nonantibody_chain
6kva	cdr_similar
6kvf	cdr_similar
6kw9	nonantibody_chain
6kwc	nonantibody_chain
6kwd	nonantibody_chain
6kwf	nonantibody_chain
6kwg	nonantibody_chain
6kwj	nonantibody_chain
6kwk	nonantibody_chain
6kwl	nonantibody_chain
6kwn	nonantibody_chain
6kwo	nonantibody_chain
6kwu	nonantibody_chain
6kwv	nonantibody_chain
6kx0	cdr_similar
6kx1	cdr_similar
6kx2	nonantibody_chain
6kx3	nonantibody_chain
6kx9	nonantibody_chain
6ky2	nonantibody_chain
6ky3	nonantibody_chain
6kyu	nonantibody_chain
6kyz	cdr_similar
6kzc	nonantibody_chain
6kzd	nonantibody_chain
6kzg	nonantibody_chain
6kzh	nonantibody_chain
6kzq	nonantibody_chain
6l02	nonantibody_chain
6l03	nonantibody_chain
6l04	nonantibody_chain
6l05	nonantibody_chain
6l0z	nonantibody_chain
6l1v	nonantibody_chain
6l1y	nonantibody_chain
6l1z	nonantibody_chain
6l21	nonantibody_chain
6l22	nonantibody_chain
6l24	nonantibody_chain
6l26	nonantibody_chain
6l27	nonantibody_chain
6l2b	nonantibody_chain
6l3e	nonantibody_chain
6l5v	nonantibody_chain
6l5w	nonantibody_chain
6l5x	nonantibody_chain
6l5y	nonantibody_chain
6l62	cdr_similar
6l63	nonantibody_chain
6l64	nonantibody_chain
6l67	nonantibody_chain
6l68	nonantibody_chain
6l6a	nonantibody_chain
6l6b	nonantibody_chain
6l6c	nonantibody_chain
6l6d	nonantibody_chain
6l6w	nonantibody_chain
6l6x	nonantibody_chain
6l70	nonantibody_chain
6l91	nonantibody_chain
6l98	cdr_similar
6l9b	nonantibody_chain
6l9d	nonantibody_chain
6lah	nonantibody_chain
6lam	nonantibody_chain
6lav	nonantibody_chain
6law	nonantibody_chain
6lb2	nonantibody_chain
6lbe	nonantibody_chain
6lbx	nonantibody_chain
6ldv	released
6ldw	released
6ldx	released
6ldy	released
6lfh	nonantibody_chain
6lg4	nonantibody_chain
6lg5	nonantibody_chain
6lg6	nonantibody_chain
6lg7	nonantibody_chain
6lg8	nonantibody_chain
6lg9	nonantibody_chain
6lhh	nonantibody_chain
6lig	nonantibody_chain
6lih	nonantibody_chain
6lim	nonantibody_chain
6lji	nonantibody_chain
6ljp	nonantibody_chain
6ljq	nonantibody_chain
6ljr	nonantibody_chain
6ljy	nonantibody_chain
6lkt	cdr_similar
6lkx	nonantibody_chain
6ll3	nonantibody_chain
6llx	nonantibody_chain
6lm0	nonantibody_chain
6lm1	nonantibody_chain
6ln2	released
6lnq	nonantibody_chain
6lny	nonantibody_chain
6lo0	nonantibody_chain
6lp2	nonantibody_chain
6lpj	nonantibody_chain
6lpk	nonantibody_chain
6lpl	nonantibody_chain
6lqe	nonantibody_chain
6lr7	nonantibody_chain
6lra	released
6ls1	nonantibody_chain
6ls8	nonantibody_chain
6lsb	nonantibody_chain
6lso	nonantibody_chain
6lsp	nonantibody_chain
6lt5	nonantibody_chain
6lt6	nonantibody_chain
6ltg	cdr_similar
6ltl	nonantibody_chain
6ltm	nonantibody_chain
6ltt	nonantibody_chain
6lu7	nonantibody_chain
6lub	nonantibody_chain
6lud	nonantibody_chain
6lun	cdr_similar
6luu	nonantibody_chain
6luv	nonantibody_chain
6luw	nonantibody_chain
6lux	nonantibody_chain
6luy	nonantibody_chain
6luz	nonantibody_chain
6lv1	nonantibody_chain
6lv2	nonantibody_chain
6lv3	nonantibody_chain
6lv4	nonantibody_chain
6lv5	nonantibody_chain
6lv6	nonantibody_chain
6lv7	nonantibody_chain
6lv8	nonantibody_chain
6lv9	nonantibody_chain
6lva	nonantibody_chain
6lvk	nonantibody_chain
6lvl	nonantibody_chain
6lvm	nonantibody_chain
6lw5	nonantibody_chain
6lxo	nonantibody_chain
6lxp	nonantibody_chain
6lxq	nonantibody_chain
6lxr	nonantibody_chain
6lyd	nonantibody_chain
6lye	nonantibody_chain
6lyj	nonantibody_chain
6lyt	nonantibody_chain
6lz2	nonantibody_chain
6lz9	nonantibody_chain
6lze	nonantibody_chain
6lzm	nonantibody_chain
6m03	nonantibody_chain
6m0d	nonantibody_chain
6m0e	nonantibody_chain
6m0f	released
6m0k	nonantibody_chain
6m0z	released
6m1b	nonantibody_chain
6m24	nonantibody_chain
6m2j	nonantibody_chain
6m2k	nonantibody_chain
6m2q	nonantibody_chain
6m2r	released
6m3b	nonantibody_chain
6m3m	nonantibody_chain
6m3z	released
6m4b	nonantibody_chain
6m4c	nonantibody_chain
6m4u	nonantibody_chain
6m4v	nonantibody_chain
6m5d	nonantibody_chain
6m7a	nonantibody_chain
6m7b	nonantibody_chain
6m7h	nonantibody_chain
6m7i	nonantibody_chain
6m8f	nonantibody_chain
6m8h	nonantibody_chain
6m8z	nonantibody_chain
6m97	nonantibody_chain
6m98	nonantibody_chain
6m9w	nonantibody_chain
6m9x	nonantibody_chain
6m9y	nonantibody_chain
6m9z	nonantibody_chain
6mau	nonantibody_chain
6mba	nonantibody_chain
6mbd	nonantibody_chain
6mbe	nonantibody_chain
6mbq	nonantibody_chain
6mbt	nonantibody_chain
6mbu	nonantibody_chain
6mbv	nonantibody_chain
6mby	nonantibody_chain
6mc9	nonantibody_chain
6mcr	nonantibody_chain
6mcs	nonantibody_chain
6mct	nonantibody_chain
6md8	nonantibody_chain
6mdq	nonantibody_chain
6me1	cdr_similar
6me6	nonantibody_chain
6me7	nonantibody_chain
6me8	nonantibody_chain
6mee	cdr_similar
6mef	cdr_similar
6meg	cdr_similar
6meh	cdr_similar
6mei	cdr_similar
6meo	nonantibody_chain
6mey	nonantibody_chain
6mfj	released_antibody_only
6mg4	cdr_similar
6mg5	cdr_similar
6mg7	cdr_similar
6mh1	nonantibody_chain
6mh2	cdr_similar
6mh6	nonantibody_chain
6mh7	nonantibody_chain
6mh8	nonantibody_chain
6mhe	nonantibody_chain
6mhf	nonantibody_chain
6mia	nonantibody_chain
6mil	nonantibody_chain
6mis	nonantibody_chain
6miv	nonantibody_chain
6mj4	nonantibody_chain
6mj9	nonantibody_chain
6mja	nonantibody_chain
6mjl	nonantibody_chain
6mjo	nonantibody_chain
6mjr	nonantibody_chain
6mjs	nonantibody_chain
6mjt	nonantibody_chain
6mk9	nonantibody_chain
6mkd	nonantibody_chain
6mke	nonantibody_chain
6mkl	nonantibody_chain
6mkq	nonantibody_chain
6mkr	nonantibody_chain
6ml1	nonantibody_chain
6ml8	nonantibody_chain
6mlk	cdr_similar
6mll	nonantibody_chain
6mm5	nonantibody_chain
6mm8	nonantibody_chain
6mnf	cdr_similar
6mnh	nonantibody_chain
6mnp	nonantibody_chain
6mnq	nonantibody_chain
6mnr	nonantibody_chain
6mns	cdr_untransferred
6mnx	nonantibody_chain
6mo7	nonantibody_chain
6mo8	nonantibody_chain
6mo9	nonantibody_chain
6moa	nonantibody_chain
6moe	nonantibody_chain
6mof	nonantibody_chain
6mog	nonantibody_chain
6moh	nonantibody_chain
6mp0	nonantibody_chain
6mp1	nonantibody_chain
6mpw	nonantibody_chain
6mq2	nonantibody_chain
6mqc	released
6mqe	released
6mqg	nonantibody_chain
6mqn	nonantibody_chain
6mqr	released
6mqs	cdr_untransferred
6mqv	nonantibody_chain
6mr9	nonantibody_chain
6mra	nonantibody_chain
6mrq	nonantibody_chain
6ms9	nonantibody_chain
6mss	nonantibody_chain
6msy	cdr_similar
6mt3	nonantibody_chain
6mt4	nonantibody_chain
6mt5	nonantibody_chain
6mt6	nonantibody_chain
6mt8	nonantibody_chain
6mta	nonantibody_chain
6mth	nonantibody_chain
6mtl	nonantibody_chain
6mtm	nonantibody_chain
6mto	nonantibody_chain
6mtp	nonantibody_chain
6mtq	nonantibody_chain
6mtr	released_antibody_only
6mts	released_antibody_only
6mtt	nonantibody_chain
6mtx	cdr_similar
6mty	cdr_similar
6mu3	cdr_similar
6mu9	nonantibody_chain
6mub	cdr_similar
6mud	nonantibody_chain
6mue	nonantibody_chain
6muz	nonantibody_chain
6mv0	nonantibody_chain
6mv4	nonantibody_chain
6mv5	nonantibody_chain
6mv6	nonantibody_chain
6mv7	nonantibody_chain
6mvl	cdr_similar
6mwe	nonantibody_chain
6mwr	nonantibody_chain
6mws	nonantibody_chain
6mx8	nonantibody_chain
6mx9	nonantibody_chain
6mxr	cdr_similar
6mxs	cdr_similar
6mxt	released
6mxy	nonantibody_chain
6my0	nonantibody_chain
6my4	cdr_similar
6my5	cdr_similar
6myg	nonantibody_chain
6myh	nonantibody_chain
6mz2	nonantibody_chain
6mz3	nonantibody_chain
6mzq	nonantibody_chain
6mzw	nonantibody_chain
6n02	nonantibody_chain
6n03	nonantibody_chain
6n04	nonantibody_chain
6n0p	nonantibody_chain
6n0q	nonantibody_chain
6n14	nonantibody_chain
6n1o	nonantibody_chain
6n2j	nonantibody_chain
6n2k	nonantibody_chain
6n2x	cdr_similar
6n32	cdr_similar
6n35	cdr_similar
6n3i	nonantibody_chain
6n3s	nonantibody_chain
6n42	nonantibody_chain
6n43	nonantibody_chain
6n48	cdr_similar
6n4e	nonantibody_chain
6n4t	nonantibody_chain
6n4u	nonantibody_chain
6n5a	nonantibody_chain
6n5b	cdr_similar
6n5m	nonantibody_chain
6n5w	nonantibody_chain
6n69	nonantibody_chain
6n6b	cdr_similar
6n6r	nonantibody_chain
6n7j	released
6n7u	released_antibody_only
6n84	nonantibody_chain
6n85	nonantibody_chain
6n8u	nonantibody_chain
6n9t	nonantibody_chain
6nb5	released_antibody_only
6nb8	released_antibody_only
6ncn	nonantibody_chain
6nco	nonantibody_chain
6ncp	released
6nd2	nonantibody_chain
6ne5	nonantibody_chain
6nee	nonantibody_chain
6nex	cdr_untransferred
6nfd	nonantibody_chain
6nfu	cdr_similar
6nfv	cdr_similar
6nfy	nonantibody_chain
6nfz	nonantibody_chain
6ng0	nonantibody_chain
6ngj	nonantibody_chain
6ngk	nonantibody_chain
6ngl	nonantibody_chain
6ngm	nonantibody_chain
6ngn	nonantibody_chain
6ngp	nonantibody_chain
6ngq	nonantibody_chain
6ngr	nonantibody_chain
6ngs	nonantibody_chain
6ngt	nonantibody_chain
6ngu	nonantibody_chain
6ngv	nonantibody_chain
6ngw	nonantibody_chain
6ngx	nonantibody_chain
6ngy	nonantibody_chain
6ngz	nonantibody_chain
6nh0	nonantibody_chain
6nh7	nonantibody_chain
6nha	nonantibody_chain
6nhd	nonantibody_chain
6nhe	nonantibody_chain
6ni1	nonantibody_chain
6ni2	cdr_similar
6ni4	nonantibody_chain
6ni5	nonantibody_chain
6ni6	nonantibody_chain
6ni7	nonantibody_chain
6ni8	nonantibody_chain
6ni9	nonantibody_chain
6nia	nonantibody_chain
6nif	nonantibody_chain
6niq	nonantibody_chain
6nis	cdr_similar
6niy	nonantibody_chain
6nj1	nonantibody_chain
6nj2	nonantibody_chain
6nj3	nonantibody_chain
6nj4	nonantibody_chain
6nj5	nonantibody_chain
6nj6	nonantibody_chain
6njd	nonantibody_chain
6njf	nonantibody_chain
6njg	nonantibody_chain
6nkl	nonantibody_chain
6nkq	nonantibody_chain
6nl6	nonantibody_chain
6nl7	nonantibody_chain
6nl8	nonantibody_chain
6nl9	nonantibody_chain
6nla	nonantibody_chain
6nlb	nonantibody_chain
6nlv	nonantibody_chain
6nm0	nonantibody_chain
6nm7	nonantibody_chain
6nm8	nonantibody_chain
6nmb	nonantibody_chain
6nmt	nonantibody_chain
6nmv	nonantibody_chain
6nnq	nonantibody_chain
6nnv	nonantibody_chain
6noj	nonantibody_chain
6nos	nonantibody_chain
6nov	cdr_similar
6np9	nonantibody_chain
6npe	nonantibody_chain
6npi	nonantibody_chain
6npm	nonantibody_chain
6npp	nonantibody_chain
6npq	nonantibody_chain
6npr	nonantibody_chain
6npt	nonantibody_chain
6npu	nonantibody_chain
6npv	nonantibody_chain
6npz	nonantibody_chain
6nq5	nonantibody_chain
6nqj	nonantibody_chain
6nry	nonantibody_chain
6ns9	nonantibody_chain
6nsa	nonantibody_chain
6nsb	nonantibody_chain
6nsc	nonantibody_chain
6nse	nonantibody_chain
6nsf	nonantibody_chain
6nsg	nonantibody_chain
6nsp	nonantibody_chain
6nsq	nonantibody_chain
6nss	nonantibody_chain
6nsv	nonantibody_chain
6ntf	nonantibody_chain
6ntp	nonantibody_chain
6ntx	nonantibody_chain
6nuc	nonantibody_chain
6nuf	nonantibody_chain
6nuu	nonantibody_chain
6nux	nonantibody_chain
6nuy	cdr_similar
6nuz	cdr_similar
6nv0	cdr_similar
6nv2	nonantibody_chain
6nvb	nonantibody_chain
6nvg	nonantibody_chain
6nvh	nonantibody_chain
6nvi	nonantibody_chain
6nvj	nonantibody_chain
6nvk	nonantibody_chain
6nw2	nonantibody_chain
6nwe	nonantibody_chain
6nxk	nonantibody_chain
6nxl	nonantibody_chain
6nxq	nonantibody_chain
6nxr	nonantibody_chain
6nxs	nonantibody_chain
6nxw	nonantibody_chain
6nxx	nonantibody_chain
6nxy	nonantibody_chain
6nyd	nonantibody_chain
6nyh	nonantibody_chain
6nyo	nonantibody_chain
6nyq	cdr_similar
6o02	nonantibody_chain
6o03	nonantibody_chain
6o0k	nonantibody_chain
6o0l	nonantibody_chain
6o0m	nonantibody_chain
6o0o	nonantibody_chain
6o0p	nonantibody_chain
6o1f	nonantibody_chain
6o1g	nonantibody_chain
6o1s	nonantibody_chain
6o21	nonantibody_chain
6o23	cdr_similar
6o26	cdr_similar
6o2e	nonantibody_chain
6o2f	nonantibody_chain
6o2h	nonantibody_chain
6o2x	nonantibody_chain
6o2z	nonantibody_chain
6o33	nonantibody_chain
6o34	nonantibody_chain
6o36	nonantibody_chain
6o39	released
6o3a	cdr_similar
6o3c	released
6o3d	cdr_similar
6o3j	nonantibody_chain
6o3k	cdr_similar
6o3l	nonantibody_chain
6o42	nonantibody_chain
6o44	nonantibody_chain
6o46	nonantibody_chain
6o48	nonantibody_chain
6o49	nonantibody_chain
6o4u	nonantibody_chain
6o4y	nonantibody_chain
6o4z	nonantibody_chain
6o51	nonantibody_chain
6o53	nonantibody_chain
6o54	nonantibody_chain
6o57	nonantibody_chain
6o5a	nonantibody_chain
6o5g	nonantibody_chain
6o5x	nonantibody_chain
6o6f	nonantibody_chain
6o6g	nonantibody_chain
6o89	cdr_similar
6o8d	cdr_similar
6o9b	nonantibody_chain
6o9c	nonantibody_chain
6o9i	cdr_similar
6oa8	nonantibody_chain
6oac	nonantibody_chain
6oam	nonantibody_chain
6ob2	nonantibody_chain
6ob3	nonantibody_chain
6oba	nonantibody_chain
6obc	nonantibody_chain
6obd	cdr_similar
6obe	nonantibody_chain
6obg	nonantibody_chain
6obm	nonantibody_chain
6obo	nonantibody_chain
6obp	nonantibody_chain
6obq	nonantibody_chain
6obr	nonantibody_chain
6obs	nonantibody_chain
6obu	nonantibody_chain
6obz	cdr_similar
6oc7	nonantibody_chain
6oc8	released_antibody_only
6oca	nonantibody_chain
6ocb	nonantibody_chain
6ocd	nonantibody_chain
6oci	nonantibody_chain
6ocj	nonantibody_chain
6ock	nonantibody_chain
6ocl	nonantibody_chain
6ocq	nonantibody_chain
6odz	nonantibody_chain
6oe0	nonantibody_chain
6oe1	nonantibody_chain
6oel	cdr_similar
6oex	nonantibody_chain
6oey	nonantibody_chain
6oez	nonantibody_chain
6ofi	cdr_similar
6ofj	nonantibody_chain
6ofo	nonantibody_chain
6ofz	nonantibody_chain
6ogl	nonantibody_chain
6ogp	nonantibody_chain
6ogq	nonantibody_chain
6ogr	nonantibody_chain
6ogs	nonantibody_chain
6ogt	nonantibody_chain
6ogv	nonantibody_chain
6ogx	nonantibody_chain
6ohi	nonantibody_chain
6ohj	nonantibody_chain
6oi0	nonantibody_chain
6oi1	nonantibody_chain
6oi2	nonantibody_chain
6oi3	nonantibody_chain
6oi4	nonantibody_chain
6oi8	nonantibody_chain
6oie	nonantibody_chain
6oim	nonantibody_chain
6oj7	nonantibody_chain
6ojh	nonantibody_chain
6ojp	nonantibody_chain
6ok8	nonantibody_chain
6okj	nonantibody_chain
6okm	nonantibody_chain
6oko	nonantibody_chain
6ol4	nonantibody_chain
6ol5	cdr_similar
6ol6	cdr_similar
6olq	nonantibody_chain
6olv	nonantibody_chain
6omg	nonantibody_chain
6omy	nonantibody_chain
6ony	nonantibody_chain
6oo0	cdr_similar
6ooe	nonantibody_chain
6oof	nonantibody_chain
6oog	nonantibody_chain
6ooh	nonantibody_chain
6ooj	nonantibody_chain
6ook	nonantibody_chain
6oor	nonantibody_chain
6oos	nonantibody_chain
6oot	nonantibody_chain
6oou	nonantibody_chain
6ooy	nonantibody_chain
6ooz	nonantibody_chain
6op0	nonantibody_chain
6op8	nonantibody_chain
6op9	nonantibody_chain
6opd	nonantibody_chain
6ops	nonantibody_chain
6opt	nonantibody_chain
6opu	nonantibody_chain
6opv	nonantibody_chain
6opw	nonantibody_chain
6opx	nonantibody_chain
6opy	nonantibody_chain
6opz	nonantibody_chain
6oq1	nonantibody_chain
6oq3	nonantibody_chain
6oq4	nonantibody_chain
6oq6	released
6oqa	nonantibody_chain
6oqb	nonantibody_chain
6oqc	nonantibody_chain
6oqd	nonantibody_chain
6oqi	nonantibody_chain
6oql	nonantibody_chain
6oqn	nonantibody_chain
6oqo	nonantibody_chain
6os0	nonantibody_chain
6os1	nonantibody_chain
6os2	nonantibody_chain
6os4	nonantibody_chain
6osa	nonantibody_chain
6osh	cdr_similar
6osv	cdr_similar
6ot4	nonantibody_chain
6ot7	nonantibody_chain
6ot8	nonantibody_chain
6ot9	nonantibody_chain
6otc	cdr_similar
6ote	nonantibody_chain
6otg	nonantibody_chain
6oti	nonantibody_chain
6otk	nonantibody_chain
6otm	nonantibody_chain
6oto	nonantibody_chain
6otp	nonantibody_chain
6otq	nonantibody_chain
6oub	nonantibody_chain
6oud	nonantibody_chain
6oue	nonantibody_chain
6ouf	nonantibody_chain
6ouh	nonantibody_chain
6oui	nonantibody_chain
6ouj	nonantibody_chain
6ouk	nonantibody_chain
6oum	nonantibody_chain
6ovc	nonantibody_chain
6ovn	nonantibody_chain
6ovo	nonantibody_chain
6oxo	nonantibody_chain
6oxp	nonantibody_chain
6oxq	nonantibody_chain
6oxr	nonantibody_chain
6oxs	nonantibody_chain
6oxt	nonantibody_chain
6oxu	nonantibody_chain
6oxv	nonantibody_chain
6oxw	nonantibody_chain
6oxx	nonantibody_chain
6oxy	nonantibody_chain
6oxz	nonantibody_chain
6oy0	nonantibody_chain
6oy1	nonantibody_chain
6oy2	nonantibody_chain
6oy4	cdr_similar
6oy9	nonantibody_chain
6oyd	nonantibody_chain
6oyr	nonantibody_chain
6oyt	nonantibody_chain
6oz2	released
6oz3	released
6oz4	nonantibody_chain
6oz9	cdr_similar
6p05	nonantibody_chain
6p0i	nonantibody_chain
6p0j	nonantibody_chain
6p0k	nonantibody_chain
6p0l	nonantibody_chain
6p0m	nonantibody_chain
6p0n	nonantibody_chain
6p0o	nonantibody_chain
6p0p	nonantibody_chain
6p0w	nonantibody_chain
6p0z	nonantibody_chain
6p23	nonantibody_chain
6p27	nonantibody_chain
6p2c	nonantibody_chain
6p2f	nonantibody_chain
6p2s	nonantibody_chain
6p3b	released_antibody_only
6p3d	nonantibody_chain
6p3p	nonantibody_chain
6p41	nonantibody_chain
6p42	nonantibody_chain
6p43	nonantibody_chain
6p4a	nonantibody_chain
6p4c	cdr_similar
6p4d	nonantibody_chain
6p4e	nonantibody_chain
6p4y	cdr_similar
6p50	cdr_similar
6p5b	nonantibody_chain
6p5q	nonantibody_chain
6p5x	nonantibody_chain
6p68	nonantibody_chain
6p69	nonantibody_chain
6p6a	nonantibody_chain
6p6d	nonantibody_chain
6p6e	nonantibody_chain
6p79	cdr_similar
6p7c	nonantibody_chain
6p7d	nonantibody_chain
6p7h	cdr_similar
6p81	nonantibody_chain
6p8d	released
6p8e	nonantibody_chain
6p8f	nonantibody_chain
6p8g	nonantibody_chain
6p8h	nonantibody_chain
6p8m	cdr_similar
6p8w	nonantibody_chain
6p8x	nonantibody_chain
6p8y	nonantibody_chain
6p8z	nonantibody_chain
6p91	cdr_similar
6p9a	nonantibody_chain
6p9b	nonantibody_chain
6p9i	released_antibody_only
6p9j	released_antibody_only
6p9u	nonantibody_chain
6p9y	nonantibody_chain
6p9z	nonantibody_chain
6pa0	cdr_similar
6pad	nonantibody_chain
6pag	nonantibody_chain
6pak	nonantibody_chain
6pbb	nonantibody_chain
6pbh	nonantibody_chain
6pbi	nonantibody_chain
6pbo	nonantibody_chain
6pbv	cdr_similar
6pbw	released
6pc9	nonantibody_chain
6pcx	nonantibody_chain
6pd3	nonantibody_chain
6pd4	nonantibody_chain
6pd5	nonantibody_chain
6pd6	nonantibody_chain
6pd7	nonantibody_chain
6pdh	nonantibody_chain
6pdr	cdr_similar
6pds	released
6pdu	released
6pdv	nonantibody_chain
6pe7	cdr_similar
6pea	nonantibody_chain
6pec	released
6pef	released
6peh	released_antibody_only
6pel	nonantibody_chain
6pfr	nonantibody_chain
6pfs	nonantibody_chain
6pft	nonantibody_chain
6pfu	nonantibody_chain
6pfw	nonantibody_chain
6pg0	nonantibody_chain
6pg1	nonantibody_chain
6pg2	nonantibody_chain
6pg3	nonantibody_chain
6pg4	nonantibody_chain
6pg5	nonantibody_chain
6pg6	nonantibody_chain
6pg7	nonantibody_chain
6pg9	nonantibody_chain
6pga	nonantibody_chain
6pgb	nonantibody_chain
6pgc	nonantibody_chain
6pgd	nonantibody_chain
6pge	nonantibody_chain
6pgf	nonantibody_chain
6pgj	nonantibody_chain
6pgo	nonantibody_chain
6pgp	nonantibody_chain
6pgs	nonantibody_chain
6pgt	nonantibody_chain
6pgv	nonantibody_chain
6pgx	nonantibody_chain
6pgy	nonantibody_chain
6pgz	nonantibody_chain
6ph0	nonantibody_chain
6ph1	nonantibody_chain
6ph7	nonantibody_chain
6pha	nonantibody_chain
6phd	cdr_similar
6phg	cdr_similar
6phh	cdr_similar
6phs	nonantibody_chain
6piq	nonantibody_chain
6pjb	nonantibody_chain
6pjc	nonantibody_chain
6pjd	nonantibody_chain
6pje	nonantibody_chain
6pjf	nonantibody_chain
6pjg	nonantibody_chain
6pjh	nonantibody_chain
6pji	nonantibody_chain
6pjk	nonantibody_chain
6pjl	nonantibody_chain
6pjm	nonantibody_chain
6pjn	nonantibody_chain
6pjo	nonantibody_chain
6pjx	nonantibody_chain
6pkj	nonantibody_chain
6pkk	nonantibody_chain
6pkl	nonantibody_chain
6pkm	nonantibody_chain
6pkn	nonantibody_chain
6pko	nonantibody_chain
6pkp	nonantibody_chain
6pkq	nonantibody_chain
6pkr	nonantibody_chain
6pks	nonantibody_chain
6pkt	nonantibody_chain
6pl1	nonantibody_chain
6pl2	nonantibody_chain
6pl3	nonantibody_chain
6pl4	nonantibody_chain
6pl9	nonantibody_chain
6pla	nonantibody_chain
6plb	nonantibody_chain
6plh	cdr_similar
6pli	nonantibody_chain
6pm7	nonantibody_chain
6pm8	nonantibody_chain
6pma	nonantibody_chain
6pmb	nonantibody_chain
6pmc	nonantibody_chain
6pme	nonantibody_chain
6pmf	nonantibody_chain
6pml	nonantibody_chain
6pmv	nonantibody_chain
6pmw	nonantibody_chain
6pmx	nonantibody_chain
6pmy	nonantibody_chain
6pmz	nonantibody_chain
6pn0	nonantibody_chain
6pn1	nonantibody_chain
6pn2	nonantibody_chain
6pn3	nonantibody_chain
6pn4	nonantibody_chain
6pn5	nonantibody_chain
6pn6	nonantibody_chain
6pn7	nonantibody_chain
6pn8	nonantibody_chain
6pn9	nonantibody_chain
6pnw	nonantibody_chain
6pnx	nonantibody_chain
6poh	nonantibody_chain
6poi	nonantibody_chain
6poq	nonantibody_chain
6pp9	nonantibody_chain
6pq0	nonantibody_chain
6pq3	nonantibody_chain
6pq4	nonantibody_chain
6pqk	nonantibody_chain
6pqz	nonantibody_chain
6pr0	nonantibody_chain
6pr1	nonantibody_chain
6pr2	nonantibody_chain
6pr3	nonantibody_chain
6pr4	nonantibody_chain
6pr6	nonantibody_chain
6pr7	nonantibody_chain
6pr8	nonantibody_chain
6pr9	nonantibody_chain
6pra	nonantibody_chain
6prb	nonantibody_chain
6prd	nonantibody_chain
6prf	nonantibody_chain
6prt	nonantibody_chain
6prz	nonantibody_chain
6ps0	nonantibody_chain
6ps1	nonantibody_chain
6ps2	nonantibody_chain
6ps3	nonantibody_chain
6ps4	nonantibody_chain
6ps5	nonantibody_chain
6ps6	nonantibody_chain
6ps7	nonantibody_chain
6ps9	nonantibody_chain
6psb	nonantibody_chain
6pt3	nonantibody_chain
6pt7	nonantibody_chain
6ptb	nonantibody_chain
6ptd	nonantibody_chain
6pth	nonantibody_chain
6ptp	nonantibody_chain
6pu4	nonantibody_chain
6pu5	nonantibody_chain
6pu8	nonantibody_chain
6pv9	nonantibody_chain
6pvu	nonantibody_chain
6pvv	nonantibody_chain
6pvw	nonantibody_chain
6pvx	nonantibody_chain
6pvy	nonantibody_chain
6pvz	nonantibody_chain
6px5	nonantibody_chain
6px6	nonantibody_chain
6pxf	nonantibody_chain
6pxj	nonantibody_chain
6pxq	nonantibody_chain
6pxr	cdr_similar
6py2	nonantibody_chain
6pyc	cdr_similar
6pyd	cdr_similar
6pyj	nonantibody_chain
6pyl	nonantibody_chain
6pys	nonantibody_chain
6pyv	nonantibody_chain
6pyw	nonantibody_chain
6pz4	nonantibody_chain
6pz5	nonantibody_chain
6pze	cdr_similar
6pzg	cdr_similar
6pzh	cdr_similar
6pzv	nonantibody_chain
6q00	nonantibody_chain
6q01	nonantibody_chain
6q0e	nonantibody_chain
6q0h	nonantibody_chain
6q0i	nonantibody_chain
6q0l	nonantibody_chain
6q0o	nonantibody_chain
6q18	nonantibody_chain
6q19	cdr_similar
6q1a	cdr_similar
6q1e	cdr_similar
6q1g	released_antibody_only
6q1j	cdr_similar
6q1k	cdr_similar
6q1u	nonantibody_chain
6q20	cdr_similar
6q21	nonantibody_chain
6q35	nonantibody_chain
6q38	nonantibody_chain
6q3b	nonantibody_chain
6q3c	nonantibody_chain
6q3f	nonantibody_chain
6q3k	nonantibody_chain
6q3s	nonantibody_chain
6q3y	nonantibody_chain
6q3z	nonantibody_chain
6q47	nonantibody_chain
6q48	nonantibody_chain
6q49	nonantibody_chain
6q4a	nonantibody_chain
6q4b	nonantibody_chain
6q4c	nonantibody_chain
6q4d	nonantibody_chain
6q4e	nonantibody_chain
6q4f	nonantibody_chain
6q4g	nonantibody_chain
6q4h	nonantibody_chain
6q4i	nonantibody_chain
6q4j	nonantibody_chain
6q4k	nonantibody_chain
6q4q	nonantibody_chain
6q52	nonantibody_chain
6q6f	nonantibody_chain
6q6t	nonantibody_chain
6q6u	nonantibody_chain
6q6v	nonantibody_chain
6q6z	released
6q7b	nonantibody_chain
6q7c	nonantibody_chain
6q7d	nonantibody_chain
6q7e	nonantibody_chain
6q7f	nonantibody_chain
6q7g	nonantibody_chain
6q88	nonantibody_chain
6q8r	nonantibody_chain
6q8s	nonantibody_chain
6q8t	nonantibody_chain
6q9t	nonantibody_chain
6qas	nonantibody_chain
6qau	nonantibody_chain
6qb3	nonantibody_chain
6qb4	nonantibody_chain
6qb6	nonantibody_chain
6qba	nonantibody_chain
6qbc	cdr_similar
6qbs	nonantibody_chain
6qbu	nonantibody_chain
6qc0	nonantibody_chain
6qcu	cdr_similar
6qdr	nonantibody_chain
6qds	nonantibody_chain
6qdt	nonantibody_chain
6qdu	nonantibody_chain
6qe8	nonantibody_chain
6qe9	nonantibody_chain
6qea	nonantibody_chain
6qen	nonantibody_chain
6qeo	nonantibody_chain
6qf1	nonantibody_chain
6qf4	nonantibody_chain
6qfc	nonantibody_chain
6qfe	nonantibody_chain
6qff	nonantibody_chain
6qfg	nonantibody_chain
6qfh	nonantibody_chain
6qfi	nonantibody_chain
6qfp	nonantibody_chain
6qfq	nonantibody_chain
6qfu	nonantibody_chain
6qfv	nonantibody_chain
6qfw	nonantibody_chain
6qfx	nonantibody_chain
6qgd	nonantibody_chain
6qgg	nonantibody_chain
6qgh	nonantibody_chain
6qgj	nonantibody_chain
6qgk	nonantibody_chain
6qgw	released
6qgx	released
6qgy	released
6qh3	nonantibody_chain
6qh9	nonantibody_chain
6qha	nonantibody_chain
6qhb	nonantibody_chain
6qhc	nonantibody_chain
6qhk	nonantibody_chain
6qhl	nonantibody_chain
6qhm	nonantibody_chain
6qi6	nonantibody_chain
6qi7	nonantibody_chain
6qih	nonantibody_chain
6qio	nonantibody_chain
6qip	nonantibody_chain
6qiu	nonantibody_chain
6qj7	nonantibody_chain
6qjd	nonantibody_chain
6qjf	nonantibody_chain
6qjg	nonantibody_chain
6qjj	nonantibody_chain
6qjk	nonantibody_chain
6qjl	nonantibody_chain
6qjn	nonantibody_chain
6qjq	nonantibody_chain
6qju	nonantibody_chain
6qk8	nonantibody_chain
6qk9	nonantibody_chain
6ql0	nonantibody_chain
6ql1	nonantibody_chain
6ql2	nonantibody_chain
6ql3	nonantibody_chain
6ql8	nonantibody_chain
6qlm	nonantibody_chain
6qlw	nonantibody_chain
6qlx	nonantibody_chain
6qm0	nonantibody_chain
6qmf	nonantibody_chain
6qmg	nonantibody_chain
6qmh	nonantibody_chain
6qmi	nonantibody_chain
6qml	nonantibody_chain
6qmn	nonantibody_chain
6qmo	nonantibody_chain
6qmt	nonantibody_chain
6qn2	nonantibody_chain
6qn4	nonantibody_chain
6qn5	nonantibody_chain
6qn6	nonantibody_chain
6qn7	released_antibody_only
6qn9	released_antibody_only
6qnb	nonantibody_chain
6qnk	cdr_similar
6qnn	nonantibody_chain
6qp5	nonantibody_chain
6qpd	nonantibody_chain
6qpe	nonantibody_chain
6qq3	nonantibody_chain
6qq8	nonantibody_chain
6qqa	nonantibody_chain
6qqb	nonantibody_chain
6qqc	nonantibody_chain
6qqd	nonantibody_chain
6qqe	nonantibody_chain
6qqf	nonantibody_chain
6qqm	nonantibody_chain
6qrn	nonantibody_chain
6qs5	nonantibody_chain
6qsl	nonantibody_chain
6qsm	nonantibody_chain
6qso	nonantibody_chain
6qtg	nonantibody_chain
6qtj	nonantibody_chain
6qtl	released_antibody_only
6qu9	released_antibody_only
6quh	nonantibody_chain
6qui	nonantibody_chain
6quj	nonantibody_chain
6qup	released
6qut	nonantibody_chain
6quu	nonantibody_chain
6quv	nonantibody_chain
6quw	nonantibody_chain
6qux	nonantibody_chain
6qw7	nonantibody_chain
6qw8	nonantibody_chain
6qw9	nonantibody_chain
6qwa	nonantibody_chain
6qwb	nonantibody_chain
6qwc	nonantibody_chain
6qwd	nonantibody_chain
6qwe	nonantibody_chain
6qww	nonantibody_chain
6qwx	nonantibody_chain
6qwy	nonantibody_chain
6qwz	nonantibody_chain
6qx0	nonantibody_chain
6qxj	nonantibody_chain
6qxn	nonantibody_chain
6qxv	nonantibody_chain
6qxw	nonantibody_chain
6qxx	nonantibody_chain
6qxy	nonantibody_chain
6qy0	nonantibody_chain
6qy1	nonantibody_chain
6qy2	nonantibody_chain
6qy4	nonantibody_chain
6qy5	nonantibody_chain
6qy6	nonantibody_chain
6qy7	nonantibody_chain
6qy9	nonantibody_chain
6qyk	nonantibody_chain
6qyl	nonantibody_chain
6qyn	nonantibody_chain
6qyo	nonantibody_chain
6qyp	nonantibody_chain
6qz5	nonantibody_chain
6qz6	nonantibody_chain
6qz7	nonantibody_chain
6qz8	nonantibody_chain
6qzb	nonantibody_chain
6qzs	nonantibody_chain
6r17	nonantibody_chain
6r2f	nonantibody_chain
6r2l	nonantibody_chain
6r2o	nonantibody_chain
6r2s	cdr_similar
6r2w	nonantibody_chain
6r3k	nonantibody_chain
6r3s	nonantibody_chain
6r3v	nonantibody_chain
6r49	nonantibody_chain
6r4a	nonantibody_chain
6r4b	nonantibody_chain
6r4c	nonantibody_chain
6r4d	nonantibody_chain
6r5l	nonantibody_chain
6r5m	nonantibody_chain
6r6f	nonantibody_chain
6r6j	nonantibody_chain
6r71	nonantibody_chain
6r7s	nonantibody_chain
6r7t	released
6r8l	nonantibody_chain
6r8o	nonantibody_chain
6r8w	nonantibody_chain
6r8x	nonantibody_chain
6r9s	nonantibody_chain
6r9u	nonantibody_chain
6r9x	nonantibody_chain
6ra1	nonantibody_chain
6ra5	nonantibody_chain
6ra7	nonantibody_chain
6rat	nonantibody_chain
6rb1	nonantibody_chain
6rb5	nonantibody_chain
6rbb	cdr_untransferred
6rcb	nonantibody_chain
6rcm	nonantibody_chain
6rco	cdr_similar
6rcq	cdr_similar
6rcs	cdr_similar
6rfe	nonantibody_chain
6rff	nonantibody_chain
6rfh	nonantibody_chain
6rfk	nonantibody_chain
6rg3	nonantibody_chain
6rg4	nonantibody_chain
6rg5	nonantibody_chain
6rgi	nonantibody_chain
6rh4	nonantibody_chain
6rhc	nonantibody_chain
6rhj	nonantibody_chain
6rhk	nonantibody_chain
6rhv	nonantibody_chain
6rhw	nonantibody_chain
6rig	nonantibody_chain
6rit	nonantibody_chain
6rjj	nonantibody_chain
6rjl	nonantibody_chain
6rjq	nonantibody_chain
6rjz	nonantibody_chain
6rk8	nonantibody_chain
6rk9	nonantibody_chain
6rki	nonantibody_chain
6rkk	nonantibody_chain
6rkm	nonantibody_chain
6rkn	nonantibody_chain
6rl3	nonantibody_chain
6rl4	nonantibody_chain
6rl6	nonantibody_chain
6rl9	nonantibody_chain
6rln	nonantibody_chain
6rlz	nonantibody_chain
6rm1	nonantibody_chain
6rm5	nonantibody_chain
6rm7	nonantibody_chain
6rmj	nonantibody_chain
6rmk	nonantibody_chain
6rmp	nonantibody_chain
6rmv	nonantibody_chain
6rmx	nonantibody_chain
6rmy	nonantibody_chain
6rn8	nonantibody_chain
6rna	nonantibody_chain
6rnb	nonantibody_chain
6rnc	nonantibody_chain
6rnj	nonantibody_chain
6rnk	released
6rnn	cdr_similar
6rnp	nonantibody_chain
6rnt	nonantibody_chain
6rnu	nonantibody_chain
6ro3	nonantibody_chain
6ro5	nonantibody_chain
6rob	nonantibody_chain
6rod	nonantibody_chain
6roe	nonantibody_chain
6rof	nonantibody_chain
6rot	nonantibody_chain
6rp5	nonantibody_chain
6rp6	nonantibody_chain
6rpa	nonantibody_chain
6rpg	nonantibody_chain
6rph	nonantibody_chain
6rpj	released
6rpq	nonantibody_chain
6rq7	nonantibody_chain
6rqi	nonantibody_chain
6rqm	released
6rqn	nonantibody_chain
6rqo	nonantibody_chain
6rqp	nonantibody_chain
6rqq	nonantibody_chain
6rqu	nonantibody_chain
6rqw	nonantibody_chain
6rrg	nonantibody_chain
6rri	nonantibody_chain
6rs5	nonantibody_chain
6rsa	nonantibody_chain
6rsi	nonantibody_chain
6rsj	nonantibody_chain
6rsk	nonantibody_chain
6rsl	nonantibody_chain
6rsz	nonantibody_chain
6rt1	nonantibody_chain
6rt3	nonantibody_chain
6rt9	nonantibody_chain
6rta	nonantibody_chain
6rtj	nonantibody_chain
6rtm	nonantibody_chain
6rto	nonantibody_chain
6rtq	nonantibody_chain
6rtw	released
6rty	released
6ru3	released_antibody_only
6rug	nonantibody_chain
6ruh	nonantibody_chain
6ruk	nonantibody_chain
6rul	cdr_untransferred
6rum	cdr_untransferred
6run	nonantibody_chain
6ruw	nonantibody_chain
6rvc	released
6rve	nonantibody_chain
6rvf	nonantibody_chain
6rvg	nonantibody_chain
6rvk	nonantibody_chain
6rvl	nonantibody_chain
6rw1	nonantibody_chain
6rwd	nonantibody_chain
6rwh	nonantibody_chain
6rwi	nonantibody_chain
6rwj	nonantibody_chain
6rwp	nonantibody_chain
6rwq	nonantibody_chain
6rwr	nonantibody_chain
6rws	nonantibody_chain
6rwu	nonantibody_chain
6rx2	nonantibody_chain
6rxi	nonantibody_chain
6rxq	nonantibody_chain
6rxr	nonantibody_chain
6rxs	nonantibody_chain
6ryt	nonantibody_chain
6rz3	nonantibody_chain
6rz4	nonantibody_chain
6rz5	nonantibody_chain
6rz6	nonantibody_chain
6rz7	nonantibody_chain
6rz8	nonantibody_chain
6rz9	nonantibody_chain
6rzp	nonantibody_chain
6rzx	nonantibody_chain
6s03	nonantibody_chain
6s0l	nonantibody_chain
6s0q	nonantibody_chain
6s0y	released
6s1r	nonantibody_chain
6s25	nonantibody_chain
6s2n	nonantibody_chain
6s39	nonantibody_chain
6s3c	nonantibody_chain
6s40	nonantibody_chain
6s4b	nonantibody_chain
6s5a	nonantibody_chain
6s5t	nonantibody_chain
6s63	nonantibody_chain
6s6c	nonantibody_chain
6s6k	nonantibody_chain
6s7n	nonantibody_chain
6s89	nonantibody_chain
6s8a	nonantibody_chain
6s8l	nonantibody_chain
6s8u	nonantibody_chain
6s8y	nonantibody_chain
6s92	nonantibody_chain
6s93	nonantibody_chain
6s94	nonantibody_chain
6s95	nonantibody_chain
6s96	nonantibody_chain
6s98	nonantibody_chain
6s9b	nonantibody_chain
6s9c	nonantibody_chain
6s9d	nonantibody_chain
6s9g	nonantibody_chain
6s9k	nonantibody_chain
6s9q	nonantibody_chain
6s9s	nonantibody_chain
6s9z	nonantibody_chain
6sa2	nonantibody_chain
6sa3	nonantibody_chain
6sac	nonantibody_chain
6sad	nonantibody_chain
6sah	nonantibody_chain
6saj	nonantibody_chain
6sas	nonantibody_chain
6say	nonantibody_chain
6sb7	nonantibody_chain
6sb8	nonantibody_chain
6sbh	nonantibody_chain
6sbi	nonantibody_chain
6sbj	nonantibody_chain
6sbl	nonantibody_chain
6sbm	nonantibody_chain
6sc5	nonantibody_chain
6sc6	nonantibody_chain
6sc7	nonantibody_chain
6sc8	nonantibody_chain
6sc9	nonantibody_chain
6scm	nonantibody_chain
6sd7	nonantibody_chain
6sdh	nonantibody_chain
6sdi	nonantibody_chain
6sdj	nonantibody_chain
6sdl	nonantibody_chain
6sds	nonantibody_chain
6sdt	nonantibody_chain
6se4	nonantibody_chain
6set	nonantibody_chain
6seu	nonantibody_chain
6sew	nonantibody_chain
6sex	nonantibody_chain
6sey	nonantibody_chain
6sez	nonantibody_chain
6sf6	cdr_similar
6sfb	nonantibody_chain
6sfc	nonantibody_chain
6sfe	nonantibody_chain
6sfg	nonantibody_chain
6sfh	nonantibody_chain
6sfq	nonantibody_chain
6sfr	nonantibody_chain
6sfu	nonantibody_chain
6sg0	nonantibody_chain
6sg6	nonantibody_chain
6sgd	nonantibody_chain
6sge	nonantibody_chain
6sgh	nonantibody_chain
6sgi	nonantibody_chain
6sgk	nonantibody_chain
6shg	cdr_similar
6shr	nonantibody_chain
6shs	nonantibody_chain
6shu	nonantibody_chain
6shz	nonantibody_chain
6si0	nonantibody_chain
6si1	nonantibody_chain
6si2	nonantibody_chain
6si3	nonantibody_chain
6si4	nonantibody_chain
6sij	nonantibody_chain
6sik	nonantibody_chain
6sil	nonantibody_chain
6sim	nonantibody_chain
6sin	nonantibody_chain
6sio	nonantibody_chain
6sip	nonantibody_chain
6siq	nonantibody_chain
6sis	nonantibody_chain
6siu	nonantibody_chain
6siv	nonantibody_chain
6sja	nonantibody_chain
6sk9	nonantibody_chain
6skb	nonantibody_chain
6skc	nonantibody_chain
6skd	nonantibody_chain
6sks	nonantibody_chain
6skt	nonantibody_chain
6skv	nonantibody_chain
6sl6	nonantibody_chain
6slo	nonantibody_chain
6slv	nonantibody_chain
6slw	nonantibody_chain
6slx	nonantibody_chain
6sm0	nonantibody_chain
6sm1	cdr_similar
6sm2	cdr_similar
6sm5	nonantibody_chain
6sma	nonantibody_chain
6snc	nonantibody_chain
6snd	nonantibody_chain
6snh	cdr_similar
6sni	cdr_similar
6snn	nonantibody_chain
6snx	nonantibody_chain
6sok	nonantibody_chain
6sos	nonantibody_chain
6sox	nonantibody_chain
6sp6	nonantibody_chain
6spm	nonantibody_chain
6sps	nonantibody_chain
6spu	nonantibody_chain
6spw	nonantibody_chain
6spx	nonantibody_chain
6spy	nonantibody_chain
6sq1	nonantibody_chain
6sqc	nonantibody_chain
6sqo	nonantibody_chain
6sqs	nonantibody_chain
6sr0	nonantibody_chain
6sr1	nonantibody_chain
6sr2	nonantibody_chain
6sr3	nonantibody_chain
6sr4	nonantibody_chain
6sr5	nonantibody_chain
6srh	nonantibody_chain
6ss7	nonantibody_chain
6ss8	nonantibody_chain
6ss9	nonantibody_chain
6ssb	nonantibody_chain
6ssz	nonantibody_chain
6st2	nonantibody_chain
6stj	nonantibody_chain
6sux	nonantibody_chain
6suy	nonantibody_chain
6suz	nonantibody_chain
6sv0	nonantibody_chain
6sv2	nonantibody_chain
6sv6	nonantibody_chain
6sv8	nonantibody_chain
6sv9	nonantibody_chain
6sva	nonantibody_chain
6svb	nonantibody_chain
6svd	nonantibody_chain
6svg	nonantibody_chain
6svi	nonantibody_chain
6svj	nonantibody_chain
6svn	nonantibody_chain
6svr	nonantibody_chain
6svu	nonantibody_chain
6svv	nonantibody_chain
6svw	nonantibody_chain
6svx	nonantibody_chain
6svz	nonantibody_chain
6sw0	nonantibody_chain
6swh	nonantibody_chain
6swm	nonantibody_chain
6sx9	nonantibody_chain
6sxi	cdr_similar
6sy3	nonantibody_chain
6syb	nonantibody_chain
6syc	nonantibody_chain
6syd	nonantibody_chain
6sye	nonantibody_chain
6syf	nonantibody_chain
6syh	nonantibody_chain
6sys	nonantibody_chain
6sze	nonantibody_chain
6szf	nonantibody_chain
6szj	nonantibody_chain
6szm	nonantibody_chain
6t0m	nonantibody_chain
6t0p	nonantibody_chain
6t2j	released_antibody_only
6t36	nonantibody_chain
6t39	nonantibody_chain
6t3a	nonantibody_chain
6t3b	nonantibody_chain
6t3c	nonantibody_chain
6t3f	released
6t3m	nonantibody_chain
6t3q	nonantibody_chain
6t3v	nonantibody_chain
6t41	nonantibody_chain
6t4a	nonantibody_chain
6t4n	nonantibody_chain
6t4o	nonantibody_chain
6t4p	nonantibody_chain
6t52	nonantibody_chain
6t53	nonantibody_chain
6t54	nonantibody_chain
6t55	nonantibody_chain
6t56	nonantibody_chain
6t57	nonantibody_chain
6t5b	nonantibody_chain
6t5c	nonantibody_chain
6t5f	nonantibody_chain
6t5h	nonantibody_chain
6t5s	nonantibody_chain
6t5u	nonantibody_chain
6t5v	nonantibody_chain
6t5w	nonantibody_chain
6t68	nonantibody_chain
6t69	nonantibody_chain
6t6c	nonantibody_chain
6t6f	nonantibody_chain
6t7f	nonantibody_chain
6t7h	nonantibody_chain
6t7p	nonantibody_chain
6t7u	nonantibody_chain
6t80	nonantibody_chain
6t89	nonantibody_chain
6t8a	nonantibody_chain
6t8n	nonantibody_chain
6t9t	nonantibody_chain
6t9u	nonantibody_chain
6t9v	nonantibody_chain
6t9z	nonantibody_chain
6tam	nonantibody_chain
6tan	nonantibody_chain
6tch	nonantibody_chain
6tcm	cdr_similar
6tcn	cdr_similar
6tco	cdr_similar
6tcq	cdr_similar
6tcr	cdr_similar
6tcu	nonantibody_chain
6td0	nonantibody_chain
6td1	nonantibody_chain
6tdo	nonantibody_chain
6tdp	nonantibody_chain
6tdq	nonantibody_chain
6tdr	nonantibody_chain
6tds	nonantibody_chain
6tdt	nonantibody_chain
6te1	nonantibody_chain
6te2	nonantibody_chain
6tei	nonantibody_chain
6tew	nonantibody_chain
6tfu	nonantibody_chain
6tfv	nonantibody_chain
6tfw	nonantibody_chain
6tfy	nonantibody_chain
6tfz	nonantibody_chain
6tg0	nonantibody_chain
6tg1	nonantibody_chain
6tgg	cdr_similar
6tgu	nonantibody_chain
6th7	nonantibody_chain
6tha	nonantibody_chain
6tj5	nonantibody_chain
6tj6	nonantibody_chain
6tj7	nonantibody_chain
6tjm	nonantibody_chain
6tjo	nonantibody_chain
6tkg	nonantibody_chain
6tkh	nonantibody_chain
6tki	nonantibody_chain
6tkj	nonantibody_chain
6tkl	nonantibody_chain
6tl3	nonantibody_chain
6tl5	nonantibody_chain
6tl6	nonantibody_chain
6tl7	nonantibody_chain
6tla	nonantibody_chain
6tlf	nonantibody_chain
6tlg	nonantibody_chain
6tll	nonantibody_chain
6tlo	nonantibody_chain
6tlp	nonantibody_chain
6tlr	nonantibody_chain
6tls	nonantibody_chain
6tlv	nonantibody_chain
6tlw	nonantibody_chain
6tm7	nonantibody_chain
6tmo	nonantibody_chain
6tn8	nonantibody_chain
6tpa	nonantibody_chain
6tqp	nonantibody_chain
6tqq	nonantibody_chain
6trj	nonantibody_chain
6trk	nonantibody_chain
6trn	nonantibody_chain
6tro	nonantibody_chain
6ts4	nonantibody_chain
6ts5	nonantibody_chain
6ts6	nonantibody_chain
6ts7	nonantibody_chain
6ts9	nonantibody_chain
6tun	nonantibody_chain
6tuv	nonantibody_chain
6tvl	nonantibody_chain
6tvy	nonantibody_chain
6tvz	nonantibody_chain
6twb	nonantibody_chain
6twc	nonantibody_chain
6tww	nonantibody_chain
6txb	nonantibody_chain
6txd	nonantibody_chain
6txg	nonantibody_chain
6ty6	nonantibody_chain
6tyb	nonantibody_chain
6tz7	nonantibody_chain
6tzc	nonantibody_chain
6u04	nonantibody_chain
6u06	nonantibody_chain
6u07	nonantibody_chain
6u09	nonantibody_chain
6u0b	nonantibody_chain
6u0c	nonantibody_chain
6u0d	nonantibody_chain
6u0e	nonantibody_chain
6u0f	nonantibody_chain
6u0w	nonantibody_chain
6u0x	nonantibody_chain
6u1m	nonantibody_chain
6u1t	cdr_similar
6u22	nonantibody_chain
6u26	nonantibody_chain
6u2g	nonantibody_chain
6u2m	nonantibody_chain
6u2n	nonantibody_chain
6u2p	nonantibody_chain
6u3a	nonantibody_chain
6u3b	nonantibody_chain
6u3d	nonantibody_chain
6u3n	nonantibody_chain
6u3x	nonantibody_chain
6u3z	released_antibody_only
6u4a	nonantibody_chain
6u4j	nonantibody_chain
6u4l	nonantibody_chain
6u4q	nonantibody_chain
6u4r	nonantibody_chain
6u4s	nonantibody_chain
6u4t	nonantibody_chain
6u4v	nonantibody_chain
6u4x	nonantibody_chain
6u51	nonantibody_chain
6u52	nonantibody_chain
6u53	cdr_similar
6u54	nonantibody_chain
6u55	nonantibody_chain
6u58	nonantibody_chain
6u5a	nonantibody_chain
6u5c	nonantibody_chain
6u5d	nonantibody_chain
6u5e	nonantibody_chain
6u5g	nonantibody_chain
6u5m	nonantibody_chain
6u5y	nonantibody_chain
6u61	nonantibody_chain
6u63	nonantibody_chain
6u64	nonantibody_chain
6u65	nonantibody_chain
6u67	nonantibody_chain
6u6f	nonantibody_chain
6u6k	nonantibody_chain
6u6l	nonantibody_chain
6u6u	cdr_similar
6u6w	nonantibody_chain
6u71	nonantibody_chain
6u72	nonantibody_chain
6u74	nonantibody_chain
6u7o	nonantibody_chain
6u7p	nonantibody_chain
6u80	nonantibody_chain
6u85	cdr_similar
6u87	nonantibody_chain
6u8b	nonantibody_chain
6u8c	nonantibody_chain
6u8g	nonantibody_chain
6u8h	nonantibody_chain
6u8i	nonantibody_chain
6u8l	nonantibody_chain
6u8m	nonantibody_chain
6u8o	nonantibody_chain
6u9l	nonantibody_chain
6u9u	released_antibody_only
6ua3	nonantibody_chain
6uab	nonantibody_chain
6uai	nonantibody_chain
6uao	nonantibody_chain
6ube	nonantibody_chain
6ubi	released
6uc5	cdr_similar
6uce	cdr_similar
6ucf	cdr_similar
6ucs	nonantibody_chain
6ud2	nonantibody_chain
6udi	nonantibody_chain
6udt	nonantibody_chain
6udu	nonantibody_chain
6udv	nonantibody_chain
6udx	nonantibody_chain
6udy	nonantibody_chain
6ufb	nonantibody_chain
6ufc	nonantibody_chain
6ufd	nonantibody_chain
6ufx	nonantibody_chain
6ug7	cdr_similar
6ug8	cdr_similar
6uga	cdr_similar
6ugn	nonantibody_chain
6ugo	nonantibody_chain
6ugp	nonantibody_chain
6ugq	nonantibody_chain
6ugr	nonantibody_chain
6ugs	released_antibody_only
6ugt	released_antibody_only
6ugu	released_antibody_only
6ugv	released_antibody_only
6ugw	nonantibody_chain
6ugx	nonantibody_chain
6ugy	nonantibody_chain
6ugz	nonantibody_chain
6uh0	nonantibody_chain
6uhj	nonantibody_chain
6uhk	nonantibody_chain
6uhl	nonantibody_chain
6uhm	nonantibody_chain
6uhn	nonantibody_chain
6uho	nonantibody_chain
6uhp	nonantibody_chain
6uhq	nonantibody_chain
6uhr	nonantibody_chain
6uhy	nonantibody_chain
6uhz	nonantibody_chain
6ui4	nonantibody_chain
6uif	nonantibody_chain
6uik	nonantibody_chain
6uj0	nonantibody_chain
6uj1	nonantibody_chain
6uj4	nonantibody_chain
6ujh	nonantibody_chain
6ujj	nonantibody_chain
6ujl	nonantibody_chain
6ujo	nonantibody_chain
6ujq	nonantibody_chain
6uk2	nonantibody_chain
6uk4	nonantibody_chain
6uka	nonantibody_chain
6ukc	nonantibody_chain
6ukj	cdr_untransferred
6ukm	nonantibody_chain
6uku	nonantibody_chain
6ukv	nonantibody_chain
6ukw	nonantibody_chain
6ukx	nonantibody_chain
6uky	nonantibody_chain
6ukz	nonantibody_chain
6ul0	nonantibody_chain
6ul3	nonantibody_chain
6ul8	nonantibody_chain
6ule	cdr_similar
6ulh	nonantibody_chain
6uli	nonantibody_chain
6ulk	nonantibody_chain
6uln	nonantibody_chain
6ulp	nonantibody_chain
6ulq	nonantibody_chain
6ulr	nonantibody_chain
6uls	nonantibody_chain
6ulu	nonantibody_chain
6ulv	nonantibody_chain
6umh	cdr_similar
6umi	cdr_similar
6umj	cdr_similar
6ump	nonantibody_chain
6ums	nonantibody_chain
6umt	nonantibody_chain
6umu	nonantibody_chain
6umv	nonantibody_chain
6umw	nonantibody_chain
6un4	nonantibody_chain
6unb	nonantibody_chain
6und	nonantibody_chain
6unf	nonantibody_chain
6uoe	cdr_similar
6uoz	nonantibody_chain
6up1	nonantibody_chain
6up5	nonantibody_chain
6up8	nonantibody_chain
6upa	nonantibody_chain
6upf	nonantibody_chain
6upj	nonantibody_chain
6upt	nonantibody_chain
6uqr	nonantibody_chain
6urb	nonantibody_chain
6urh	cdr_untransferred
6urw	nonantibody_chain
6urx	nonantibody_chain
6ury	nonantibody_chain
6usm	nonantibody_chain
6usx	nonantibody_chain
6usy	nonantibody_chain
6usz	nonantibody_chain
6ut0	nonantibody_chain
6uud	nonantibody_chain
6uuh	nonantibody_chain
6uul	released_antibody_only
6uum	released_antibody_only
6uuq	nonantibody_chain
6uur	nonantibody_chain
6uvj	nonantibody_chain
6uvm	nonantibody_chain
6uvo	nonantibody_chain
6uvp	nonantibody_chain
6uvv	nonantibody_chain
6uvy	nonantibody_chain
6uwb	nonantibody_chain
6uwc	nonantibody_chain
6uwp	nonantibody_chain
6uwu	nonantibody_chain
6uwv	nonantibody_chain
6uwx	nonantibody_chain
6ux1	nonantibody_chain
6ux6	nonantibody_chain
6ux8	nonantibody_chain
6uyf	cdr_similar
6uyg	nonantibody_chain
6uzk	nonantibody_chain
6uzm	nonantibody_chain
6uzn	nonantibody_chain
6uzo	nonantibody_chain
6uzp	nonantibody_chain
6uzq	nonantibody_chain
6uzs	nonantibody_chain
6uzu	nonantibody_chain
6v0u	nonantibody_chain
6v0y	nonantibody_chain
6v13	nonantibody_chain
6v15	nonantibody_chain
6v18	nonantibody_chain
6v19	nonantibody_chain
6v1a	nonantibody_chain
6v1j	nonantibody_chain
6v1k	nonantibody_chain
6v1l	nonantibody_chain
6v1u	nonantibody_chain
6v2o	nonantibody_chain
6v2p	nonantibody_chain
6v2q	nonantibody_chain
6v2u	nonantibody_chain
6v2v	nonantibody_chain
6v2w	nonantibody_chain
6v2x	nonantibody_chain
6v2y	nonantibody_chain
6v2z	nonantibody_chain
6v30	nonantibody_chain
6v31	nonantibody_chain
6v32	nonantibody_chain
6v34	nonantibody_chain
6v3j	nonantibody_chain
6v3n	nonantibody_chain
6v4q	released_antibody_only
6v4r	released_antibody_only
6v51	nonantibody_chain
6v5e	nonantibody_chain
6v5t	nonantibody_chain
6v5v	nonantibody_chain
6v64	nonantibody_chain
6v65	nonantibody_chain
6v6a	nonantibody_chain
6v6f	nonantibody_chain
6v6g	nonantibody_chain
6v6l	nonantibody_chain
6v6m	nonantibody_chain
6v6p	nonantibody_chain
6v6u	nonantibody_chain
6v6v	nonantibody_chain
6v7h	nonantibody_chain
6v7i	nonantibody_chain
6v7k	nonantibody_chain
6v7t	nonantibody_chain
6v7y	nonantibody_chain
6v7z	nonantibody_chain
6v83	nonantibody_chain
6v8r	nonantibody_chain
6v8v	nonantibody_chain
6v94	nonantibody_chain
6v9c	nonantibody_chain
6v9f	nonantibody_chain
6v9j	nonantibody_chain
6v9l	nonantibody_chain
6v9m	nonantibody_chain
6v9n	nonantibody_chain
6v9o	nonantibody_chain
6va5	nonantibody_chain
6vaj	nonantibody_chain
6vb0	nonantibody_chain
6vb1	nonantibody_chain
6vb2	nonantibody_chain
6vb3	nonantibody_chain
6vb4	nonantibody_chain
6vb5	nonantibody_chain
6vb6	nonantibody_chain
6vb7	nonantibody_chain
6vbo	nonantibody_chain
6vbx	nonantibody_chain
6vbz	nonantibody_chain
6vc8	nonantibody_chain
6vc9	cdr_similar
6vce	nonantibody_chain
6vct	nonantibody_chain
6vcu	nonantibody_chain
6vcv	nonantibody_chain
6ve5	nonantibody_chain
6veb	nonantibody_chain
6vei	nonantibody_chain
6vel	nonantibody_chain
6vgy	nonantibody_chain
6vgz	nonantibody_chain
6vh0	nonantibody_chain
6vh1	nonantibody_chain
6vh2	nonantibody_chain
6vh3	nonantibody_chain
6vh4	nonantibody_chain
6vh6	nonantibody_chain
6vh7	nonantibody_chain
6vha	nonantibody_chain
6vhl	nonantibody_chain
6vhn	nonantibody_chain
6vhp	nonantibody_chain
6vhs	nonantibody_chain
6vi2	released_antibody_only
6vi3	nonantibody_chain
6vi4	nonantibody_chain
6vip	nonantibody_chain
6viu	nonantibody_chain
6viw	nonantibody_chain
6vix	nonantibody_chain
6viy	nonantibody_chain
6viz	nonantibody_chain
6vj3	nonantibody_chain
6vjj	nonantibody_chain
6vjn	released
6vjt	released
6vkc	nonantibody_chain
6vkd	nonantibody_chain
6vke	nonantibody_chain
6vkf	nonantibody_chain
6vkg	nonantibody_chain
6vl9	cdr_similar
6vlu	nonantibody_chain
6vlv	nonantibody_chain
6vlw	released
6vm7	nonantibody_chain
6vm8	nonantibody_chain
6vm9	nonantibody_chain
6vma	nonantibody_chain
6vmc	nonantibody_chain
6vnu	nonantibody_chain
6vo5	nonantibody_chain
6vo7	nonantibody_chain
6vod	nonantibody_chain
6voe	nonantibody_chain
6vor	cdr_similar
6vos	cdr_similar
6vov	nonantibody_chain
6vpg	nonantibody_chain
6vph	nonantibody_chain
6vpi	nonantibody_chain
6vpj	nonantibody_chain
6vpl	nonantibody_chain
6vpm	nonantibody_chain
6vpy	cdr_similar
6vpz	nonantibody_chain
6vq2	nonantibody_chain
6vqd	nonantibody_chain
6vqe	nonantibody_chain
6vqm	nonantibody_chain
6vqn	nonantibody_chain
6vqy	nonantibody_chain
6vqz	nonantibody_chain
6vr1	nonantibody_chain
6vr5	nonantibody_chain
6vre	nonantibody_chain
6vrh	cdr_similar
6vrk	cdr_similar
6vrl	cdr_similar
6vrm	nonantibody_chain
6vrn	nonantibody_chain
6vrq	cdr_similar
6vrt	cdr_similar
6vrx	nonantibody_chain
6vry	released
6vsi	nonantibody_chain
6vsl	nonantibody_chain
6vsr	released_antibody_only
6vsz	nonantibody_chain
6vtc	nonantibody_chain
6vth	nonantibody_chain
6vtu	released_antibody_only
6vtw	cdr_similar
6vu2	cdr_similar
6vu5	nonantibody_chain
6vu8	nonantibody_chain
6vua	nonantibody_chain
6vub	nonantibody_chain
6vuc	nonantibody_chain
6vuf	nonantibody_chain
6vuj	nonantibody_chain
6vwc	nonantibody_chain
6vxy	nonantibody_chain
6vy5	nonantibody_chain
6vy6	nonantibody_chain
6vyh	cdr_similar
6vyo	nonantibody_chain
6vzk	nonantibody_chain
6w00	nonantibody_chain
6w05	released
6w0a	cdr_similar
6w0b	cdr_similar
6w0c	cdr_similar
6w0d	cdr_similar
6w0e	cdr_similar
6w0f	cdr_similar
6w0g	cdr_similar
6w0h	cdr_similar
6w0i	cdr_similar
6w0j	cdr_similar
6w0l	nonantibody_chain
6w16	nonantibody_chain
6w2a	nonantibody_chain
6w2b	cdr_similar
6w2c	cdr_similar
6w2z	nonantibody_chain
6w33	nonantibody_chain
6w34	nonantibody_chain
6w3h	nonantibody_chain
6w41	cdr_similar
6w4m	cdr_similar
6w4s	cdr_similar
6w4u	nonantibody_chain
6w4v	cdr_similar
6w4w	cdr_similar
6w4y	cdr_similar
6w50	nonantibody_chain
6w52	nonantibody_chain
6w58	nonantibody_chain
6w5a	cdr_similar
6w5d	released_antibody_only
6w63	nonantibody_chain
6w79	nonantibody_chain
6w7f	nonantibody_chain
6w7g	nonantibody_chain
6w7p	nonantibody_chain
6w7s	released
6w7y	cdr_similar
6w7z	nonantibody_chain
6w8e	nonantibody_chain
6w8h	nonantibody_chain
6w9a	nonantibody_chain
6w9d	nonantibody_chain
6w9s	nonantibody_chain
6w9w	nonantibody_chain
6wac	nonantibody_chain
6waq	released
6wav	nonantibody_chain
6wbh	nonantibody_chain
6wbj	nonantibody_chain
6wbv	cdr_similar
6wco	nonantibody_chain
6wcr	nonantibody_chain
6wcw	nonantibody_chain
6wex	nonantibody_chain
6wez	nonantibody_chain
6wf0	nonantibody_chain
6wf1	nonantibody_chain
6wfw	nonantibody_chain
6wfx	cdr_similar
6wfy	cdr_similar
6wfz	cdr_untransferred
6wg0	released
6wg1	cdr_untransferred
6wg2	cdr_similar
6wg8	cdr_similar
6wgb	cdr_similar
6wgh	nonantibody_chain
6wgl	cdr_similar
6wgn	nonantibody_chain
6wgp	nonantibody_chain
6wgr	nonantibody_chain
6wgx	nonantibody_chain
6whd	nonantibody_chain
6wik	cdr_similar
6wio	cdr_similar
6wip	nonantibody_chain
6wir	cdr_similar
6wiy	released_antibody_only
6wiz	nonantibody_chain
6wj0	released_antibody_only
6wj9	nonantibody_chain
6wja	nonantibody_chain
6wjb	nonantibody_chain
6wjm	nonantibody_chain
6wjq	nonantibody_chain
6wk5	nonantibody_chain
6wk8	nonantibody_chain
6wk9	nonantibody_chain
6wkp	nonantibody_chain
6wlx	nonantibody_chain
6wly	nonantibody_chain
6wn4	cdr_similar
6wnp	nonantibody_chain
6wny	nonantibody_chain
6wo3	cdr_similar
6wo4	cdr_similar
6wor	released_antibody_only
6wos	cdr_similar
6wp8	nonantibody_chain
6wq4	nonantibody_chain
6wq5	nonantibody_chain
6wq7	nonantibody_chain
6wq8	nonantibody_chain
6wq9	nonantibody_chain
6wqa	nonantibody_chain
6wqf	nonantibody_chain
6wrl	nonantibody_chain
6wrm	nonantibody_chain
6wt3	cdr_similar
6wtj	nonantibody_chain
6wtk	nonantibody_chain
6wtm	nonantibody_chain
6wtt	nonantibody_chain
6wtw	nonantibody_chain
6wu1	nonantibody_chain
6wu2	nonantibody_chain
6wu4	nonantibody_chain
6wve	nonantibody_chain
6ww2	nonantibody_chain
6ww8	nonantibody_chain
6wx5	nonantibody_chain
6wx7	nonantibody_chain
6wyr	cdr_similar
6wyt	cdr_similar
6wyu	nonantibody_chain
6wz0	nonantibody_chain
6wz1	nonantibody_chain
6wz2	nonantibody_chain
6wz3	nonantibody_chain
6wz7	nonantibody_chain
6wza	nonantibody_chain
6wzc	nonantibody_chain
6wzj	nonantibody_chain
6wzk	nonantibody_chain
6wzl	nonantibody_chain
6wzn	cdr_similar
6wzy	nonantibody_chain
6x00	nonantibody_chain
6x06	released
6x07	released
6x08	released
6x1g	nonantibody_chain
6x1u	released
6x1v	cdr_similar
6x1w	released
6x3i	nonantibody_chain
6x3r	nonantibody_chain
6x3y	nonantibody_chain
6x4g	cdr_untransferred
6x4m	nonantibody_chain
6x4n	nonantibody_chain
6x4o	nonantibody_chain
6x4p	nonantibody_chain
6x4q	nonantibody_chain
6x5e	cdr_similar
6x5g	nonantibody_chain
6x5j	nonantibody_chain
6x5l	nonantibody_chain
6x5p	nonantibody_chain
6x5q	nonantibody_chain
6x7b	nonantibody_chain
6x7c	nonantibody_chain
6x7d	nonantibody_chain
6x7e	nonantibody_chain
6x81	nonantibody_chain
6x82	nonantibody_chain
6x83	nonantibody_chain
6x85	nonantibody_chain
6x86	nonantibody_chain
6x8o	nonantibody_chain
6x8p	cdr_untransferred
6x8q	cdr_untransferred
6x8s	cdr_untransferred
6x8u	cdr_untransferred
6x8v	nonantibody_chain
6x8x	nonantibody_chain
6x9r	nonantibody_chain
6x9s	nonantibody_chain
6x9t	nonantibody_chain
6x9u	nonantibody_chain
6x9v	nonantibody_chain
6x9x	cdr_similar
6xa4	nonantibody_chain
6xaa	nonantibody_chain
6xb0	nonantibody_chain
6xb1	nonantibody_chain
6xb2	nonantibody_chain
6xbh	nonantibody_chain
6xbi	nonantibody_chain
6xbp	nonantibody_chain
6xbx	nonantibody_chain
6xbz	nonantibody_chain
6xc0	nonantibody_chain
6xc1	nonantibody_chain
6xca	cdr_similar
6xch	nonantibody_chain
6xcj	released
6xd3	nonantibody_chain
6xd5	nonantibody_chain
6xd7	nonantibody_chain
6xd8	nonantibody_chain
6xd9	nonantibody_chain
6xdl	nonantibody_chain
6xdt	nonantibody_chain
6xdu	nonantibody_chain
6xe1	cdr_similar
6xe4	nonantibody_chain
6xe7	nonantibody_chain
6xf0	nonantibody_chain
6xfn	nonantibody_chain
6xgu	nonantibody_chain
6xgv	nonantibody_chain
6xha	nonantibody_chain
6xhb	nonantibody_chain
6xhc	nonantibody_chain
6xhl	nonantibody_chain
6xhm	nonantibody_chain
6xhn	nonantibody_chain
6xho	nonantibody_chain
6xhu	nonantibody_chain
6xi7	nonantibody_chain
6xic	nonantibody_chain
6xie	nonantibody_chain
6xih	nonantibody_chain
6xj8	nonantibody_chain
6xk0	nonantibody_chain
6xka	nonantibody_chain
6xkf	nonantibody_chain
6xkh	nonantibody_chain
6xkq	released
6xkr	nonantibody_chain
6xl3	nonantibody_chain
6xmi	released
6xmk	nonantibody_chain
6xn6	nonantibody_chain
6xo3	nonantibody_chain
6xoe	nonantibody_chain
6xoj	nonantibody_chain
6xpa	nonantibody_chain
6xph	nonantibody_chain
6xpi	nonantibody_chain
6xpj	nonantibody_chain
6xpk	nonantibody_chain
6xpl	nonantibody_chain
6xqq	nonantibody_chain
6xqs	nonantibody_chain
6xqt	nonantibody_chain
6xqu	nonantibody_chain
6xr3	nonantibody_chain
6xrl	nonantibody_chain
6xrm	nonantibody_chain
6xsb	nonantibody_chain
6xsc	nonantibody_chain
6xse	nonantibody_chain
6xsf	nonantibody_chain
6xsg	nonantibody_chain
6xsh	nonantibody_chain
6xsi	nonantibody_chain
6xtg	cdr_similar
6xud	cdr_similar
6xuk	cdr_similar
6xuo	nonantibody_chain
6xuz	nonantibody_chain
6xv0	nonantibody_chain
6xv3	nonantibody_chain
6xv7	nonantibody_chain
6xvc	nonantibody_chain
6xve	nonantibody_chain
6xvh	nonantibody_chain
6xw2	nonantibody_chain
6xw4	released
6xw5	released
6xw6	released
6xwd	nonantibody_chain
6xws	nonantibody_chain
6xx0	nonantibody_chain
6xx9	nonantibody_chain
6xxc	nonantibody_chain
6xxn	released_antibody_only
6xxo	released_antibody_only
6xxp	released_antibody_only
6xxt	nonantibody_chain
6xy2	cdr_similar
6xy4	nonantibody_chain
6xy5	nonantibody_chain
6xyf	released_antibody_only
6xyg	nonantibody_chain
6xyk	nonantibody_chain
6xyr	nonantibody_chain
6xze	nonantibody_chain
6xzf	nonantibody_chain
6xzo	nonantibody_chain
6xzs	nonantibody_chain
6xzu	released
6xzw	released
6xzx	nonantibody_chain
6xzy	nonantibody_chain
6y00	nonantibody_chain
6y02	nonantibody_chain
6y05	nonantibody_chain
6y0a	nonantibody_chain
6y0b	nonantibody_chain
6y0e	cdr_similar
6y0h	nonantibody_chain
6y0j	nonantibody_chain
6y18	nonantibody_chain
6y1d	nonantibody_chain
6y1e	nonantibody_chain
6y1j	nonantibody_chain
6y1k	cdr_similar
6y1l	cdr_similar
6y1m	cdr_similar
6y1n	cdr_similar
6y1y	nonantibody_chain
6y26	nonantibody_chain
6y27	nonantibody_chain
6y28	nonantibody_chain
6y29	nonantibody_chain
6y2a	nonantibody_chain
6y2b	nonantibody_chain
6y2e	nonantibody_chain
6y2f	nonantibody_chain
6y2g	nonantibody_chain
6y2o	nonantibody_chain
6y2v	nonantibody_chain
6y2w	nonantibody_chain
6y3e	nonantibody_chain
6y3m	nonantibody_chain
6y3o	nonantibody_chain
6y3r	nonantibody_chain
6y3s	nonantibody_chain
6y3v	nonantibody_chain
6y3w	nonantibody_chain
6y40	nonantibody_chain
6y44	nonantibody_chain
6y49	cdr_similar
6y4k	nonantibody_chain
6y4o	nonantibody_chain
6y4p	nonantibody_chain
6y4s	nonantibody_chain
6y4y	nonantibody_chain
6y4z	nonantibody_chain
6y58	nonantibody_chain
6y5l	nonantibody_chain
6y5s	nonantibody_chain
6y5t	nonantibody_chain
6y6b	nonantibody_chain
6y6c	nonantibody_chain
6y6f	nonantibody_chain
6y6h	nonantibody_chain
6y6l	nonantibody_chain
6y74	nonantibody_chain
6y84	nonantibody_chain
6y8a	nonantibody_chain
6y8b	nonantibody_chain
6y8c	nonantibody_chain
6y8d	nonantibody_chain
6y8e	nonantibody_chain
6y97	nonantibody_chain
6y9a	nonantibody_chain
6y9r	nonantibody_chain
6y9s	nonantibody_chain
6yaw	nonantibody_chain
6yb7	nonantibody_chain
6ybf	nonantibody_chain
6ybg	nonantibody_chain
6ybi	nonantibody_chain
6ybj	nonantibody_chain
6ybk	nonantibody_chain
6ybl	nonantibody_chain
6ybm	nonantibody_chain
6ycb	nonantibody_chain
6ycc	nonantibody_chain
6ycd	nonantibody_chain
6ycr	nonantibody_chain
6yg9	nonantibody_chain
6ygj	nonantibody_chain
6yi7	nonantibody_chain
6yi8	nonantibody_chain
6yif	nonantibody_chain
6yih	nonantibody_chain
6yin	nonantibody_chain
6yio	cdr_similar
6yis	nonantibody_chain
6yit	nonantibody_chain
6yiu	nonantibody_chain
6yiv	nonantibody_chain
6yiw	nonantibody_chain
6yix	nonantibody_chain
6yiy	nonantibody_chain
6yj3	nonantibody_chain
6yjx	nonantibody_chain
6ykc	nonantibody_chain
6ykh	nonantibody_chain
6yl1	nonantibody_chain
6yl4	nonantibody_chain
6yl6	nonantibody_chain
6ylk	nonantibody_chain
6ylm	nonantibody_chain
6yln	nonantibody_chain
6ylo	nonantibody_chain
6ylp	nonantibody_chain
6ylq	nonantibody_chain
6ylr	nonantibody_chain
6yls	nonantibody_chain
6ylt	nonantibody_chain
6ylu	nonantibody_chain
6ylv	nonantibody_chain
6ym0	cdr_similar
6yma	nonantibody_chain
6ymb	nonantibody_chain
6yna	nonantibody_chain
6ynb	nonantibody_chain
6ync	nonantibody_chain
6ynq	nonantibody_chain
6ynr	nonantibody_chain
6ynt	nonantibody_chain
6yo1	nonantibody_chain
6yo2	nonantibody_chain
6yo4	nonantibody_chain
6yo7	nonantibody_chain
6yob	nonantibody_chain
6yoc	nonantibody_chain
6yod	nonantibody_chain
6yoe	nonantibody_chain
6yoi	nonantibody_chain
6yok	nonantibody_chain
6yol	nonantibody_chain
6yow	nonantibody_chain
6yox	nonantibody_chain
6yoy	nonantibody_chain
6yp2	nonantibody_chain
6yp3	nonantibody_chain
6yp8	nonantibody_chain
6ypg	nonantibody_chain
6ypk	nonantibody_chain
6ypl	nonantibody_chain
6ypn	nonantibody_chain
6yps	nonantibody_chain
6ypt	nonantibody_chain
6ypy	nonantibody_chain
6yq2	nonantibody_chain
6yqi	nonantibody_chain
6yqj	nonantibody_chain
6yqk	nonantibody_chain
6yqn	nonantibody_chain
6yqo	nonantibody_chain
6yqp	nonantibody_chain
6yqt	nonantibody_chain
6yqu	nonantibody_chain
6yr8	nonantibody_chain
6yt3	nonantibody_chain
6ytm	nonantibody_chain
6yu8	released
6yvf	nonantibody_chain
6ywc	cdr_similar
6ywd	cdr_similar
6yxw	nonantibody_chain
6yye	cdr_similar
6yz5	released
6yz6	nonantibody_chain
6yza	nonantibody_chain
6yzc	nonantibody_chain
6yzj	nonantibody_chain
6yzk	nonantibody_chain
6yzl	nonantibody_chain
6yzm	nonantibody_chain
6yzn	nonantibody_chain
6yzo	nonantibody_chain
6yzp	nonantibody_chain
6yzq	nonantibody_chain
6yzr	nonantibody_chain
6yzs	nonantibody_chain
6yzt	nonantibody_chain
6yzu	nonantibody_chain
6yzv	nonantibody_chain
6yzw	nonantibody_chain
6yzx	nonantibody_chain
6z04	nonantibody_chain
6z06	released
6z08	nonantibody_chain
6z10	released
6z1v	released
6z1z	released_antibody_only
6z20	released
6z21	nonantibody_chain
6z22	nonantibody_chain
6z23	nonantibody_chain
6z24	nonantibody_chain
6z25	nonantibody_chain
6z2l	cdr_similar
6z36	nonantibody_chain
6z3t	nonantibody_chain
6z44	nonantibody_chain
6z45	nonantibody_chain
6z4b	nonantibody_chain
6z4d	nonantibody_chain
6z4y	nonantibody_chain
6z7x	cdr_similar
6z7y	cdr_similar
6z7z	cdr_similar
6zci	nonantibody_chain
6zcj	nonantibody_chain
6zcz	released
6zd9	nonantibody_chain
6zdr	nonantibody_chain
6zdv	nonantibody_chain
6zdx	nonantibody_chain
6zef	nonantibody_chain
6zeg	nonantibody_chain
6zeh	nonantibody_chain
6zei	nonantibody_chain
6zfd	nonantibody_chain
6zfg	nonantibody_chain
6zfj	nonantibody_chain
6zfk	nonantibody_chain
6zfm	nonantibody_chain
6zio	nonantibody_chain
6zir	nonantibody_chain
6ziz	nonantibody_chain
6zj0	nonantibody_chain
6zj9	nonantibody_chain
6zjc	nonantibody_chain
6zjf	nonantibody_chain
6zk6	nonantibody_chain
6zl3	nonantibody_chain
6zl5	nonantibody_chain
6zl6	nonantibody_chain
6zld	nonantibody_chain
6zli	nonantibody_chain
6zlj	nonantibody_chain
6zmu	nonantibody_chain
6zmx	nonantibody_chain
6zmy	nonantibody_chain
6zn0	nonantibody_chain
6zov	nonantibody_chain
6zq3	nonantibody_chain
6zqt	nonantibody_chain
6zr5	nonantibody_chain
6zrn	nonantibody_chain
6zrt	nonantibody_chain
6zru	nonantibody_chain
6zrv	released
6zs2	nonantibody_chain
6zug	nonantibody_chain
6zuh	nonantibody_chain
6zun	nonantibody_chain
6zuu	nonantibody_chain
6zuw	nonantibody_chain
6zux	nonantibody_chain
6zv7	nonantibody_chain
6zv8	nonantibody_chain
721p	nonantibody_chain
7a1b	nonantibody_chain
7a1u	nonantibody_chain
7a1z	nonantibody_chain
7a21	nonantibody_chain
7a22	nonantibody_chain
7a2a	nonantibody_chain
7a2h	nonantibody_chain
7a49	nonantibody_chain
7a4b	nonantibody_chain
7a4c	nonantibody_chain
7a68	nonantibody_chain
7a70	nonantibody_chain
7a7k	nonantibody_chain
7a7l	nonantibody_chain
7a7m	nonantibody_chain
7a7n	nonantibody_chain
7a7o	nonantibody_chain
7a7p	nonantibody_chain
7a7q	nonantibody_chain
7a7r	nonantibody_chain
7a7s	nonantibody_chain
7a7t	nonantibody_chain
7a7u	nonantibody_chain
7a7v	nonantibody_chain
7a7w	nonantibody_chain
7a7x	nonantibody_chain
7a7y	nonantibody_chain
7a7z	nonantibody_chain
7a80	nonantibody_chain
7a81	nonantibody_chain
7a82	nonantibody_chain
7a83	nonantibody_chain
7a84	nonantibody_chain
7a85	nonantibody_chain
7a86	nonantibody_chain
7a87	nonantibody_chain
7a88	nonantibody_chain
7a89	nonantibody_chain
7a8a	nonantibody_chain
7a8b	nonantibody_chain
7a8c	nonantibody_chain
7a8d	nonantibody_chain
7a8e	nonantibody_chain
7a8f	nonantibody_chain
7a8g	nonantibody_chain
7a8h	nonantibody_chain
7a8i	nonantibody_chain
7a8j	nonantibody_chain
7a8k	nonantibody_chain
7a8l	nonantibody_chain
7a8m	nonantibody_chain
7a8n	nonantibody_chain
7a8o	nonantibody_chain
7aat	nonantibody_chain
7abu	nonantibody_chain
7aca	nonantibody_chain
7acf	nonantibody_chain
7ach	nonantibody_chain
7acq	nonantibody_chain
7adw	nonantibody_chain
7af0	nonantibody_chain
7afv	nonantibody_chain
7aga	nonantibody_chain
7ah1	cdr_similar
7aha	nonantibody_chain
7ajn	nonantibody_chain
7akg	nonantibody_chain
7aku	nonantibody_chain
7alh	nonantibody_chain
7ali	nonantibody_chain
7am3	nonantibody_chain
7am4	nonantibody_chain
7am5	nonantibody_chain
7am6	nonantibody_chain
7am7	nonantibody_chain
7am8	nonantibody_chain
7amj	nonantibody_chain
7ans	nonantibody_chain
7aol	nonantibody_chain
7ap6	nonantibody_chain
7api	nonantibody_chain
7aqi	nonantibody_chain
7aqj	nonantibody_chain
7ar5	nonantibody_chain
7ar6	nonantibody_chain
7arf	nonantibody_chain
7avd	nonantibody_chain
7awr	nonantibody_chain
7aws	nonantibody_chain
7awu	nonantibody_chain
7aww	nonantibody_chain
7ax6	nonantibody_chain
7axm	nonantibody_chain
7axo	nonantibody_chain
7ay7	nonantibody_chain
7ayh	nonantibody_chain
7ayi	nonantibody_chain
7ayl	nonantibody_chain
7ayn	nonantibody_chain
7ays	nonantibody_chain
7azb	released
7b30	nonantibody_chain
7b31	nonantibody_chain
7b32	nonantibody_chain
7b33	nonantibody_chain
7b34	nonantibody_chain
7b35	nonantibody_chain
7b36	nonantibody_chain
7b3e	nonantibody_chain
7b3j	nonantibody_chain
7b3k	nonantibody_chain
7b3o	cdr_similar
7b5o	nonantibody_chain
7b5q	nonantibody_chain
7b6f	nonantibody_chain
7b83	nonantibody_chain
7b8h	nonantibody_chain
7b8i	nonantibody_chain
7bbd	nonantibody_chain
7bp2	nonantibody_chain
7bp4	nonantibody_chain
7bp5	nonantibody_chain
7bp6	nonantibody_chain
7bqy	nonantibody_chain
7bqz	nonantibody_chain
7bra	nonantibody_chain
7bro	nonantibody_chain
7brp	nonantibody_chain
7brv	nonantibody_chain
7brw	nonantibody_chain
7brx	nonantibody_chain
7bry	nonantibody_chain
7brz	nonantibody_chain
7bs0	nonantibody_chain
7bs1	nonantibody_chain
7bs2	nonantibody_chain
7bs3	nonantibody_chain
7bs4	nonantibody_chain
7bs5	nonantibody_chain
7bs6	nonantibody_chain
7bs7	nonantibody_chain
7bs8	nonantibody_chain
7bs9	nonantibody_chain
7bsa	nonantibody_chain
7bsc	nonantibody_chain
7bsd	nonantibody_chain
7btg	nonantibody_chain
7bts	cdr_similar
7bu0	nonantibody_chain
7bu6	cdr_similar
7bu7	cdr_similar
7buy	nonantibody_chain
7bv4	nonantibody_chain
7bvm	nonantibody_chain
7bvo	nonantibody_chain
7bvv	nonantibody_chain
7bwj	cdr_similar
7bxg	nonantibody_chain
7bz2	nonantibody_chain
7bz5	cdr_similar
7bzd	nonantibody_chain
7bze	nonantibody_chain
7bzk	nonantibody_chain
7c02	nonantibody_chain
7c09	nonantibody_chain
7c0p	nonantibody_chain
7c28	nonantibody_chain
7c2b	nonantibody_chain
7c2q	nonantibody_chain
7c2y	nonantibody_chain
7c37	nonantibody_chain
7c38	nonantibody_chain
7c39	nonantibody_chain
7c3c	nonantibody_chain
7c3d	nonantibody_chain
7c61	nonantibody_chain
7c62	nonantibody_chain
7c65	nonantibody_chain
7c6a	nonantibody_chain
7c6s	nonantibody_chain
7c6u	nonantibody_chain
7c7p	nonantibody_chain
7c7x	nonantibody_chain
7c8b	nonantibody_chain
7c8r	nonantibody_chain
7c8t	nonantibody_chain
7c8u	nonantibody_chain
7c8v	released
7c8w	released
7c94	cdr_similar
7c95	cdr_similar
7ca2	nonantibody_chain
7ca4	nonantibody_chain
7cah	cdr_similar
7can	released
7cap	nonantibody_chain
7cat	nonantibody_chain
7cbk	nonantibody_chain
7cbt	nonantibody_chain
7cce	nonantibody_chain
7ccu	nonantibody_chain
7ccv	nonantibody_chain
7ccw	nonantibody_chain
7cd7	nonantibody_chain
7cd8	nonantibody_chain
7cdi	cdr_similar
7cdj	cdr_similar
7cdz	nonantibody_chain
7ch4	released
7ch5	released
7chb	cdr_similar
7chy	released
7chz	released
7cjf	cdr_similar
7cjq	nonantibody_chain
7cjz	nonantibody_chain
7cm4	cdr_similar
7cml	nonantibody_chain
7cmr	nonantibody_chain
7cn7	nonantibody_chain
7cna	nonantibody_chain
7com	nonantibody_chain
7cpo	nonantibody_chain
7csn	nonantibody_chain
7cu5	nonantibody_chain
7cuy	nonantibody_chain
7cvj	nonantibody_chain
7cvl	nonantibody_chain
7cwb	nonantibody_chain
7cwc	nonantibody_chain
7cx9	nonantibody_chain
7d0w	nonantibody_chain
7d1m	nonantibody_chain
7d1o	nonantibody_chain
7d2z	released
7d30	released
7d3i	nonantibody_chain
7d76	nonantibody_chain
7dc7	cdr_similar
7dfm	nonantibody_chain
7dfn	nonantibody_chain
7dfp	cdr_similar
7dfr	nonantibody_chain
7dgj	nonantibody_chain
7dgk	nonantibody_chain
7dgl	nonantibody_chain
7dgm	nonantibody_chain
7dgn	nonantibody_chain
7dgo	nonantibody_chain
7dhl	nonantibody_chain
7dhr	nonantibody_chain
7dm2	cdr_similar
7dno	nonantibody_chain
7doo	nonantibody_chain
7dtb	nonantibody_chain
7dtf	nonantibody_chain
7e02	nonantibody_chain
7enl	nonantibody_chain
7est	nonantibody_chain
7fab	cdr_similar
7gsp	nonantibody_chain
7gss	nonantibody_chain
7hvp	nonantibody_chain
7jfq	nonantibody_chain
7jhp	nonantibody_chain
7ji2	nonantibody_chain
7jic	nonantibody_chain
7jjl	nonantibody_chain
7jjm	nonantibody_chain
7jjq	nonantibody_chain
7jk7	nonantibody_chain
7jkb	released_antibody_only
7jkv	nonantibody_chain
7jl7	nonantibody_chain
7jmo	cdr_similar
7jmp	cdr_similar
7jms	nonantibody_chain
7jmu	nonantibody_chain
7jmw	cdr_similar
7jmx	cdr_similar
7jn5	cdr_similar
7jnr	nonantibody_chain
7jnv	nonantibody_chain
7jnw	nonantibody_chain
7jnx	nonantibody_chain
7jnz	nonantibody_chain
7jo0	nonantibody_chain
7jo1	nonantibody_chain
7jo2	nonantibody_chain
7jo3	nonantibody_chain
7jo8	cdr_similar
7job	nonantibody_chain
7joc	nonantibody_chain
7jou	nonantibody_chain
7joy	nonantibody_chain
7jp1	nonantibody_chain
7jp4	nonantibody_chain
7jpy	nonantibody_chain
7jpz	nonantibody_chain
7jq0	nonantibody_chain
7jq1	nonantibody_chain
7jq2	nonantibody_chain
7jq3	nonantibody_chain
7jq4	nonantibody_chain
7jq5	nonantibody_chain
7jr3	nonantibody_chain
7jr4	nonantibody_chain
7jra	nonantibody_chain
7jsy	nonantibody_chain
7ju7	nonantibody_chain
7jun	nonantibody_chain
7juq	nonantibody_chain
7jur	nonantibody_chain
7jus	nonantibody_chain
7jut	nonantibody_chain
7juu	nonantibody_chain
7juv	nonantibody_chain
7juw	nonantibody_chain
7jux	nonantibody_chain
7juy	nonantibody_chain
7juz	nonantibody_chain
7jv0	nonantibody_chain
7jv1	nonantibody_chain
7jv7	nonantibody_chain
7jvb	released
7jvo	nonantibody_chain
7jvz	nonantibody_chain
7jwn	nonantibody_chain
7jx7	nonantibody_chain
7jxc	cdr_similar
7jxd	cdr_similar
7jxe	cdr_similar
7jxz	nonantibody_chain
7jy0	nonantibody_chain
7jy1	nonantibody_chain
7jy3	nonantibody_chain
7jy4	nonantibody_chain
7jyc	nonantibody_chain
7jyr	nonantibody_chain
7jys	nonantibody_chain
7jyt	nonantibody_chain
7jzm	nonantibody_chain
7jzu	nonantibody_chain
7k0f	nonantibody_chain
7k2w	nonantibody_chain
7k2y	nonantibody_chain
7k3q	cdr_similar
7k3t	nonantibody_chain
7k40	nonantibody_chain
7k6d	nonantibody_chain
7k6e	nonantibody_chain
7k6i	nonantibody_chain
7k6j	nonantibody_chain
7k6k	nonantibody_chain
7k6l	nonantibody_chain
7k6m	nonantibody_chain
7k6n	nonantibody_chain
7k6o	nonantibody_chain
7k6t	nonantibody_chain
7k6u	nonantibody_chain
7k6x	nonantibody_chain
7k6z	nonantibody_chain
7k81	nonantibody_chain
7k84	released
7k8m	cdr_similar
7k8n	cdr_similar
7k8o	cdr_similar
7k8p	cdr_similar
7k8q	cdr_similar
7k8r	cdr_similar
7kac	nonantibody_chain
7kfi	nonantibody_chain
7kfx	cdr_similar
7kfy	cdr_similar
7kgj	released
7kgk	released
7kgl	released_antibody_only
7kgo	nonantibody_chain
7kgp	nonantibody_chain
7kgq	nonantibody_chain
7kgr	nonantibody_chain
7kgs	nonantibody_chain
7kgt	nonantibody_chain
7khp	nonantibody_chain
7kia	nonantibody_chain
7kie	nonantibody_chain
7kjh	released
7kji	released
7kkj	released_antibody_only
7kl0	nonantibody_chain
7kl1	nonantibody_chain
7kl2	nonantibody_chain
7kl4	nonantibody_chain
7klw	released
7kme	nonantibody_chain
7kmh	cdr_similar
7kmi	cdr_similar
7kn1	nonantibody_chain
7kn5	released
7kn6	cdr_similar
7kn7	cdr_similar
7kot	nonantibody_chain
7kp7	nonantibody_chain
7kp8	nonantibody_chain
7kp9	nonantibody_chain
7kpa	nonantibody_chain
7kpg	nonantibody_chain
7kph	nonantibody_chain
7kqa	nonantibody_chain
7kqg	nonantibody_chain
7kqi	nonantibody_chain
7ktt	nonantibody_chain
7ktu	nonantibody_chain
7ktv	nonantibody_chain
7ktw	nonantibody_chain
7kvg	nonantibody_chain
7kvl	nonantibody_chain
7kvr	nonantibody_chain
7kx5	nonantibody_chain
7kyu	nonantibody_chain
7kzb	released
7l0d	nonantibody_chain
7l0p	nonantibody_chain
7l0r	nonantibody_chain
7l3u	nonantibody_chain
7l3y	nonantibody_chain
7l5b	cdr_similar
7l5d	nonantibody_chain
7l6m	released_antibody_only
7l84	nonantibody_chain
7l9q	nonantibody_chain
7l9s	nonantibody_chain
7l9t	nonantibody_chain
7l9w	nonantibody_chain
7l9z	nonantibody_chain
7la0	nonantibody_chain
7la3	nonantibody_chain
7lav	nonantibody_chain
7lax	nonantibody_chain
7lb7	nonantibody_chain
7lb9	nonantibody_chain
7lbh	nonantibody_chain
7lbi	nonantibody_chain
7lbl	nonantibody_chain
7lcx	nonantibody_chain
7ld6	nonantibody_chain
7ld7	nonantibody_chain
7ldb	nonantibody_chain
7ldi	nonantibody_chain
7ldm	nonantibody_chain
7ldo	nonantibody_chain
7ldx	nonantibody_chain
7lf5	nonantibody_chain
7lf9	nonantibody_chain
7lfe	nonantibody_chain
7lfn	nonantibody_chain
7lfp	nonantibody_chain
7lfz	nonantibody_chain
7lg0	nonantibody_chain
7lg2	nonantibody_chain
7lg3	nonantibody_chain
7lg4	nonantibody_chain
7lkr	nonantibody_chain
7lks	nonantibody_chain
7lkt	nonantibody_chain
7lku	nonantibody_chain
7lkv	nonantibody_chain
7lkw	nonantibody_chain
7lkx	nonantibody_chain
7ll8	nonantibody_chain
7lmk	nonantibody_chain
7lmm	nonantibody_chain
7lyz	nonantibody_chain
7lzm	nonantibody_chain
7nfw	nonantibody_chain
7nse	nonantibody_chain
7ptd	nonantibody_chain
7pti	nonantibody_chain
7rat	nonantibody_chain
7rnt	nonantibody_chain
7tim	nonantibody_chain
7upj	nonantibody_chain
821p	nonantibody_chain
8aat	nonantibody_chain
8api	nonantibody_chain
8ca2	nonantibody_chain
8cat	nonantibody_chain
8dfr	nonantibody_chain
8est	nonantibody_chain
8gss	nonantibody_chain
8hvp	nonantibody_chain
8kme	nonantibody_chain
8lyz	nonantibody_chain
8nse	nonantibody_chain
8pch	nonantibody_chain
8pti	nonantibody_chain
8rat	nonantibody_chain
8rnt	nonantibody_chain
8rsa	nonantibody_chain
8tim	nonantibody_chain
9aat	nonantibody_chain
9api	nonantibody_chain
9ca2	nonantibody_chain
9est	nonantibody_chain
9gss	nonantibody_chain
9hvp	nonantibody_chain
9lyz	nonantibody_chain
9nse	nonantibody_chain
9pap	nonantibody_chain
9pti	nonantibody_chain
9rsa	nonantibody_chain
